READY 1789070649.9750073
SAMPLE 0.7 {"ego": {"x": 859.5375366210938, "y": -1.5829023122787476, "z": 55.00310134887695, "heading": 0.9851131439208984, "speed": 0.0}, "cap": null, "state": null, "cmd": null, "route": [], "light": null, "path_n": null, "path_age": 0.6836001690026023, "end": null, "cells": [[5103, 29001, "30.0 m/s"], [5104, 29001, "30.0 m/s"], [5101, 29001, "30.0 m/s"], [5102, 29001, "30.0 m/s"]]}
STATE 2.97 state=STOP_NO_LOCAL_PATH solver_success=0 solve_ms=0 output_enabled=1 reset_detected=0
ROUTE 3.07 [29001, 29168, 29439, 32840, 32974, 33068, 33348, 99175, 96120, 96205, 96736, 98402] n 62
SAMPLE 5.2 {"ego": {"x": 859.5375366210938, "y": -1.5829023122787476, "z": 55.00310134887695, "heading": 0.9851131439208984, "speed": 0.0}, "cap": 30.0, "state": "state=STOP_NO_LOCAL_PATH", "cmd": {"steering": 0.0, "accel": -3.0}, "route": [29001, 29168, 29439, 32840, 32974], "light": [143, 5], "path_n": null, "path_age": 5.183358610003779, "end": null, "cells": [[5103, 29001, "30.0 m/s"], [5104, 29001, "30.0 m/s"], [5101, 29001, "30.0 m/s"], [5102, 29001, "30.0 m/s"]]}
SAMPLE 5.7 {"ego": {"x": 859.5375366210938, "y": -1.5829023122787476, "z": 55.00310134887695, "heading": 0.9851131439208984, "speed": 0.0}, "cap": 30.0, "state": "state=STOP_NO_LOCAL_PATH", "cmd": {"steering": 0.0, "accel": -3.0}, "route": [29001, 29168, 29439, 32840, 32974], "light": [143, 5], "path_n": null, "path_age": 5.683393773004354, "end": null, "cells": [[5103, 29001, "30.0 m/s"], [5104, 29001, "30.0 m/s"], [5101, 29001, "30.0 m/s"], [5102, 29001, "30.0 m/s"]]}
SAMPLE 10.2 {"ego": {"x": 859.5375366210938, "y": -1.5829023122787476, "z": 55.00310134887695, "heading": 0.9851131439208984, "speed": 0.0}, "cap": 30.0, "state": "state=STOP_NO_LOCAL_PATH", "cmd": {"steering": 0.0, "accel": -3.0}, "route": [29001, 29168, 29439, 32840, 32974], "light": [143, 5], "path_n": null, "path_age": 10.183343386997876, "end": null, "cells": [[5103, 29001, "30.0 m/s"], [5104, 29001, "30.0 m/s"], [5101, 29001, "30.0 m/s"], [5102, 29001, "30.0 m/s"]]}
SAMPLE 10.7 {"ego": {"x": 859.5375366210938, "y": -1.5829023122787476, "z": 55.00310134887695, "heading": 0.9851131439208984, "speed": 0.0}, "cap": 30.0, "state": "state=STOP_NO_LOCAL_PATH", "cmd": {"steering": 0.0, "accel": -3.0}, "route": [29001, 29168, 29439, 32840, 32974], "light": [143, 5], "path_n": null, "path_age": 10.683463200002734, "end": null, "cells": [[5103, 29001, "30.0 m/s"], [5104, 29001, "30.0 m/s"], [5101, 29001, "30.0 m/s"], [5102, 29001, "30.0 m/s"]]}
SAMPLE 15.2 {"ego": {"x": 859.5375366210938, "y": -1.5829023122787476, "z": 55.00310134887695, "heading": 0.9851131439208984, "speed": 0.0}, "cap": 30.0, "state": "state=STOP_NO_LOCAL_PATH", "cmd": {"steering": 0.0, "accel": -3.0}, "route": [29001, 29168, 29439, 32840, 32974], "light": [143, 5], "path_n": null, "path_age": 15.183413364000444, "end": null, "cells": [[5103, 29001, "30.0 m/s"], [5104, 29001, "30.0 m/s"], [5101, 29001, "30.0 m/s"], [5102, 29001, "30.0 m/s"]]}
SAMPLE 15.7 {"ego": {"x": 859.5375366210938, "y": -1.5829023122787476, "z": 55.00310134887695, "heading": 0.9851131439208984, "speed": 0.0}, "cap": 30.0, "state": "state=STOP_NO_LOCAL_PATH", "cmd": {"steering": 0.0, "accel": -3.0}, "route": [29001, 29168, 29439, 32840, 32974], "light": [143, 5], "path_n": null, "path_age": 15.683602028002497, "end": null, "cells": [[5103, 29001, "30.0 m/s"], [5104, 29001, "30.0 m/s"], [5101, 29001, "30.0 m/s"], [5102, 29001, "30.0 m/s"]]}
STATE 17.82 state=FORWARD_STALE_EGO solver_success=0 solve_ms=0 output_enabled=1 reset_detected=0
STATE 19.92 state=STOP_NO_LOCAL_PATH solver_success=0 solve_ms=0 output_enabled=1 reset_detected=1
ROUTE 19.97 [57627, 69928, 34407, 69067, 27123, 27224, 27227, 28004, 28075, 28078, 29001, 29168] n 72
STATE 20.07 state=ACTIVE solver_success=1 solve_ms=0.002585 output_enabled=1 reset_detected=0
SAMPLE 20.2 {"ego": {"x": 508.7996826171875, "y": -168.28765869140625, "z": 42.0, "heading": 0.5161694288253784, "speed": 0.0}, "cap": 8.0, "state": "state=ACTIVE", "cmd": {"steering": 0.0, "accel": 0.44999998807907104}, "route": [57627, 69928, 34407, 69067, 27123], "light": [27, 5], "path_n": 92, "path_age": 0.0027697479963535443, "end": [547.0497137359009, -147.36258622252984], "cells": [[10902, 57627, "8.0 m/s"], [10900, 57627, "8.0 m/s"], [10899, 57627, "8.0 m/s"], [10901, 57627, "8.0 m/s"], [10898, 57627, "8.0 m/s"], [10903, 57627, "8.0 m/s"]]}
SAMPLE 20.7 {"ego": {"x": 508.8595275878906, "y": -168.2537078857422, "z": 41.99633026123047, "heading": 0.5161693096160889, "speed": 0.3551104962825775}, "cap": 8.0, "state": "state=ACTIVE", "cmd": {"steering": -1.9076536773354746e-05, "accel": 1.9500000476837158}, "route": [57627, 69928, 34407, 69067, 27123], "light": [27, 5], "path_n": 96, "path_age": 0.0010626980001688935, "end": [548.3525786621203, -146.64122093989587], "cells": [[10902, 57627, "8.0 m/s"], [10900, 57627, "8.0 m/s"], [10899, 57627, "8.0 m/s"], [10901, 57627, "8.0 m/s"], [10898, 57627, "8.0 m/s"], [10903, 57627, "8.0 m/s"]]}
SAMPLE 25.2 {"ego": {"x": 527.829345703125, "y": -157.89584350585938, "z": 41.9951057434082, "heading": 0.5041037797927856, "speed": 9.271461486816406}, "cap": 30.0, "state": "state=ACTIVE", "cmd": {"steering": 0.006542789284139872, "accel": 2.0}, "route": [57627, 69928, 34407, 69067, 27123], "light": [0, 0], "path_n": 83, "path_age": 0.00443992799409898, "end": [562.5852718884859, -138.88146413646098], "cells": [[12750, 69928, "30.0 m/s"], [12749, 69928, "30.0 m/s"], [12748, 69928, "30.0 m/s"], [12751, 69928, "30.0 m/s"], [12752, 69928, "30.0 m/s"], [12753, 69928, "30.0 m/s"]]}
STATE 25.67 state=FORWARD_MPC_FAILURE:MPC iteration limit reached solver_success=0 solve_ms=0 output_enabled=1 reset_detected=0
SAMPLE 25.7 {"ego": {"x": 532.3012084960938, "y": -155.42617797851562, "z": 41.9951057434082, "heading": 0.5041078925132751, "speed": 10.326183319091797}, "cap": 30.0, "state": "state=FORWARD_MPC_FAILURE:MPC", "cmd": {"steering": 0.0, "accel": 1.850000023841858}, "route": [57627, 69928, 34407, 69067, 27123], "light": [0, 0], "path_n": 78, "path_age": 0.008488530998874921, "end": [562.8385944393132, -138.7521385693872], "cells": [[12757, 69928, "30.0 m/s"], [12756, 69928, "30.0 m/s"], [12754, 69928, "30.0 m/s"], [93645, 535232, "30.0 m/s"], [93646, 535232, "30.0 m/s"], [12755, 69928, "30.0 m/s"], [93647, 535232, "30.0 m/s"], [12758, 69928, "30.0 m/s"], [93644, 535232, "30.0 m/s"], [93643, 535232, "30.0 m/s"], [12753, 69928, "30.0 m/s"]]}
STATE 27.27 state=ACTIVE solver_success=1 solve_ms=0.009999 output_enabled=1 reset_detected=0
STATE 28.67 state=ACTIVE_SHORT_PATH solver_success=1 solve_ms=0.002215 output_enabled=1 reset_detected=0
ROUTE 29.2 [34407, 69067, 27123, 27224, 27227, 28004, 28075, 28078, 29001, 29168, 29439, 32840] n 70
STATE 29.27 state=ACTIVE solver_success=1 solve_ms=0.012313 output_enabled=1 reset_detected=0
SAMPLE 30.2 {"ego": {"x": 569.9761352539062, "y": -135.278564453125, "z": 42.050479888916016, "heading": 0.42539554834365845, "speed": 7.356664657592773}, "cap": 30.0, "state": "state=ACTIVE", "cmd": {"steering": -0.004391435068100691, "accel": -1.25383722782135}, "route": [34407, 69067, 27123, 27224, 27227], "light": [136, 3], "path_n": 123, "path_age": 0.0472243839976727, "end": [623.562183210037, -111.18324766606685], "cells": [[6366, 34407, "30.0 m/s"], [6365, 34407, "30.0 m/s"], [6367, 34407, "30.0 m/s"], [6368, 34407, "30.0 m/s"], [6369, 34407, "30.0 m/s"], [6370, 34407, "30.0 m/s"]]}
SAMPLE 30.7 {"ego": {"x": 573.3113403320312, "y": -133.76513671875, "z": 42.18450927734375, "heading": 0.4312008023262024, "speed": 6.7864556312561035}, "cap": 30.0, "state": "state=ACTIVE", "cmd": {"steering": 0.02560647949576378, "accel": -0.31748515367507935}, "route": [34407, 69067, 27123, 27224, 27227], "light": [136, 3], "path_n": 117, "path_age": 0.04684225500386674, "end": [624.9417872437205, -110.6229393792141], "cells": [[6369, 34407, "30.0 m/s"], [6371, 34407, "30.0 m/s"], [6370, 34407, "30.0 m/s"], [6372, 34407, "30.0 m/s"], [6373, 34407, "30.0 m/s"], [6374, 34407, "30.0 m/s"]]}
SAMPLE 35.2 {"ego": {"x": 602.0123901367188, "y": -120.59933471679688, "z": 45.266273498535156, "heading": 0.40073147416114807, "speed": 7.332281112670898}, "cap": 8.0, "state": "state=ACTIVE", "cmd": {"steering": 0.005643140058964491, "accel": -0.11779946833848953}, "route": [34407, 69067, 27123, 27224, 27227], "light": [136, 2], "path_n": 74, "path_age": 0.03963023499818519, "end": [634.1139080688855, -107.41644832463301], "cells": [[6401, 34407, "8.0 m/s"], [6402, 34407, "8.0 m/s"], [6403, 34407, "8.0 m/s"], [6404, 34407, "8.0 m/s"], [6405, 34407, "8.0 m/s"]]}
SAMPLE 35.7 {"ego": {"x": 605.4890747070312, "y": -119.11019134521484, "z": 45.378116607666016, "heading": 0.4076305329799652, "speed": 7.213628768920898}, "cap": 8.0, "state": "state=ACTIVE", "cmd": {"steering": 0.008146753534674644, "accel": 0.012165356427431107}, "route": [34407, 69067, 27123, 27224, 27227], "light": [136, 2], "path_n": 97, "path_age": 0.02934983599698171, "end": [648.7509115273989, -103.68992218351504], "cells": [[6408, 34407, "8.0 m/s"], [6404, 34407, "8.0 m/s"], [6405, 34407, "8.0 m/s"], [6406, 34407, "8.0 m/s"], [6407, 34407, "8.0 m/s"], [6409, 34407, "8.0 m/s"]]}
SAMPLE 40.2 {"ego": {"x": 631.727294921875, "y": -108.33407592773438, "z": 45.398902893066406, "heading": 0.3044034540653229, "speed": 5.604518413543701}, "cap": 30.0, "state": "state=ACTIVE", "cmd": {"steering": -0.025307172909379005, "accel": 0.7430896162986755}, "route": [34407, 69067, 27123, 27224, 27227], "light": [0, 0], "path_n": 66, "path_age": 0.040205165998486336, "end": [661.5687684697112, -100.60719305896298], "cells": [[93172, 532187, "30.0 m/s"], [12661, 69067, "30.0 m/s"], [12662, 69067, "30.0 m/s"], [93177, 532187, "30.0 m/s"], [12657, 69067, "30.0 m/s"], [93176, 532187, "30.0 m/s"], [12658, 69067, "30.0 m/s"], [93175, 532187, "30.0 m/s"], [12660, 69067, "30.0 m/s"], [93174, 532187, "30.0 m/s"], [93173, 532187, "30.0 m/s"], [12659, 69067, "30.0 m/s"]]}
SAMPLE 40.7 {"ego": {"x": 634.6180419921875, "y": -107.47200775146484, "z": 45.39634704589844, "heading": 0.2793787121772766, "speed": 6.040900707244873}, "cap": 30.0, "state": "state=ACTIVE", "cmd": {"steering": -0.03639540076255798, "accel": 1.9430896043777466}, "route": [34407, 69067, 27123, 27224, 27227], "light": [0, 0], "path_n": 55, "path_age": 0.032421941999928094, "end": [657.6505959590053, -101.5676554711028], "cells": [[12661, 69067, "30.0 m/s"], [93180, 532187, "30.0 m/s"], [93178, 532187, "30.0 m/s"], [12663, 69067, "30.0 m/s"], [12662, 69067, "30.0 m/s"], [12664, 69067, "30.0 m/s"], [93177, 532187, "30.0 m/s"], [93179, 532187, "30.0 m/s"], [12665, 69067, "30.0 m/s"], [93176, 532187, "30.0 m/s"], [93175, 532187, "30.0 m/s"], [12660, 69067, "30.0 m/s"]]}
STATE 42.82 state=ACTIVE_SHORT_PATH solver_success=1 solve_ms=0.023404 output_enabled=1 reset_detected=0
ROUTE 43.38 [27123, 27224, 27227, 28004, 28075, 28078, 29001, 29168, 29439, 32840, 32974, 33068] n 68
STATE 43.62 state=STOP_NO_LOCAL_PATH solver_success=0 solve_ms=0 output_enabled=1 reset_detected=0
STATE 43.72 state=ACTIVE solver_success=1 solve_ms=0.060884 output_enabled=1 reset_detected=0
SAMPLE 45.2 {"ego": {"x": 669.4628295898438, "y": -98.61104583740234, "z": 45.401206970214844, "heading": 0.2194742113351822, "speed": 6.104435920715332}, "cap": 8.0, "state": "state=ACTIVE", "cmd": {"steering": -0.042603760957717896, "accel": -0.3429534137248993}, "route": [27123, 27224, 27227, 28004, 28075], "light": [143, 5], "path_n": 113, "path_age": 0.0011616049960139208, "end": [723.784321024046, -92.21912818842155], "cells": [[4858, 27123, "8.0 m/s"], [4857, 27123, "8.0 m/s"], [4859, 27123, "8.0 m/s"], [4860, 27123, "8.0 m/s"], [4861, 27123, "8.0 m/s"], [4862, 27123, "8.0 m/s"]]}
SAMPLE 45.7 {"ego": {"x": 672.4962158203125, "y": -98.0082015991211, "z": 45.4487190246582, "heading": 0.1818472445011139, "speed": 6.02992057800293}, "cap": 8.0, "state": "state=ACTIVE", "cmd": {"steering": -0.02771764248609543, "accel": 0.8570466041564941}, "route": [27123, 27224, 27227, 28004, 28075], "light": [143, 5], "path_n": 113, "path_age": 0.002451860003930051, "end": [726.6109735272264, -92.11651155085828], "cells": [[4861, 27123, "8.0 m/s"], [4862, 27123, "8.0 m/s"], [4863, 27123, "8.0 m/s"], [4864, 27123, "8.0 m/s"], [4865, 27123, "8.0 m/s"]]}
SAMPLE 50.2 {"ego": {"x": 704.2427978515625, "y": -93.67830657958984, "z": 47.2313117980957, "heading": 0.10235827416181564, "speed": 7.277400493621826}, "cap": 8.0, "state": "state=ACTIVE", "cmd": {"steering": -0.015033373609185219, "accel": -0.012172132730484009}, "route": [27123, 27224, 27227, 28004, 28075], "light": [143, 5], "path_n": 121, "path_age": 0.003500732003885787, "end": [763.0140129667685, -91.0657416162874], "cells": [[4895, 27123, "8.0 m/s"], [4894, 27123, "8.0 m/s"], [4893, 27123, "8.0 m/s"], [4896, 27123, "8.0 m/s"], [4897, 27123, "8.0 m/s"], [4898, 27123, "8.0 m/s"]]}
SAMPLE 50.7 {"ego": {"x": 708.0187377929688, "y": -93.3276138305664, "z": 47.31414794921875, "heading": 0.08616999536752701, "speed": 7.303431987762451}, "cap": 8.0, "state": "state=ACTIVE", "cmd": {"steering": -0.016176734119653702, "accel": 0.24679039418697357}, "route": [27123, 27224, 27227, 28004, 28075], "light": [143, 5], "path_n": 122, "path_age": 0.007148249998863321, "end": [766.8979163078903, -90.96104028354932], "cells": [[4896, 27123, "8.0 m/s"], [4897, 27123, "8.0 m/s"], [4898, 27123, "8.0 m/s"], [4900, 27123, "8.0 m/s"], [4899, 27123, "8.0 m/s"], [4901, 27123, "8.0 m/s"]]}
SAMPLE 55.2 {"ego": {"x": 741.6582641601562, "y": -91.73249816894531, "z": 48.03309631347656, "heading": 0.03342670202255249, "speed": 7.364989280700684}, "cap": 8.0, "state": "state=ACTIVE", "cmd": {"steering": -0.0026837189216166735, "accel": 0.17356319725513458}, "route": [27123, 27224, 27227, 28004, 28075], "light": [143, 2], "path_n": 97, "path_age": 0.008766131999436766, "end": [788.1624966297553, -89.11222662370469], "cells": [[4932, 27123, "8.0 m/s"], [4931, 27123, "8.0 m/s"], [4930, 27123, "8.0 m/s"], [4934, 27123, "8.0 m/s"], [4935, 27123, "8.0 m/s"], [4933, 27123, "8.0 m/s"]]}
SAMPLE 55.7 {"ego": {"x": 745.5266723632812, "y": -91.6082992553711, "z": 48.115150451660156, "heading": 0.03213636949658394, "speed": 7.219066619873047}, "cap": 8.0, "state": "state=ACTIVE", "cmd": {"steering": 0.001761224353685975, "accel": 0.23194442689418793}, "route": [27123, 27224, 27227, 28004, 28075], "light": [143, 2], "path_n": 74, "path_age": 0.011520391999511048, "end": [780.5719580962748, -90.18897592919143], "cells": [[4934, 27123, "8.0 m/s"], [4935, 27123, "8.0 m/s"], [4939, 27123, "8.0 m/s"], [4938, 27123, "8.0 m/s"], [4937, 27123, "8.0 m/s"], [4936, 27123, "8.0 m/s"]]}
SAMPLE 60.2 {"ego": {"x": 778.9967041015625, "y": -90.18772888183594, "z": 48.90129852294922, "heading": 0.0826670378446579, "speed": 7.2674431800842285}, "cap": 8.0, "state": "state=ACTIVE", "cmd": {"steering": 0.03787989541888237, "accel": -1.4921954870224}, "route": [27123, 27224, 27227, 28004, 28075], "light": [143, 1], "path_n": 27, "path_age": 0.007583899998280685, "end": [789.7867581379763, -88.76920702516237], "cells": [[4968, 27123, "8.0 m/s"], [4967, 27123, "8.0 m/s"], [4972, 27123, "8.0 m/s"], [4970, 27123, "8.0 m/s"], [4969, 27123, "8.0 m/s"], [4971, 27123, "8.0 m/s"], [4973, 27123, "8.0 m/s"], [4974, 27224, "8.0 m/s"]]}
ROUTE 60.58 [27224, 27227, 28004, 28075, 28078, 29001, 29168, 29439, 32840, 32974, 33068, 33348] n 67
SAMPLE 60.7 {"ego": {"x": 782.5676879882812, "y": -89.80204010009766, "z": 49.00960922241211, "heading": 0.1284007728099823, "speed": 6.673651218414307}, "cap": 8.0, "state": "state=ACTIVE", "cmd": {"steering": 0.049647726118564606, "accel": -0.5411947965621948}, "route": [27224, 27227, 28004, 28075, 28078], "light": [143, 1], "path_n": 21, "path_age": 0.006431483001506422, "end": [790.9698739201776, -88.49377726749844], "cells": [[4972, 27123, "8.0 m/s"], [4971, 27123, "8.0 m/s"], [4973, 27123, "8.0 m/s"], [4975, 27224, "8.0 m/s"], [4974, 27224, "8.0 m/s"], [4976, 27224, "8.0 m/s"], [4977, 27224, "8.0 m/s"]]}
STATE 61.07 state=ACTIVE_SHORT_PATH solver_success=1 solve_ms=0.007664 output_enabled=1 reset_detected=0
STATE 61.57 state=ACTIVE solver_success=1 solve_ms=0.012273 output_enabled=1 reset_detected=0
STATE 61.82 state=ACTIVE_SHORT_PATH solver_success=1 solve_ms=0.002625 output_enabled=1 reset_detected=0
STATE 62.72 state=FORWARD_INVALID_PATH:path is too short for minimum MPC horizon solver_success=0 solve_ms=0 output_enabled=1 reset_detected=0
ROUTE 62.77 [28004, 28075, 28078, 29001, 29168, 29439, 32840, 32974, 33068, 33348, 99175, 96120] n 65
STATE 62.87 state=ACTIVE solver_success=1 solve_ms=0.064321 output_enabled=1 reset_detected=0
STATE 64.02 state=FORWARD_MPC_FAILURE:MPC iteration limit reached solver_success=0 solve_ms=0 output_enabled=1 reset_detected=0
STATE 64.57 state=ACTIVE solver_success=1 solve_ms=0.059903 output_enabled=1 reset_detected=0
SAMPLE 65.2 {"ego": {"x": 799.882568359375, "y": -84.91773223876953, "z": 49.644527435302734, "heading": 0.4388338327407837, "speed": 3.6309711933135986}, "cap": 8.0, "state": "state=ACTIVE", "cmd": {"steering": -0.1681281477212906, "accel": 0.39523783326148987}, "route": [28004, 28075, 28078, 29001, 29168], "light": [143, 1], "path_n": 25, "path_age": 0.6144324640044942, "end": [808.2305706734782, -81.65824359182382], "cells": [[4992, 28004, "8.0 m/s"], [4991, 28004, "8.0 m/s"], [4995, 28004, "8.0 m/s"], [4994, 28004, "8.0 m/s"], [4996, 28004, "8.0 m/s"], [5502, 30387, "8.0 m/s"], [5503, 30387, "8.0 m/s"], [5501, 30387, "8.0 m/s"], [4993, 28004, "8.0 m/s"], [5499, 30387, "8.0 m/s"], [5500, 30387, "8.0 m/s"], [5498, 30387, "8.0 m/s"]]}
STATE 65.27 state=FORWARD_MPC_FAILURE:MPC iteration limit reached solver_success=0 solve_ms=0 output_enabled=1 reset_detected=0
STATE 65.42 state=ACTIVE solver_success=1 solve_ms=0.04784 output_enabled=1 reset_detected=0
SAMPLE 65.7 {"ego": {"x": 801.6913452148438, "y": -84.17988586425781, "z": 49.722267150878906, "heading": 0.36920392513275146, "speed": 3.905259609222412}, "cap": 8.0, "state": "state=ACTIVE", "cmd": {"steering": 0.022953558713197708, "accel": 0.9952378273010254}, "route": [28004, 28075, 28078, 29001, 29168], "light": [143, 1], "path_n": 33, "path_age": 0.01227735500287963, "end": [815.4249867478928, -76.96860505087453], "cells": [[4995, 28004, "8.0 m/s"], [4998, 28004, "8.0 m/s"], [4994, 28004, "8.0 m/s"], [4996, 28004, "8.0 m/s"], [5501, 30387, "8.0 m/s"], [4993, 28004, "8.0 m/s"], [4997, 28004, "8.0 m/s"], [5499, 30387, "8.0 m/s"], [5500, 30387, "8.0 m/s"], [5498, 30387, "8.0 m/s"]]}
SAMPLE 70.2 {"ego": {"x": 823.3027954101562, "y": -69.29090881347656, "z": 50.97400665283203, "heading": 0.7638092637062073, "speed": 7.381624698638916}, "cap": 8.0, "state": "state=ACTIVE", "cmd": {"steering": 0.036436762660741806, "accel": 0.23476934432983398}, "route": [28004, 28075, 28078, 29001, 29168], "light": [143, 1], "path_n": 57, "path_age": 0.005679369001882151, "end": [839.9192009894148, -49.685517165105864], "cells": [[5020, 28004, "8.0 m/s"], [5475, 30387, "8.0 m/s"], [5474, 30387, "8.0 m/s"], [5022, 28004, "8.0 m/s"], [5021, 28004, "8.0 m/s"], [5472, 30387, "8.0 m/s"], [5473, 30387, "8.0 m/s"], [5471, 30387, "8.0 m/s"], [5024, 28004, "8.0 m/s"], [5025, 28004, "8.0 m/s"], [5023, 28004, "8.0 m/s"]]}
SAMPLE 70.7 {"ego": {"x": 826.0274658203125, "y": -66.57459259033203, "z": 51.18254089355469, "heading": 0.7953236103057861, "speed": 7.40741491317749}, "cap": 8.0, "state": "state=ACTIVE", "cmd": {"steering": 0.032155439257621765, "accel": -1.1187121868133545}, "route": [28004, 28075, 28078, 29001, 29168], "light": [143, 1], "path_n": 75, "path_age": 0.0017150650019175373, "end": [846.7292487877291, -37.93759738638282], "cells": [[5472, 30387, "8.0 m/s"], [5470, 30387, "8.0 m/s"], [5471, 30387, "8.0 m/s"], [5024, 28004, "8.0 m/s"], [5469, 30387, "8.0 m/s"], [5029, 28004, "8.0 m/s"], [5025, 28004, "8.0 m/s"], [5468, 30387, "8.0 m/s"], [5028, 28004, "8.0 m/s"], [5027, 28004, "8.0 m/s"], [5026, 28004, "8.0 m/s"], [5467, 30387, "8.0 m/s"]]}
SAMPLE 75.2 {"ego": {"x": 841.3582153320312, "y": -47.02173614501953, "z": 52.51213836669922, "heading": 1.0082591772079468, "speed": 6.051183700561523}, "cap": 8.0, "state": "state=ACTIVE", "cmd": {"steering": 0.025418445467948914, "accel": 1.2862337827682495}, "route": [28004, 28075, 28078, 29001, 29168], "light": [143, 5], "path_n": 57, "path_age": 0.002948194000055082, "end": [851.9025288313723, -25.32964114595838], "cells": [[5050, 28004, "8.0 m/s"], [5049, 28004, "8.0 m/s"], [5052, 28004, "8.0 m/s"], [5051, 28004, "8.0 m/s"], [5053, 28004, "8.0 m/s"], [5054, 28004, "8.0 m/s"]]}
SAMPLE 75.7 {"ego": {"x": 843.0867309570312, "y": -44.1813850402832, "z": 52.69611358642578, "heading": 1.034787654876709, "speed": 6.396766662597656}, "cap": 8.0, "state": "state=ACTIVE", "cmd": {"steering": 0.038323212414979935, "accel": -0.21376624703407288}, "route": [28004, 28075, 28078, 29001, 29168], "light": [143, 5], "path_n": 84, "path_age": 0.0009871059955912642, "end": [857.0331050210433, -5.822176011523835], "cells": [[5052, 28004, "8.0 m/s"], [5053, 28004, "8.0 m/s"], [5055, 28004, "8.0 m/s"], [5054, 28004, "8.0 m/s"], [5057, 28004, "8.0 m/s"], [5056, 28004, "8.0 m/s"]]}
SAMPLE 80.2 {"ego": {"x": 852.3757934570312, "y": -23.14347267150879, "z": 53.93840789794922, "heading": 1.264594316482544, "speed": 5.841181755065918}, "cap": 8.0, "state": "state=ACTIVE", "cmd": {"steering": 0.056598447263240814, "accel": 1.6121655702590942}, "route": [28004, 28075, 28078, 29001, 29168], "light": [143, 5], "path_n": 29, "path_age": 0.0008575239990022965, "end": [855.5131892713003, -11.90313448969193], "cells": [[5078, 28004, "8.0 m/s"], [5076, 28004, "8.0 m/s"], [5077, 28004, "8.0 m/s"], [5075, 28004, "8.0 m/s"], [5080, 28004, "8.0 m/s"], [5079, 28004, "8.0 m/s"]]}
SAMPLE 80.7 {"ego": {"x": 853.2609252929688, "y": -19.979463577270508, "z": 54.11800765991211, "heading": 1.3206983804702759, "speed": 6.605789661407471}, "cap": 8.0, "state": "state=ACTIVE", "cmd": {"steering": 0.017700036987662315, "accel": 0.4341227412223816}, "route": [28004, 28075, 28078, 29001, 29168], "light": [143, 5], "path_n": 27, "path_age": 0.15627521499845898, "end": [855.9601429803407, -10.10917869742334], "cells": [[5080, 28004, "8.0 m/s"], [5079, 28004, "8.0 m/s"], [5084, 28004, "8.0 m/s"], [5081, 28004, "8.0 m/s"], [5083, 28004, "8.0 m/s"], [5082, 28004, "8.0 m/s"]]}
ROUTE 81.48 [28075, 28078, 29001, 29168, 29439, 32840, 32974, 33068, 33348, 99175, 96120, 96205] n 64
STATE 81.92 state=ACTIVE_SHORT_PATH solver_success=1 solve_ms=0.008125 output_enabled=1 reset_detected=0
STATE 82.62 state=FORWARD_INVALID_PATH:path is too short for minimum MPC horizon solver_success=0 solve_ms=0 output_enabled=1 reset_detected=0
ROUTE 82.67 [29001, 29168, 29439, 32840, 32974, 33068, 33348, 99175, 96120, 96205, 96736, 98402] n 62
STATE 82.77 state=ACTIVE solver_success=1 solve_ms=0.011813 output_enabled=1 reset_detected=0
STATE 83.67 state=STOP_NO_LOCAL_PATH solver_success=0 solve_ms=0 output_enabled=1 reset_detected=0
STATE 84.42 state=ACTIVE solver_success=1 solve_ms=0.002164 output_enabled=1 reset_detected=0
SAMPLE 85.2 {"ego": {"x": 858.3436889648438, "y": 0.500607430934906, "z": 55.06271743774414, "heading": 1.4032952785491943, "speed": 0.5745521187782288}, "cap": 30.0, "state": "state=ACTIVE", "cmd": {"steering": 4.1123061237158254e-05, "accel": 2.0}, "route": [29001, 29168, 29439, 32840, 32974], "light": [143, 5], "path_n": 97, "path_age": 0.00997361899499083, "end": [858.7669228252686, 46.30236496705826], "cells": [[5103, 29001, "30.0 m/s"], [5105, 29001, "30.0 m/s"], [5106, 29001, "30.0 m/s"], [5104, 29001, "30.0 m/s"], [5108, 29001, "30.0 m/s"], [5107, 29001, "30.0 m/s"]]}
SAMPLE 85.7 {"ego": {"x": 858.4412841796875, "y": 1.0780657529830933, "z": 55.082157135009766, "heading": 1.403327465057373, "speed": 1.5570299625396729}, "cap": 30.0, "state": "state=ACTIVE", "cmd": {"steering": 0.019755637273192406, "accel": 2.0}, "route": [29001, 29168, 29439, 32840, 32974], "light": [143, 5], "path_n": 105, "path_age": 0.00895505299558863, "end": [858.6313825907932, 50.81578120730327], "cells": [[5103, 29001, "30.0 m/s"], [5105, 29001, "30.0 m/s"], [5106, 29001, "30.0 m/s"], [5104, 29001, "30.0 m/s"], [5108, 29001, "30.0 m/s"], [5107, 29001, "30.0 m/s"]]}
STATE 90.02 state=FORWARD_MPC_FAILURE:MPC iteration limit reached solver_success=0 solve_ms=0 output_enabled=1 reset_detected=0
STATE 90.07 state=ACTIVE solver_success=1 solve_ms=0.01621 output_enabled=1 reset_detected=0
STATE 90.12 state=FORWARD_MPC_FAILURE:MPC iteration limit reached solver_success=0 solve_ms=0 output_enabled=1 reset_detected=0
SAMPLE 90.2 {"ego": {"x": 859.0411987304688, "y": 27.97379493713379, "z": 55.63743591308594, "heading": 1.6098209619522095, "speed": 10.32932186126709}, "cap": 30.0, "state": "state=FORWARD_MPC_FAILURE:MPC", "cmd": {"steering": 0.0, "accel": 1.7000000476837158}, "route": [29001, 29168, 29439, 32840, 32974], "light": [143, 2], "path_n": 115, "path_age": 0.000959415003308095, "end": [857.4680593483932, 83.46554556387149], "cells": [[5131, 29001, "30.0 m/s"], [5130, 29001, "30.0 m/s"], [5132, 29001, "30.0 m/s"], [5134, 29001, "30.0 m/s"], [5135, 29001, "30.0 m/s"], [5133, 29001, "30.0 m/s"]]}
SAMPLE 90.7 {"ego": {"x": 858.8185424804688, "y": 33.620784759521484, "z": 55.666481018066406, "heading": 1.6102068424224854, "speed": 10.89162540435791}, "cap": 30.0, "state": "state=FORWARD_MPC_FAILURE:MPC", "cmd": {"steering": 0.0, "accel": 0.20000000298023224}, "route": [29001, 29168, 29439, 32840, 32974], "light": [143, 2], "path_n": 119, "path_age": 0.0045849480011384, "end": [857.1919504341296, 90.80253371786715], "cells": [[5136, 29001, "30.0 m/s"], [5137, 29001, "30.0 m/s"], [5138, 29001, "30.0 m/s"], [5139, 29001, "30.0 m/s"], [5140, 29001, "30.0 m/s"], [5141, 29001, "30.0 m/s"]]}
STATE 90.72 state=ACTIVE solver_success=1 solve_ms=0.011752 output_enabled=1 reset_detected=0
STATE 90.77 state=FORWARD_MPC_FAILURE:MPC iteration limit reached solver_success=0 solve_ms=0 output_enabled=1 reset_detected=0
STATE 91.87 state=ACTIVE solver_success=1 solve_ms=0.009848 output_enabled=1 reset_detected=0
STATE 93.87 state=FORWARD_MPC_FAILURE:MPC iteration limit reached solver_success=0 solve_ms=0 output_enabled=1 reset_detected=0
STATE 95.12 state=ACTIVE solver_success=1 solve_ms=0.003567 output_enabled=1 reset_detected=0
STATE 95.17 state=FORWARD_MPC_FAILURE:MPC iteration limit reached solver_success=0 solve_ms=0 output_enabled=1 reset_detected=0
SAMPLE 95.2 {"ego": {"x": 857.3733520507812, "y": 79.52558135986328, "z": 55.07851791381836, "heading": 1.597629189491272, "speed": 10.803776741027832}, "cap": 30.0, "state": "state=FORWARD_MPC_FAILURE:MPC", "cmd": {"steering": 0.0, "accel": -1.75}, "route": [29001, 29168, 29439, 32840, 32974], "light": [143, 1], "path_n": 91, "path_age": 0.007764907000819221, "end": [857.1233030242971, 123.50518224236623], "cells": [[5183, 29001, "30.0 m/s"], [5187, 29001, "30.0 m/s"], [5186, 29001, "30.0 m/s"], [5184, 29001, "30.0 m/s"], [5185, 29001, "30.0 m/s"], [5182, 29001, "30.0 m/s"]]}
STATE 95.52 state=ACTIVE solver_success=1 solve_ms=0.00573 output_enabled=1 reset_detected=0
SAMPLE 95.7 {"ego": {"x": 857.2291259765625, "y": 84.89826202392578, "z": 54.99107360839844, "heading": 1.59767746925354, "speed": 9.71479606628418}, "cap": 30.0, "state": "state=ACTIVE", "cmd": {"steering": 0.00021385303989518434, "accel": -2.049999952316284}, "route": [29001, 29168, 29439, 32840, 32974], "light": [143, 1], "path_n": 71, "path_age": 0.00931062000017846, "end": [856.5016810751133, 118.88456562473966], "cells": [[5192, 29001, "30.0 m/s"], [5191, 29001, "30.0 m/s"], [5190, 29001, "30.0 m/s"], [5189, 29001, "30.0 m/s"], [5188, 29001, "30.0 m/s"], [5187, 29001, "30.0 m/s"]]}
ROUTE 98.27 [29168, 29439, 32840, 32974, 33068, 33348, 99175, 96120, 96205, 96736, 98402, 450684] n 61
STATE 98.82 state=ACTIVE_SHORT_PATH solver_success=1 solve_ms=0.014387 output_enabled=1 reset_detected=0
STATE 98.87 state=ACTIVE solver_success=1 solve_ms=0.011071 output_enabled=1 reset_detected=0
STATE 99.02 state=ACTIVE_SHORT_PATH solver_success=1 solve_ms=0.016261 output_enabled=1 reset_detected=0
STATE 99.12 state=ACTIVE solver_success=1 solve_ms=0.043882 output_enabled=1 reset_detected=0
SAMPLE 100.2 {"ego": {"x": 857.5198974609375, "y": 122.96347045898438, "z": 54.348262786865234, "heading": 1.3147587776184082, "speed": 5.360377311706543}, "cap": 30.0, "state": "state=ACTIVE", "cmd": {"steering": -0.05391835421323776, "accel": -0.75}, "route": [29168, 29439, 32840, 32974, 33068], "light": [143, 1], "path_n": 49, "path_age": 0.01030209499731427, "end": [863.4222499807006, 143.41249773075444], "cells": [[5229, 29168, "30.0 m/s"], [5228, 29168, "30.0 m/s"], [5227, 29168, "30.0 m/s"], [5230, 29168, "30.0 m/s"], [5232, 29168, "30.0 m/s"], [5231, 29168, "30.0 m/s"]]}
SAMPLE 100.7 {"ego": {"x": 858.2633666992188, "y": 125.53030395507812, "z": 54.29868698120117, "heading": 1.2778546810150146, "speed": 4.96155309677124}, "cap": 30.0, "state": "state=ACTIVE", "cmd": {"steering": -0.023517346009612083, "accel": 0.75}, "route": [29168, 29439, 32840, 32974, 33068], "light": [143, 1], "path_n": 41, "path_age": 0.012554299006296787, "end": [863.8752550674959, 144.43250366298355], "cells": [[5230, 29168, "30.0 m/s"], [5235, 29168, "30.0 m/s"], [5234, 29168, "30.0 m/s"], [5233, 29168, "30.0 m/s"], [5232, 29168, "30.0 m/s"], [5231, 29168, "30.0 m/s"]]}
ROUTE 101.27 [29439, 32840, 32974, 33068, 33348, 99175, 96120, 96205, 96736, 98402, 450684, 394852] n 60
SAMPLE 105.2 {"ego": {"x": 868.837890625, "y": 152.1085968017578, "z": 53.811317443847656, "heading": 1.0386651754379272, "speed": 5.195932388305664}, "cap": 30.0, "state": "state=ACTIVE", "cmd": {"steering": -0.05720534920692444, "accel": -0.3884124457836151}, "route": [29439, 32840, 32974, 33068, 33348], "light": [143, 1], "path_n": 27, "path_age": 0.005867899002623744, "end": [874.235348045309, 160.96780704872037], "cells": [[5263, 29439, "30.0 m/s"], [5262, 29439, "30.0 m/s"], [5264, 29439, "30.0 m/s"], [5259, 29439, "30.0 m/s"], [5260, 29439, "30.0 m/s"], [5261, 29439, "30.0 m/s"]]}
SAMPLE 105.7 {"ego": {"x": 870.231689453125, "y": 154.35540771484375, "z": 53.76285934448242, "heading": 1.0088653564453125, "speed": 4.984125137329102}, "cap": 30.0, "state": "state=ACTIVE", "cmd": {"steering": -0.017787205055356026, "accel": 1.1115875244140625}, "route": [29439, 32840, 32974, 33068, 33348], "light": [143, 1], "path_n": 22, "path_age": 0.00913399099954404, "end": [874.8466439682111, 161.75084828908462], "cells": [[5266, 29439, "30.0 m/s"], [5263, 29439, "30.0 m/s"], [5262, 29439, "30.0 m/s"], [5265, 29439, "30.0 m/s"], [5264, 29439, "30.0 m/s"], [5267, 29439, "30.0 m/s"]]}
ROUTE 106.48 [32840, 32974, 33068, 33348, 99175, 96120, 96205, 96736, 98402, 450684, 394852, 394954] n 59
STATE 107.42 state=ACTIVE_SHORT_PATH solver_success=1 solve_ms=0.039033 output_enabled=1 reset_detected=0
ROUTE 107.67 [32974, 33068, 33348, 99175, 96120, 96205, 96736, 98402, 450684, 394852, 394954, 451556] n 58
STATE 107.77 state=ACTIVE solver_success=1 solve_ms=0.006162 output_enabled=1 reset_detected=0
ROUTE 108.28 [33068, 33348, 99175, 96120, 96205, 96736, 98402, 450684, 394852, 394954, 451556, 395095] n 57
ROUTE 109.29 [33348, 99175, 96120, 96205, 96736, 98402, 450684, 394852, 394954, 451556, 395095, 395340] n 56
SAMPLE 110.2 {"ego": {"x": 890.0253295898438, "y": 176.59417724609375, "z": 53.39510726928711, "heading": 0.7144320607185364, "speed": 8.06030559539795}, "cap": 30.0, "state": "state=ACTIVE", "cmd": {"steering": -0.015657955780625343, "accel": 2.0}, "route": [33348, 99175, 96120, 96205, 96736], "light": [143, 5], "path_n": 126, "path_age": 0.02056918799644336, "end": [937.4775770623552, 214.49073549743989], "cells": [[6178, 33348, "30.0 m/s"], [6179, 33348, "30.0 m/s"], [6177, 33348, "30.0 m/s"], [6182, 33348, "30.0 m/s"], [6180, 33348, "30.0 m/s"], [6181, 33348, "30.0 m/s"]]}
SAMPLE 110.7 {"ego": {"x": 893.4674072265625, "y": 179.5194549560547, "z": 53.39510726928711, "heading": 0.7000448703765869, "speed": 9.086236000061035}, "cap": 30.0, "state": "state=ACTIVE", "cmd": {"steering": -0.0036562804598361254, "accel": 2.0}, "route": [33348, 99175, 96120, 96205, 96736], "light": [143, 5], "path_n": 106, "path_age": 0.01651282799866749, "end": [932.6158263463706, 210.70231111376944], "cells": [[6182, 33348, "30.0 m/s"], [6181, 33348, "30.0 m/s"], [6184, 33348, "30.0 m/s"], [6183, 33348, "30.0 m/s"], [6185, 33348, "30.0 m/s"], [6186, 33348, "30.0 m/s"]]}
STATE 111.22 state=FORWARD_MPC_FAILURE:MPC iteration limit reached solver_success=0 solve_ms=0 output_enabled=1 reset_detected=0
STATE 112.17 state=ACTIVE_SHORT_PATH solver_success=1 solve_ms=0.02692 output_enabled=1 reset_detected=0
STATE 112.82 state=STOP_NO_LOCAL_PATH solver_success=0 solve_ms=0 output_enabled=1 reset_detected=0
STATE 113.12 state=ACTIVE solver_success=1 solve_ms=0.016701 output_enabled=1 reset_detected=0
SAMPLE 115.2 {"ego": {"x": 925.8465576171875, "y": 206.0522003173828, "z": 53.39620590209961, "heading": 0.6332338452339172, "speed": 8.456391334533691}, "cap": 30.0, "state": "state=ACTIVE", "cmd": {"steering": 0.017533522099256516, "accel": 2.0}, "route": [33348, 99175, 96120, 96205, 96736], "light": [0, 0], "path_n": 55, "path_age": 0.022001400000590365, "end": [946.1979191063559, 221.40548051988003], "cells": [[17793, 99175, "30.0 m/s"], [64681, 364512, "30.0 m/s"], [64678, 364512, "30.0 m/s"], [64680, 364512, "30.0 m/s"], [64679, 364512, "30.0 m/s"], [17794, 99175, "30.0 m/s"], [64677, 364512, "30.0 m/s"], [64833, 365687, "30.0 m/s"], [17795, 99175, "30.0 m/s"], [17797, 99175, "30.0 m/s"], [64832, 365687, "30.0 m/s"], [64831, 365687, "30.0 m/s"], [17796, 99175, "30.0 m/s"], [64791, 365519, "30.0 m/s"], [64790, 365519, "30.0 m/s"], [64789, 365519, "30.0 m/s"], [17798, 99175, "30.0 m/s"], [64676, 364512, "30.0 m/s"], [64915, 366212, "30.0 m/s"], [64675, 364512, "30.0 m/s"]]}
SAMPLE 115.7 {"ego": {"x": 929.6851806640625, "y": 208.89053344726562, "z": 53.39510726928711, "heading": 0.6361293196678162, "speed": 9.636896133422852}, "cap": 30.0, "state": "state=ACTIVE", "cmd": {"steering": 0.026116717606782913, "accel": 2.0}, "route": [33348, 99175, 96120, 96205, 96736], "light": [0, 0], "path_n": 43, "path_age": 0.025535142995067872, "end": [943.9066784312937, 219.59041549941378], "cells": [[64791, 365519, "30.0 m/s"], [64790, 365519, "30.0 m/s"], [64789, 365519, "30.0 m/s"], [17799, 99175, "30.0 m/s"], [17798, 99175, "30.0 m/s"], [64915, 366212, "30.0 m/s"], [64675, 364512, "30.0 m/s"], [64916, 366212, "30.0 m/s"], [64674, 364512, "30.0 m/s"], [17803, 99175, "30.0 m/s"], [64917, 366212, "30.0 m/s"], [17800, 99175, "30.0 m/s"], [64918, 366212, "30.0 m/s"], [17801, 99175, "30.0 m/s"], [17802, 99175, "30.0 m/s"], [64873, 365946, "30.0 m/s"], [64874, 365946, "30.0 m/s"], [64875, 365946, "30.0 m/s"], [64919, 366212, "30.0 m/s"]]}
STATE 116.02 state=FORWARD_MPC_FAILURE:MPC iteration limit reached solver_success=0 solve_ms=0 output_enabled=1 reset_detected=0
STATE 116.57 state=ACTIVE_SHORT_PATH solver_success=1 solve_ms=0.013505 output_enabled=1 reset_detected=0
STATE 116.77 state=FORWARD_MPC_FAILURE:MPC iteration limit reached solver_success=0 solve_ms=0 output_enabled=1 reset_detected=0
STATE 116.82 state=ACTIVE_SHORT_PATH solver_success=1 solve_ms=0.009307 output_enabled=1 reset_detected=0
STATE 116.92 state=FORWARD_MPC_FAILURE:MPC iteration limit reached solver_success=0 solve_ms=0 output_enabled=1 reset_detected=0
STATE 116.97 state=ACTIVE_SHORT_PATH solver_success=1 solve_ms=0.007304 output_enabled=1 reset_detected=0
STATE 117.07 state=FORWARD_MPC_FAILURE:MPC iteration limit reached solver_success=0 solve_ms=0 output_enabled=1 reset_detected=0
ROUTE 117.2 [96120, 96205, 96736, 98402, 450684, 394852, 394954, 451556, 395095, 395340, 395581, 395754] n 54
STATE 117.22 state=ACTIVE_SHORT_PATH solver_success=1 solve_ms=0.006302 output_enabled=1 reset_detected=0
STATE 117.27 state=ACTIVE solver_success=1 solve_ms=0.001623 output_enabled=1 reset_detected=0
STATE 117.32 state=FORWARD_MPC_FAILURE:MPC iteration limit reached solver_success=0 solve_ms=0 output_enabled=1 reset_detected=0
STATE 117.52 state=ACTIVE solver_success=1 solve_ms=0.011993 output_enabled=1 reset_detected=0
STATE 117.57 state=FORWARD_MPC_FAILURE:MPC iteration limit reached solver_success=0 solve_ms=0 output_enabled=1 reset_detected=0
STATE 117.72 state=ACTIVE solver_success=1 solve_ms=0.009067 output_enabled=1 reset_detected=0
STATE 118.52 state=FORWARD_MPC_FAILURE:MPC iteration limit reached solver_success=0 solve_ms=0 output_enabled=1 reset_detected=0
STATE 118.57 state=ACTIVE solver_success=1 solve_ms=0.002444 output_enabled=1 reset_detected=0
STATE 120.02 state=FORWARD_MPC_FAILURE:MPC iteration limit reached solver_success=0 solve_ms=0 output_enabled=1 reset_detected=0
SAMPLE 120.2 {"ego": {"x": 965.336669921875, "y": 236.3446807861328, "z": 53.36164093017578, "heading": 0.67115718126297, "speed": 10.78392505645752}, "cap": 30.0, "state": "state=FORWARD_MPC_FAILURE:MPC", "cmd": {"steering": 0.0, "accel": 1.399999976158142}, "route": [96120, 96205, 96736, 98402, 450684], "light": [0, 0], "path_n": 89, "path_age": 0.04540468600316672, "end": [998.9724396066274, 263.20792116239716], "cells": [[17185, 96120, "30.0 m/s"], [17186, 96120, "30.0 m/s"], [17187, 96120, "30.0 m/s"], [17188, 96120, "30.0 m/s"], [17183, 96120, "30.0 m/s"], [17184, 96120, "30.0 m/s"]]}
SAMPLE 120.7 {"ego": {"x": 969.9481811523438, "y": 240.00686645507812, "z": 53.262874603271484, "heading": 0.67115718126297, "speed": 11.448113441467285}, "cap": 30.0, "state": "state=FORWARD_MPC_FAILURE:MPC", "cmd": {"steering": 0.0, "accel": -0.10000000149011612}, "route": [96120, 96205, 96736, 98402, 450684], "light": [0, 0], "path_n": 79, "path_age": 0.04838430300151231, "end": [998.973645132922, 263.2064038649068], "cells": [[17193, 96120, "30.0 m/s"], [17190, 96120, "30.0 m/s"], [17192, 96120, "30.0 m/s"], [17191, 96120, "30.0 m/s"], [17189, 96120, "30.0 m/s"], [17194, 96120, "30.0 m/s"]]}
STATE 121.77 state=ACTIVE solver_success=1 solve_ms=0.022051 output_enabled=1 reset_detected=0
ROUTE 123.28 [96205, 96736, 98402, 450684, 394852, 394954, 451556, 395095, 395340, 395581, 395754, 396654] n 53
STATE 123.97 state=FORWARD_MPC_FAILURE:MPC iteration limit reached solver_success=0 solve_ms=0 output_enabled=1 reset_detected=0
ROUTE 124.29 [96736, 98402, 450684, 394852, 394954, 451556, 395095, 395340, 395581, 395754, 396654, 397017] n 52
SAMPLE 125.2 {"ego": {"x": 1005.713134765625, "y": 268.5533447265625, "z": 51.85013198852539, "heading": 0.6748200058937073, "speed": 11.137263298034668}, "cap": 30.0, "state": "state=FORWARD_MPC_FAILURE:MPC", "cmd": {"steering": 0.0, "accel": -1.75}, "route": [96736, 98402, 450684, 394852, 394954], "light": [0, 0], "path_n": 118, "path_age": 0.0006963729974813759, "end": [1050.7320863485277, 304.2202761754731], "cells": [[17237, 96736, "30.0 m/s"], [17238, 96736, "30.0 m/s"], [17239, 96736, "30.0 m/s"], [17240, 96736, "30.0 m/s"], [17241, 96736, "30.0 m/s"], [17242, 96736, "30.0 m/s"]]}
STATE 125.62 state=ACTIVE solver_success=1 solve_ms=0.032591 output_enabled=1 reset_detected=0
SAMPLE 125.7 {"ego": {"x": 1010.01806640625, "y": 271.99786376953125, "z": 51.68107223510742, "heading": 0.6748200058937073, "speed": 9.956523895263672}, "cap": 30.0, "state": "state=ACTIVE", "cmd": {"steering": -0.004736964590847492, "accel": -2.3892087936401367}, "route": [96736, 98402, 450684, 394852, 394954], "light": [0, 0], "path_n": 110, "path_age": 0.0006307700023171492, "end": [1051.454265873406, 304.81961766912997], "cells": [[17243, 96736, "30.0 m/s"], [17245, 96736, "30.0 m/s"], [17244, 96736, "30.0 m/s"], [17246, 96736, "30.0 m/s"], [17247, 96736, "30.0 m/s"]]}
STATE 127.77 state=FORWARD_MPC_FAILURE:MPC iteration limit reached solver_success=0 solve_ms=0 output_enabled=1 reset_detected=0
STATE 127.82 state=ACTIVE solver_success=1 solve_ms=0.027782 output_enabled=1 reset_detected=0
STATE 127.87 state=FORWARD_MPC_FAILURE:MPC iteration limit reached solver_success=0 solve_ms=0 output_enabled=1 reset_detected=0
STATE 129.52 state=ACTIVE solver_success=1 solve_ms=0.031759 output_enabled=1 reset_detected=0
SAMPLE 130.2 {"ego": {"x": 1045.0279541015625, "y": 299.57666015625, "z": 50.281639099121094, "heading": 0.6715246438980103, "speed": 9.050751686096191}, "cap": 30.0, "state": "state=ACTIVE", "cmd": {"steering": 0.0059686447493731976, "accel": -0.550000011920929}, "route": [96736, 98402, 450684, 394852, 394954], "light": [0, 0], "path_n": 104, "path_age": 0.04554241000005277, "end": [1082.2998115319351, 332.3298815663808], "cells": [[17290, 96736, "30.0 m/s"], [17289, 96736, "30.0 m/s"], [17288, 96736, "30.0 m/s"], [17287, 96736, "30.0 m/s"], [17291, 96736, "30.0 m/s"], [17292, 96736, "30.0 m/s"]]}
SAMPLE 130.7 {"ego": {"x": 1048.5994873046875, "y": 302.4423828125, "z": 50.134769439697266, "heading": 0.679210364818573, "speed": 8.853886604309082}, "cap": 30.0, "state": "state=ACTIVE", "cmd": {"steering": 0.006120140664279461, "accel": 0.949999988079071}, "route": [96736, 98402, 450684, 394852, 394954], "light": [0, 0], "path_n": 81, "path_age": 0.040511305996915326, "end": [1077.9084747016202, 327.5883872756275], "cells": [[17294, 96736, "30.0 m/s"], [17293, 96736, "30.0 m/s"], [17292, 96736, "30.0 m/s"], [17296, 96736, "30.0 m/s"], [17295, 96736, "30.0 m/s"], [17626, 98402, "30.0 m/s"], [17627, 98402, "30.0 m/s"]]}
ROUTE 130.9 [98402, 450684, 394852, 394954, 451556, 395095, 395340, 395581, 395754, 396654, 397017, 453176] n 51
STATE 131.62 state=FORWARD_MPC_FAILURE:MPC iteration limit reached solver_success=0 solve_ms=0 output_enabled=1 reset_detected=0
STATE 133.27 state=ACTIVE solver_success=1 solve_ms=0.05861 output_enabled=1 reset_detected=0
SAMPLE 135.2 {"ego": {"x": 1079.419921875, "y": 329.1578674316406, "z": 49.549720764160156, "heading": 0.8597338795661926, "speed": 5.595698833465576}, "cap": 30.0, "state": "state=ACTIVE", "cmd": {"steering": 0.036524344235658646, "accel": 0.15000000596046448}, "route": [98402, 450684, 394852, 394954, 451556], "light": [0, 0], "path_n": 49, "path_age": 0.0006514490014524199, "end": [1094.2088426849323, 345.92262006053875], "cells": [[17665, 98402, "30.0 m/s"], [17662, 98402, "30.0 m/s"], [17663, 98402, "30.0 m/s"], [17664, 98402, "30.0 m/s"], [17667, 98402, "30.0 m/s"], [17666, 98402, "30.0 m/s"]]}
SAMPLE 135.7 {"ego": {"x": 1081.2955322265625, "y": 331.4117736816406, "z": 49.548255920410156, "heading": 0.881220817565918, "speed": 5.844595432281494}, "cap": 30.0, "state": "state=ACTIVE", "cmd": {"steering": -0.005832291208207607, "accel": 0.4473121762275696}, "route": [98402, 450684, 394852, 394954, 451556], "light": [0, 0], "path_n": 49, "path_age": 0.004801145994861145, "end": [1096.4556304827954, 349.1462341206973], "cells": [[17665, 98402, "30.0 m/s"], [17667, 98402, "30.0 m/s"], [17666, 98402, "30.0 m/s"], [17668, 98402, "30.0 m/s"], [17669, 98402, "30.0 m/s"], [17670, 98402, "30.0 m/s"]]}
SAMPLE 140.2 {"ego": {"x": 1097.1954345703125, "y": 351.22369384765625, "z": 49.64730453491211, "heading": 1.0376710891723633, "speed": 4.571681022644043}, "cap": 30.0, "state": "state=ACTIVE", "cmd": {"steering": 0.03779087960720062, "accel": 0.8464108109474182}, "route": [98402, 450684, 394852, 394954, 451556], "light": [0, 0], "path_n": 61, "path_age": 0.0007043579971650615, "end": [1109.9190271279176, 376.62951497141955], "cells": [[79869, 450684, "30.0 m/s"], [79875, 450684, "30.0 m/s"], [79874, 450684, "30.0 m/s"], [79870, 450684, "30.0 m/s"], [79873, 450684, "30.0 m/s"], [79871, 450684, "30.0 m/s"], [79872, 450684, "30.0 m/s"]]}
SAMPLE 140.7 {"ego": {"x": 1098.424072265625, "y": 353.40283203125, "z": 49.656551361083984, "heading": 1.0693587064743042, "speed": 5.106909275054932}, "cap": 30.0, "state": "state=ACTIVE", "cmd": {"steering": 0.04248467832803726, "accel": 2.0}, "route": [98402, 450684, 394852, 394954, 451556], "light": [0, 0], "path_n": 63, "path_age": 0.045947605998662766, "end": [1111.228445031284, 379.89921573653805], "cells": [[79875, 450684, "30.0 m/s"], [79874, 450684, "30.0 m/s"], [79873, 450684, "30.0 m/s"], [79876, 450684, "30.0 m/s"], [79877, 450684, "30.0 m/s"], [79878, 450684, "30.0 m/s"]]}
STATE 143.22 state=ACTIVE_SHORT_PATH solver_success=1 solve_ms=0.006131 output_enabled=1 reset_detected=0
ROUTE 143.79 [394852, 394954, 451556, 395095, 395340, 395581, 395754, 396654, 397017, 453176, 453277, 453354] n 49
STATE 143.87 state=FORWARD_MPC_FAILURE:MPC iteration limit reached solver_success=0 solve_ms=0 output_enabled=1 reset_detected=0
STATE 144.02 state=ACTIVE solver_success=1 solve_ms=0.031239 output_enabled=1 reset_detected=0
STATE 144.12 state=FORWARD_MPC_FAILURE:MPC iteration limit reached solver_success=0 solve_ms=0 output_enabled=1 reset_detected=0
STATE 144.17 state=ACTIVE solver_success=1 solve_ms=0.020348 output_enabled=1 reset_detected=0
STATE 144.37 state=FORWARD_MPC_FAILURE:MPC iteration limit reached solver_success=0 solve_ms=0 output_enabled=1 reset_detected=0
STATE 144.42 state=ACTIVE solver_success=1 solve_ms=0.032641 output_enabled=1 reset_detected=0
SAMPLE 145.2 {"ego": {"x": 1114.0009765625, "y": 388.31121826171875, "z": 49.72750473022461, "heading": 1.3304529190063477, "speed": 7.90268611907959}, "cap": 30.0, "state": "state=ACTIVE", "cmd": {"steering": 0.03271232917904854, "accel": -1.5640082359313965}, "route": [394852, 394954, 451556, 395095, 395340], "light": [0, 0], "path_n": 37, "path_age": 0.004575222999847028, "end": [1118.3683252304224, 403.4949722505028], "cells": [[70145, 394852, "30.0 m/s"], [70147, 394852, "30.0 m/s"], [70146, 394852, "30.0 m/s"], [70149, 394852, "30.0 m/s"], [70148, 394852, "30.0 m/s"], [70150, 394852, "30.0 m/s"]]}
SAMPLE 145.7 {"ego": {"x": 1114.8489990234375, "y": 392.0553894042969, "z": 49.68384552001953, "heading": 1.3437529802322388, "speed": 6.9255146980285645}, "cap": 30.0, "state": "state=ACTIVE", "cmd": {"steering": -0.006651302333921194, "accel": -2.164008140563965}, "route": [394852, 394954, 451556, 395095, 395340], "light": [0, 0], "path_n": 29, "path_age": 0.0023359019978670403, "end": [1118.4121037692578, 403.641682449202], "cells": [[70149, 394852, "30.0 m/s"], [70150, 394852, "30.0 m/s"], [70153, 394852, "30.0 m/s"], [70152, 394852, "30.0 m/s"], [70151, 394852, "30.0 m/s"]]}
STATE 147.07 state=ACTIVE_SHORT_PATH solver_success=1 solve_ms=0.012393 output_enabled=1 reset_detected=0
STATE 147.67 state=ACTIVE solver_success=1 solve_ms=0.006452 output_enabled=1 reset_detected=0
STATE 147.72 state=ACTIVE_SHORT_PATH solver_success=1 solve_ms=0.008966 output_enabled=1 reset_detected=0
STATE 147.77 state=ACTIVE solver_success=1 solve_ms=0.010069 output_enabled=1 reset_detected=0
STATE 147.82 state=ACTIVE_SHORT_PATH solver_success=1 solve_ms=0.002395 output_enabled=1 reset_detected=0
STATE 147.92 state=ACTIVE solver_success=1 solve_ms=0.005971 output_enabled=1 reset_detected=0
STATE 147.97 state=ACTIVE_SHORT_PATH solver_success=1 solve_ms=0.001904 output_enabled=1 reset_detected=0
STATE 149.07 state=ACTIVE solver_success=1 solve_ms=0.002706 output_enabled=1 reset_detected=0
STATE 149.12 state=ACTIVE_SHORT_PATH solver_success=1 solve_ms=0.002845 output_enabled=1 reset_detected=0
STATE 149.27 state=ACTIVE solver_success=1 solve_ms=0.002114 output_enabled=1 reset_detected=0
STATE 149.32 state=ACTIVE_SHORT_PATH solver_success=1 solve_ms=0.002094 output_enabled=1 reset_detected=0
STATE 149.37 state=ACTIVE solver_success=1 solve_ms=0.002274 output_enabled=1 reset_detected=0
STATE 149.42 state=ACTIVE_SHORT_PATH solver_success=1 solve_ms=0.002344 output_enabled=1 reset_detected=0
STATE 149.67 state=ACTIVE solver_success=1 solve_ms=0.002736 output_enabled=1 reset_detected=0
STATE 149.72 state=ACTIVE_SHORT_PATH solver_success=1 solve_ms=0.003356 output_enabled=1 reset_detected=0
STATE 149.82 state=ACTIVE solver_success=1 solve_ms=0.003276 output_enabled=1 reset_detected=0
SAMPLE 150.2 {"ego": {"x": 1120.658203125, "y": 411.71575927734375, "z": 49.63288879394531, "heading": 1.3223973512649536, "speed": 2.0077826976776123}, "cap": 30.0, "state": "state=ACTIVE", "cmd": {"steering": 0.033979207277297974, "accel": -0.3294185996055603}, "route": [394852, 394954, 451556, 395095, 395340], "light": [0, 0], "path_n": 13, "path_age": 0.012316082000324968, "end": [1121.3612896531968, 415.6679276557422], "cells": [[80008, 451363, "30.0 m/s"], [80007, 451363, "30.0 m/s"], [80075, 451768, "30.0 m/s"], [80074, 451768, "30.0 m/s"], [80072, 451768, "30.0 m/s"], [80073, 451768, "30.0 m/s"], [80010, 451363, "30.0 m/s"], [80009, 451363, "30.0 m/s"], [80137, 452187, "30.0 m/s"], [80071, 451768, "30.0 m/s"], [80012, 451363, "30.0 m/s"], [80011, 451363, "30.0 m/s"], [80070, 451768, "30.0 m/s"], [80136, 452187, "30.0 m/s"], [80135, 452187, "30.0 m/s"], [80069, 451768, "30.0 m/s"]]}
SAMPLE 150.7 {"ego": {"x": 1120.89453125, "y": 412.6756286621094, "z": 49.62885284423828, "heading": 1.3336842060089111, "speed": 1.949383020401001}, "cap": 30.0, "state": "state=ACTIVE", "cmd": {"steering": 0.03418941795825958, "accel": 1.170581340789795}, "route": [394852, 394954, 451556, 395095, 395340], "light": [0, 0], "path_n": 9, "path_age": 0.014007729005243164, "end": [1121.4756498121415, 416.5302886477233], "cells": [[80008, 451363, "30.0 m/s"], [80074, 451768, "30.0 m/s"], [80072, 451768, "30.0 m/s"], [80073, 451768, "30.0 m/s"], [80010, 451363, "30.0 m/s"], [80009, 451363, "30.0 m/s"], [80137, 452187, "30.0 m/s"], [80071, 451768, "30.0 m/s"], [80012, 451363, "30.0 m/s"], [80011, 451363, "30.0 m/s"], [80070, 451768, "30.0 m/s"], [80136, 452187, "30.0 m/s"], [80134, 452187, "30.0 m/s"], [80135, 452187, "30.0 m/s"], [80069, 451768, "30.0 m/s"], [80013, 451363, "30.0 m/s"]]}
STATE 151.72 state=ACTIVE_SHORT_PATH solver_success=1 solve_ms=0.002555 output_enabled=1 reset_detected=0
STATE 152.32 state=ACTIVE solver_success=1 solve_ms=0.004117 output_enabled=1 reset_detected=0
STATE 152.52 state=ACTIVE_SHORT_PATH solver_success=1 solve_ms=0.004949 output_enabled=1 reset_detected=0
STATE 152.57 state=ACTIVE solver_success=1 solve_ms=0.003547 output_enabled=1 reset_detected=0
STATE 152.97 state=ACTIVE_SHORT_PATH solver_success=1 solve_ms=0.003657 output_enabled=1 reset_detected=0
STATE 153.02 state=ACTIVE solver_success=1 solve_ms=0.003627 output_enabled=1 reset_detected=0
STATE 153.07 state=ACTIVE_SHORT_PATH solver_success=1 solve_ms=0.014918 output_enabled=1 reset_detected=0
STATE 153.12 state=ACTIVE solver_success=1 solve_ms=0.0162 output_enabled=1 reset_detected=0
STATE 153.17 state=ACTIVE_SHORT_PATH solver_success=1 solve_ms=0.009207 output_enabled=1 reset_detected=0
STATE 153.27 state=ACTIVE solver_success=1 solve_ms=0.012494 output_enabled=1 reset_detected=0
STATE 153.32 state=ACTIVE_SHORT_PATH solver_success=1 solve_ms=0.009839 output_enabled=1 reset_detected=0
STATE 153.42 state=ACTIVE solver_success=1 solve_ms=0.013785 output_enabled=1 reset_detected=0
STATE 153.47 state=ACTIVE_SHORT_PATH solver_success=1 solve_ms=0.007835 output_enabled=1 reset_detected=0
STATE 154.67 state=ACTIVE solver_success=1 solve_ms=0.008486 output_enabled=1 reset_detected=0
STATE 154.72 state=ACTIVE_SHORT_PATH solver_success=1 solve_ms=0.001723 output_enabled=1 reset_detected=0
STATE 155.12 state=ACTIVE solver_success=1 solve_ms=0.001933 output_enabled=1 reset_detected=0
SAMPLE 155.2 {"ego": {"x": 1121.5943603515625, "y": 430.4091796875, "z": 49.63459396362305, "heading": 1.6013994216918945, "speed": 3.403992176055908}, "cap": 30.0, "state": "state=ACTIVE", "cmd": {"steering": 0.004694140050560236, "accel": -1.2597577571868896}, "route": [394852, 394954, 451556, 395095, 395340], "light": [0, 0], "path_n": 11, "path_age": 0.009816272999159992, "end": [1121.4781758124686, 433.811081740458], "cells": [[80030, 451363, "30.0 m/s"], [80028, 451363, "30.0 m/s"], [80107, 451993, "30.0 m/s"], [80108, 451993, "30.0 m/s"], [80029, 451363, "30.0 m/s"], [80106, 451993, "30.0 m/s"], [80027, 451363, "30.0 m/s"], [80026, 451363, "30.0 m/s"], [80105, 451993, "30.0 m/s"], [80104, 451993, "30.0 m/s"], [80109, 451993, "30.0 m/s"], [80031, 451363, "30.0 m/s"]]}
STATE 155.22 state=ACTIVE_SHORT_PATH solver_success=1 solve_ms=0.004528 output_enabled=1 reset_detected=0
STATE 155.67 state=ACTIVE solver_success=1 solve_ms=0.001132 output_enabled=1 reset_detected=0
SAMPLE 155.7 {"ego": {"x": 1121.542724609375, "y": 432.0162048339844, "z": 49.634395599365234, "heading": 1.603867530822754, "speed": 2.7427978515625}, "cap": 30.0, "state": "state=ACTIVE", "cmd": {"steering": 0.004728065337985754, "accel": -1.3946270942687988}, "route": [394852, 394954, 451556, 395095, 395340], "light": [0, 0], "path_n": 8, "path_age": 0.01094082900090143, "end": [1121.439324016241, 434.7569223002915], "cells": [[80030, 451363, "30.0 m/s"], [80028, 451363, "30.0 m/s"], [80107, 451993, "30.0 m/s"], [80108, 451993, "30.0 m/s"], [80029, 451363, "30.0 m/s"], [80106, 451993, "30.0 m/s"], [80027, 451363, "30.0 m/s"], [80109, 451993, "30.0 m/s"], [80110, 451993, "30.0 m/s"], [80111, 451993, "30.0 m/s"], [80032, 451363, "30.0 m/s"], [80031, 451363, "30.0 m/s"]]}
STATE 155.72 state=ACTIVE_SHORT_PATH solver_success=1 solve_ms=0.002926 output_enabled=1 reset_detected=0
STATE 156.07 state=ACTIVE solver_success=1 solve_ms=0.003937 output_enabled=1 reset_detected=0
STATE 156.12 state=ACTIVE_SHORT_PATH solver_success=1 solve_ms=0.003427 output_enabled=1 reset_detected=0
STATE 156.27 state=ACTIVE solver_success=1 solve_ms=0.001743 output_enabled=1 reset_detected=0
STATE 156.32 state=ACTIVE_SHORT_PATH solver_success=1 solve_ms=0.002905 output_enabled=1 reset_detected=0
STATE 156.42 state=ACTIVE solver_success=1 solve_ms=0.003676 output_enabled=1 reset_detected=0
STATE 156.52 state=FORWARD_INVALID_PATH:path is too short for minimum MPC horizon solver_success=0 solve_ms=0 output_enabled=1 reset_detected=0
STATE 157.47 state=ACTIVE solver_success=1 solve_ms=0.02137 output_enabled=1 reset_detected=0
STATE 157.62 state=FORWARD_MPC_FAILURE:MPC iteration limit reached solver_success=0 solve_ms=0 output_enabled=1 reset_detected=0
ROUTE 158.47 [398690, 452668, 409435, 410258, 410360, 410405, 410497, 410605, 411361, 463065, 412293, 412346] n 61
STATE 158.52 state=ACTIVE solver_success=1 solve_ms=0.061575 output_enabled=1 reset_detected=0
STATE 158.62 state=STOP_NO_LOCAL_PATH solver_success=0 solve_ms=0 output_enabled=1 reset_detected=0
SAMPLE 160.2 {"ego": {"x": 1120.4058837890625, "y": 438.59613037109375, "z": 49.6309814453125, "heading": 1.8453893661499023, "speed": 0.0}, "cap": 30.0, "state": "state=STOP_NO_LOCAL_PATH", "cmd": {"steering": 0.0, "accel": -3.0}, "route": [398690, 452668, 409435, 410258, 410360], "light": [0, 0], "path_n": 29, "path_age": 2.2646055210061604, "end": [1120.9139174891645, 448.7311895353819], "cells": [[70741, 398540, "30.0 m/s"], [70740, 398540, "30.0 m/s"], [70745, 398540, "30.0 m/s"], [70744, 398540, "30.0 m/s"], [70742, 398540, "30.0 m/s"], [70743, 398540, "30.0 m/s"], [70749, 398690, "30.0 m/s"], [70748, 398690, "30.0 m/s"], [70751, 398690, "30.0 m/s"], [70752, 398690, "30.0 m/s"], [70750, 398690, "30.0 m/s"], [70747, 398690, "30.0 m/s"]]}
SAMPLE 160.7 {"ego": {"x": 1120.4058837890625, "y": 438.59613037109375, "z": 49.6309814453125, "heading": 1.8453893661499023, "speed": 0.0}, "cap": 30.0, "state": "state=STOP_NO_LOCAL_PATH", "cmd": {"steering": 0.0, "accel": -3.0}, "route": [398690, 452668, 409435, 410258, 410360], "light": [0, 0], "path_n": 29, "path_age": 2.764640434004832, "end": [1120.9139174891645, 448.7311895353819], "cells": [[70741, 398540, "30.0 m/s"], [70740, 398540, "30.0 m/s"], [70745, 398540, "30.0 m/s"], [70744, 398540, "30.0 m/s"], [70742, 398540, "30.0 m/s"], [70743, 398540, "30.0 m/s"], [70749, 398690, "30.0 m/s"], [70748, 398690, "30.0 m/s"], [70751, 398690, "30.0 m/s"], [70752, 398690, "30.0 m/s"], [70750, 398690, "30.0 m/s"], [70747, 398690, "30.0 m/s"]]}
SAMPLE 165.2 {"ego": {"x": 1120.4058837890625, "y": 438.59613037109375, "z": 49.6309814453125, "heading": 1.8453893661499023, "speed": 0.0}, "cap": 30.0, "state": "state=STOP_NO_LOCAL_PATH", "cmd": {"steering": 0.0, "accel": -3.0}, "route": [398690, 452668, 409435, 410258, 410360], "light": [0, 0], "path_n": 29, "path_age": 7.264693397999508, "end": [1120.9139174891645, 448.7311895353819], "cells": [[70741, 398540, "30.0 m/s"], [70740, 398540, "30.0 m/s"], [70745, 398540, "30.0 m/s"], [70744, 398540, "30.0 m/s"], [70742, 398540, "30.0 m/s"], [70743, 398540, "30.0 m/s"], [70749, 398690, "30.0 m/s"], [70748, 398690, "30.0 m/s"], [70751, 398690, "30.0 m/s"], [70752, 398690, "30.0 m/s"], [70750, 398690, "30.0 m/s"], [70747, 398690, "30.0 m/s"]]}
SAMPLE 165.7 {"ego": {"x": 1120.4058837890625, "y": 438.59613037109375, "z": 49.6309814453125, "heading": 1.8453893661499023, "speed": 0.0}, "cap": 30.0, "state": "state=STOP_NO_LOCAL_PATH", "cmd": {"steering": 0.0, "accel": -3.0}, "route": [398690, 452668, 409435, 410258, 410360], "light": [0, 0], "path_n": 29, "path_age": 7.764554270004737, "end": [1120.9139174891645, 448.7311895353819], "cells": [[70741, 398540, "30.0 m/s"], [70740, 398540, "30.0 m/s"], [70745, 398540, "30.0 m/s"], [70744, 398540, "30.0 m/s"], [70742, 398540, "30.0 m/s"], [70743, 398540, "30.0 m/s"], [70749, 398690, "30.0 m/s"], [70748, 398690, "30.0 m/s"], [70751, 398690, "30.0 m/s"], [70752, 398690, "30.0 m/s"], [70750, 398690, "30.0 m/s"], [70747, 398690, "30.0 m/s"]]}
SAMPLE 170.2 {"ego": {"x": 1120.4058837890625, "y": 438.59613037109375, "z": 49.6309814453125, "heading": 1.8453893661499023, "speed": 0.0}, "cap": 30.0, "state": "state=STOP_NO_LOCAL_PATH", "cmd": {"steering": 0.0, "accel": -3.0}, "route": [398690, 452668, 409435, 410258, 410360], "light": [0, 0], "path_n": 29, "path_age": 12.264619564004533, "end": [1120.9139174891645, 448.7311895353819], "cells": [[70741, 398540, "30.0 m/s"], [70740, 398540, "30.0 m/s"], [70745, 398540, "30.0 m/s"], [70744, 398540, "30.0 m/s"], [70742, 398540, "30.0 m/s"], [70743, 398540, "30.0 m/s"], [70749, 398690, "30.0 m/s"], [70748, 398690, "30.0 m/s"], [70751, 398690, "30.0 m/s"], [70752, 398690, "30.0 m/s"], [70750, 398690, "30.0 m/s"], [70747, 398690, "30.0 m/s"]]}
SAMPLE 170.7 {"ego": {"x": 1120.4058837890625, "y": 438.59613037109375, "z": 49.6309814453125, "heading": 1.8453893661499023, "speed": 0.0}, "cap": 30.0, "state": "state=STOP_NO_LOCAL_PATH", "cmd": {"steering": 0.0, "accel": -3.0}, "route": [398690, 452668, 409435, 410258, 410360], "light": [0, 0], "path_n": 29, "path_age": 12.764531536005961, "end": [1120.9139174891645, 448.7311895353819], "cells": [[70741, 398540, "30.0 m/s"], [70740, 398540, "30.0 m/s"], [70745, 398540, "30.0 m/s"], [70744, 398540, "30.0 m/s"], [70742, 398540, "30.0 m/s"], [70743, 398540, "30.0 m/s"], [70749, 398690, "30.0 m/s"], [70748, 398690, "30.0 m/s"], [70751, 398690, "30.0 m/s"], [70752, 398690, "30.0 m/s"], [70750, 398690, "30.0 m/s"], [70747, 398690, "30.0 m/s"]]}
SAMPLE 175.2 {"ego": {"x": 1120.4058837890625, "y": 438.59613037109375, "z": 49.6309814453125, "heading": 1.8453893661499023, "speed": 0.0}, "cap": 30.0, "state": "state=STOP_NO_LOCAL_PATH", "cmd": {"steering": 0.0, "accel": -3.0}, "route": [398690, 452668, 409435, 410258, 410360], "light": [0, 0], "path_n": 29, "path_age": 17.26457173700328, "end": [1120.9139174891645, 448.7311895353819], "cells": [[70741, 398540, "30.0 m/s"], [70740, 398540, "30.0 m/s"], [70745, 398540, "30.0 m/s"], [70744, 398540, "30.0 m/s"], [70742, 398540, "30.0 m/s"], [70743, 398540, "30.0 m/s"], [70749, 398690, "30.0 m/s"], [70748, 398690, "30.0 m/s"], [70751, 398690, "30.0 m/s"], [70752, 398690, "30.0 m/s"], [70750, 398690, "30.0 m/s"], [70747, 398690, "30.0 m/s"]]}
SAMPLE 175.7 {"ego": {"x": 1120.4058837890625, "y": 438.59613037109375, "z": 49.6309814453125, "heading": 1.8453893661499023, "speed": 0.0}, "cap": 30.0, "state": "state=STOP_NO_LOCAL_PATH", "cmd": {"steering": 0.0, "accel": -3.0}, "route": [398690, 452668, 409435, 410258, 410360], "light": [0, 0], "path_n": 29, "path_age": 17.76459683400026, "end": [1120.9139174891645, 448.7311895353819], "cells": [[70741, 398540, "30.0 m/s"], [70740, 398540, "30.0 m/s"], [70745, 398540, "30.0 m/s"], [70744, 398540, "30.0 m/s"], [70742, 398540, "30.0 m/s"], [70743, 398540, "30.0 m/s"], [70749, 398690, "30.0 m/s"], [70748, 398690, "30.0 m/s"], [70751, 398690, "30.0 m/s"], [70752, 398690, "30.0 m/s"], [70750, 398690, "30.0 m/s"], [70747, 398690, "30.0 m/s"]]}
SAMPLE 180.2 {"ego": {"x": 1120.4058837890625, "y": 438.59613037109375, "z": 49.6309814453125, "heading": 1.8453893661499023, "speed": 0.0}, "cap": 30.0, "state": "state=STOP_NO_LOCAL_PATH", "cmd": {"steering": 0.0, "accel": -3.0}, "route": [398690, 452668, 409435, 410258, 410360], "light": [0, 0], "path_n": 29, "path_age": 22.264549582003383, "end": [1120.9139174891645, 448.7311895353819], "cells": [[70741, 398540, "30.0 m/s"], [70740, 398540, "30.0 m/s"], [70745, 398540, "30.0 m/s"], [70744, 398540, "30.0 m/s"], [70742, 398540, "30.0 m/s"], [70743, 398540, "30.0 m/s"], [70749, 398690, "30.0 m/s"], [70748, 398690, "30.0 m/s"], [70751, 398690, "30.0 m/s"], [70752, 398690, "30.0 m/s"], [70750, 398690, "30.0 m/s"], [70747, 398690, "30.0 m/s"]]}
SAMPLE 180.7 {"ego": {"x": 1120.4058837890625, "y": 438.59613037109375, "z": 49.6309814453125, "heading": 1.8453893661499023, "speed": 0.0}, "cap": 30.0, "state": "state=STOP_NO_LOCAL_PATH", "cmd": {"steering": 0.0, "accel": -3.0}, "route": [398690, 452668, 409435, 410258, 410360], "light": [0, 0], "path_n": 29, "path_age": 22.76462703099969, "end": [1120.9139174891645, 448.7311895353819], "cells": [[70741, 398540, "30.0 m/s"], [70740, 398540, "30.0 m/s"], [70745, 398540, "30.0 m/s"], [70744, 398540, "30.0 m/s"], [70742, 398540, "30.0 m/s"], [70743, 398540, "30.0 m/s"], [70749, 398690, "30.0 m/s"], [70748, 398690, "30.0 m/s"], [70751, 398690, "30.0 m/s"], [70752, 398690, "30.0 m/s"], [70750, 398690, "30.0 m/s"], [70747, 398690, "30.0 m/s"]]}
SAMPLE 185.2 {"ego": {"x": 1120.4058837890625, "y": 438.59613037109375, "z": 49.6309814453125, "heading": 1.8453893661499023, "speed": 0.0}, "cap": 30.0, "state": "state=STOP_NO_LOCAL_PATH", "cmd": {"steering": 0.0, "accel": -3.0}, "route": [398690, 452668, 409435, 410258, 410360], "light": [0, 0], "path_n": 29, "path_age": 27.26461782700062, "end": [1120.9139174891645, 448.7311895353819], "cells": [[70741, 398540, "30.0 m/s"], [70740, 398540, "30.0 m/s"], [70745, 398540, "30.0 m/s"], [70744, 398540, "30.0 m/s"], [70742, 398540, "30.0 m/s"], [70743, 398540, "30.0 m/s"], [70749, 398690, "30.0 m/s"], [70748, 398690, "30.0 m/s"], [70751, 398690, "30.0 m/s"], [70752, 398690, "30.0 m/s"], [70750, 398690, "30.0 m/s"], [70747, 398690, "30.0 m/s"]]}
SAMPLE 185.7 {"ego": {"x": 1120.4058837890625, "y": 438.59613037109375, "z": 49.6309814453125, "heading": 1.8453893661499023, "speed": 0.0}, "cap": 30.0, "state": "state=STOP_NO_LOCAL_PATH", "cmd": {"steering": 0.0, "accel": -3.0}, "route": [398690, 452668, 409435, 410258, 410360], "light": [0, 0], "path_n": 29, "path_age": 27.7647045670019, "end": [1120.9139174891645, 448.7311895353819], "cells": [[70741, 398540, "30.0 m/s"], [70740, 398540, "30.0 m/s"], [70745, 398540, "30.0 m/s"], [70744, 398540, "30.0 m/s"], [70742, 398540, "30.0 m/s"], [70743, 398540, "30.0 m/s"], [70749, 398690, "30.0 m/s"], [70748, 398690, "30.0 m/s"], [70751, 398690, "30.0 m/s"], [70752, 398690, "30.0 m/s"], [70750, 398690, "30.0 m/s"], [70747, 398690, "30.0 m/s"]]}
SAMPLE 190.2 {"ego": {"x": 1120.4058837890625, "y": 438.59613037109375, "z": 49.6309814453125, "heading": 1.8453893661499023, "speed": 0.0}, "cap": 30.0, "state": "state=STOP_NO_LOCAL_PATH", "cmd": {"steering": 0.0, "accel": -3.0}, "route": [398690, 452668, 409435, 410258, 410360], "light": [0, 0], "path_n": 29, "path_age": 32.26457918200322, "end": [1120.9139174891645, 448.7311895353819], "cells": [[70741, 398540, "30.0 m/s"], [70740, 398540, "30.0 m/s"], [70745, 398540, "30.0 m/s"], [70744, 398540, "30.0 m/s"], [70742, 398540, "30.0 m/s"], [70743, 398540, "30.0 m/s"], [70749, 398690, "30.0 m/s"], [70748, 398690, "30.0 m/s"], [70751, 398690, "30.0 m/s"], [70752, 398690, "30.0 m/s"], [70750, 398690, "30.0 m/s"], [70747, 398690, "30.0 m/s"]]}
SAMPLE 190.7 {"ego": {"x": 1120.4058837890625, "y": 438.59613037109375, "z": 49.6309814453125, "heading": 1.8453893661499023, "speed": 0.0}, "cap": 30.0, "state": "state=STOP_NO_LOCAL_PATH", "cmd": {"steering": 0.0, "accel": -3.0}, "route": [398690, 452668, 409435, 410258, 410360], "light": [0, 0], "path_n": 29, "path_age": 32.76458608300163, "end": [1120.9139174891645, 448.7311895353819], "cells": [[70741, 398540, "30.0 m/s"], [70740, 398540, "30.0 m/s"], [70745, 398540, "30.0 m/s"], [70744, 398540, "30.0 m/s"], [70742, 398540, "30.0 m/s"], [70743, 398540, "30.0 m/s"], [70749, 398690, "30.0 m/s"], [70748, 398690, "30.0 m/s"], [70751, 398690, "30.0 m/s"], [70752, 398690, "30.0 m/s"], [70750, 398690, "30.0 m/s"], [70747, 398690, "30.0 m/s"]]}
SAMPLE 195.2 {"ego": {"x": 1120.4058837890625, "y": 438.59613037109375, "z": 49.6309814453125, "heading": 1.8453893661499023, "speed": 0.0}, "cap": 30.0, "state": "state=STOP_NO_LOCAL_PATH", "cmd": {"steering": 0.0, "accel": -3.0}, "route": [398690, 452668, 409435, 410258, 410360], "light": [0, 0], "path_n": 29, "path_age": 37.2646793189997, "end": [1120.9139174891645, 448.7311895353819], "cells": [[70741, 398540, "30.0 m/s"], [70740, 398540, "30.0 m/s"], [70745, 398540, "30.0 m/s"], [70744, 398540, "30.0 m/s"], [70742, 398540, "30.0 m/s"], [70743, 398540, "30.0 m/s"], [70749, 398690, "30.0 m/s"], [70748, 398690, "30.0 m/s"], [70751, 398690, "30.0 m/s"], [70752, 398690, "30.0 m/s"], [70750, 398690, "30.0 m/s"], [70747, 398690, "30.0 m/s"]]}
SAMPLE 195.7 {"ego": {"x": 1120.4058837890625, "y": 438.59613037109375, "z": 49.6309814453125, "heading": 1.8453893661499023, "speed": 0.0}, "cap": 30.0, "state": "state=STOP_NO_LOCAL_PATH", "cmd": {"steering": 0.0, "accel": -3.0}, "route": [398690, 452668, 409435, 410258, 410360], "light": [0, 0], "path_n": 29, "path_age": 37.7645631330015, "end": [1120.9139174891645, 448.7311895353819], "cells": [[70741, 398540, "30.0 m/s"], [70740, 398540, "30.0 m/s"], [70745, 398540, "30.0 m/s"], [70744, 398540, "30.0 m/s"], [70742, 398540, "30.0 m/s"], [70743, 398540, "30.0 m/s"], [70749, 398690, "30.0 m/s"], [70748, 398690, "30.0 m/s"], [70751, 398690, "30.0 m/s"], [70752, 398690, "30.0 m/s"], [70750, 398690, "30.0 m/s"], [70747, 398690, "30.0 m/s"]]}
SAMPLE 200.2 {"ego": {"x": 1120.4058837890625, "y": 438.59613037109375, "z": 49.6309814453125, "heading": 1.8453893661499023, "speed": 0.0}, "cap": 30.0, "state": "state=STOP_NO_LOCAL_PATH", "cmd": {"steering": 0.0, "accel": -3.0}, "route": [398690, 452668, 409435, 410258, 410360], "light": [0, 0], "path_n": 29, "path_age": 42.2646329440031, "end": [1120.9139174891645, 448.7311895353819], "cells": [[70741, 398540, "30.0 m/s"], [70740, 398540, "30.0 m/s"], [70745, 398540, "30.0 m/s"], [70744, 398540, "30.0 m/s"], [70742, 398540, "30.0 m/s"], [70743, 398540, "30.0 m/s"], [70749, 398690, "30.0 m/s"], [70748, 398690, "30.0 m/s"], [70751, 398690, "30.0 m/s"], [70752, 398690, "30.0 m/s"], [70750, 398690, "30.0 m/s"], [70747, 398690, "30.0 m/s"]]}
SAMPLE 200.7 {"ego": {"x": 1120.4058837890625, "y": 438.59613037109375, "z": 49.6309814453125, "heading": 1.8453893661499023, "speed": 0.0}, "cap": 30.0, "state": "state=STOP_NO_LOCAL_PATH", "cmd": {"steering": 0.0, "accel": -3.0}, "route": [398690, 452668, 409435, 410258, 410360], "light": [0, 0], "path_n": 29, "path_age": 42.76457051000034, "end": [1120.9139174891645, 448.7311895353819], "cells": [[70741, 398540, "30.0 m/s"], [70740, 398540, "30.0 m/s"], [70745, 398540, "30.0 m/s"], [70744, 398540, "30.0 m/s"], [70742, 398540, "30.0 m/s"], [70743, 398540, "30.0 m/s"], [70749, 398690, "30.0 m/s"], [70748, 398690, "30.0 m/s"], [70751, 398690, "30.0 m/s"], [70752, 398690, "30.0 m/s"], [70750, 398690, "30.0 m/s"], [70747, 398690, "30.0 m/s"]]}
SAMPLE 205.2 {"ego": {"x": 1120.4058837890625, "y": 438.59613037109375, "z": 49.6309814453125, "heading": 1.8453893661499023, "speed": 0.0}, "cap": 30.0, "state": "state=STOP_NO_LOCAL_PATH", "cmd": {"steering": 0.0, "accel": -3.0}, "route": [398690, 452668, 409435, 410258, 410360], "light": [0, 0], "path_n": 29, "path_age": 47.26470533999964, "end": [1120.9139174891645, 448.7311895353819], "cells": [[70741, 398540, "30.0 m/s"], [70740, 398540, "30.0 m/s"], [70745, 398540, "30.0 m/s"], [70744, 398540, "30.0 m/s"], [70742, 398540, "30.0 m/s"], [70743, 398540, "30.0 m/s"], [70749, 398690, "30.0 m/s"], [70748, 398690, "30.0 m/s"], [70751, 398690, "30.0 m/s"], [70752, 398690, "30.0 m/s"], [70750, 398690, "30.0 m/s"], [70747, 398690, "30.0 m/s"]]}
SAMPLE 205.7 {"ego": {"x": 1120.4058837890625, "y": 438.59613037109375, "z": 49.6309814453125, "heading": 1.8453893661499023, "speed": 0.0}, "cap": 30.0, "state": "state=STOP_NO_LOCAL_PATH", "cmd": {"steering": 0.0, "accel": -3.0}, "route": [398690, 452668, 409435, 410258, 410360], "light": [0, 0], "path_n": 29, "path_age": 47.764574619002815, "end": [1120.9139174891645, 448.7311895353819], "cells": [[70741, 398540, "30.0 m/s"], [70740, 398540, "30.0 m/s"], [70745, 398540, "30.0 m/s"], [70744, 398540, "30.0 m/s"], [70742, 398540, "30.0 m/s"], [70743, 398540, "30.0 m/s"], [70749, 398690, "30.0 m/s"], [70748, 398690, "30.0 m/s"], [70751, 398690, "30.0 m/s"], [70752, 398690, "30.0 m/s"], [70750, 398690, "30.0 m/s"], [70747, 398690, "30.0 m/s"]]}
SAMPLE 210.2 {"ego": {"x": 1120.4058837890625, "y": 438.59613037109375, "z": 49.6309814453125, "heading": 1.8453893661499023, "speed": 0.0}, "cap": 30.0, "state": "state=STOP_NO_LOCAL_PATH", "cmd": {"steering": 0.0, "accel": -3.0}, "route": [398690, 452668, 409435, 410258, 410360], "light": [0, 0], "path_n": 29, "path_age": 52.26464523200411, "end": [1120.9139174891645, 448.7311895353819], "cells": [[70741, 398540, "30.0 m/s"], [70740, 398540, "30.0 m/s"], [70745, 398540, "30.0 m/s"], [70744, 398540, "30.0 m/s"], [70742, 398540, "30.0 m/s"], [70743, 398540, "30.0 m/s"], [70749, 398690, "30.0 m/s"], [70748, 398690, "30.0 m/s"], [70751, 398690, "30.0 m/s"], [70752, 398690, "30.0 m/s"], [70750, 398690, "30.0 m/s"], [70747, 398690, "30.0 m/s"]]}
SAMPLE 210.7 {"ego": {"x": 1120.4058837890625, "y": 438.59613037109375, "z": 49.6309814453125, "heading": 1.8453893661499023, "speed": 0.0}, "cap": 30.0, "state": "state=STOP_NO_LOCAL_PATH", "cmd": {"steering": 0.0, "accel": -3.0}, "route": [398690, 452668, 409435, 410258, 410360], "light": [0, 0], "path_n": 29, "path_age": 52.76458448400081, "end": [1120.9139174891645, 448.7311895353819], "cells": [[70741, 398540, "30.0 m/s"], [70740, 398540, "30.0 m/s"], [70745, 398540, "30.0 m/s"], [70744, 398540, "30.0 m/s"], [70742, 398540, "30.0 m/s"], [70743, 398540, "30.0 m/s"], [70749, 398690, "30.0 m/s"], [70748, 398690, "30.0 m/s"], [70751, 398690, "30.0 m/s"], [70752, 398690, "30.0 m/s"], [70750, 398690, "30.0 m/s"], [70747, 398690, "30.0 m/s"]]}
STATE 211.47 state=FORWARD_STALE_EGO solver_success=0 solve_ms=0 output_enabled=1 reset_detected=0
STATE 212.52 state=STOP_NO_LOCAL_PATH solver_success=0 solve_ms=0 output_enabled=1 reset_detected=1
STATE 212.57 state=FORWARD_MPC_FAILURE:MPC iteration limit reached solver_success=0 solve_ms=0 output_enabled=1 reset_detected=0
ROUTE 212.59 [57627, 69928, 34407, 69067, 27123, 27224, 27227, 28004, 28075, 28078, 29001, 29168] n 72
STATE 212.67 state=ACTIVE solver_success=1 solve_ms=0.003226 output_enabled=1 reset_detected=0
SAMPLE 215.2 {"ego": {"x": 512.2478637695312, "y": -166.3735809326172, "z": 41.9951057434082, "heading": 0.49182361364364624, "speed": 3.8196053504943848}, "cap": 8.0, "state": "state=ACTIVE", "cmd": {"steering": -0.017380792647600174, "accel": 2.0}, "route": [57627, 69928, 34407, 69067, 27123], "light": [27, 5], "path_n": 99, "path_age": 0.03468275699560763, "end": [553.061266769235, -144.03127486200646], "cells": [[10902, 57627, "8.0 m/s"], [12735, 69928, "30.0 m/s"], [12733, 69928, "30.0 m/s"], [12734, 69928, "30.0 m/s"], [94025, 537423, "30.0 m/s"], [10905, 57627, "8.0 m/s"], [94027, 537423, "30.0 m/s"], [94026, 537423, "30.0 m/s"], [10903, 57627, "8.0 m/s"], [10904, 57627, "8.0 m/s"]]}
SAMPLE 215.7 {"ego": {"x": 514.3024291992188, "y": -165.28660583496094, "z": 41.9951057434082, "heading": 0.4863022565841675, "speed": 4.87298583984375}, "cap": 30.0, "state": "state=ACTIVE", "cmd": {"steering": 0.002772228792309761, "accel": 2.0}, "route": [57627, 69928, 34407, 69067, 27123], "light": [0, 0], "path_n": 105, "path_age": 0.0347227730017039, "end": [557.3248800832753, -141.66440745314455], "cells": [[94029, 537423, "30.0 m/s"], [12736, 69928, "30.0 m/s"], [12735, 69928, "30.0 m/s"], [12733, 69928, "30.0 m/s"], [12734, 69928, "30.0 m/s"], [94025, 537423, "30.0 m/s"], [12737, 69928, "30.0 m/s"], [94028, 537423, "30.0 m/s"], [94027, 537423, "30.0 m/s"], [94026, 537423, "30.0 m/s"], [94030, 537423, "30.0 m/s"], [12738, 69928, "30.0 m/s"]]}
STATE 218.32 state=FORWARD_MPC_FAILURE:MPC iteration limit reached solver_success=0 solve_ms=0 output_enabled=1 reset_detected=0
STATE 219.72 state=ACTIVE solver_success=1 solve_ms=0.025417 output_enabled=1 reset_detected=0
STATE 219.77 state=FORWARD_MPC_FAILURE:MPC iteration limit reached solver_success=0 solve_ms=0 output_enabled=1 reset_detected=0
STATE 219.92 state=ACTIVE solver_success=1 solve_ms=0.006522 output_enabled=1 reset_detected=0
SAMPLE 220.2 {"ego": {"x": 549.1240844726562, "y": -146.16578674316406, "z": 42.0046501159668, "heading": 0.5033800005912781, "speed": 9.575870513916016}, "cap": 30.0, "state": "state=ACTIVE", "cmd": {"steering": -0.0003018601273652166, "accel": -1.600000023841858}, "route": [57627, 69928, 34407, 69067, 27123], "light": [0, 0], "path_n": 43, "path_age": 0.029067363000649493, "end": [565.507403843338, -137.40170982300646], "cells": [[12776, 69928, "30.0 m/s"], [93665, 535232, "30.0 m/s"], [12777, 69928, "30.0 m/s"], [93666, 535232, "30.0 m/s"], [12773, 69928, "30.0 m/s"], [12775, 69928, "30.0 m/s"], [93662, 535232, "30.0 m/s"], [93664, 535232, "30.0 m/s"], [93663, 535232, "30.0 m/s"], [12774, 69928, "30.0 m/s"]]}
SAMPLE 220.7 {"ego": {"x": 553.269775390625, "y": -143.89141845703125, "z": 42.000980377197266, "heading": 0.5007636547088623, "speed": 8.777816772460938}, "cap": 30.0, "state": "state=ACTIVE", "cmd": {"steering": -0.001961361151188612, "accel": -0.10000000149011612}, "route": [57627, 69928, 34407, 69067, 27123], "light": [0, 0], "path_n": 36, "path_age": 0.03352367899788078, "end": [566.1970404236339, -137.06499290497607], "cells": [[93668, 535232, "30.0 m/s"], [12779, 69928, "30.0 m/s"], [93669, 535232, "30.0 m/s"], [12777, 69928, "30.0 m/s"], [93666, 535232, "30.0 m/s"], [93667, 535232, "30.0 m/s"], [12778, 69928, "30.0 m/s"], [93670, 535232, "30.0 m/s"], [12781, 69928, "30.0 m/s"], [93671, 535232, "30.0 m/s"], [12782, 69928, "30.0 m/s"], [12780, 69928, "30.0 m/s"]]}
STATE 221.42 state=ACTIVE_SHORT_PATH solver_success=1 solve_ms=0.013094 output_enabled=1 reset_detected=0
STATE 221.62 state=ACTIVE solver_success=1 solve_ms=0.02139 output_enabled=1 reset_detected=0
STATE 221.67 state=ACTIVE_SHORT_PATH solver_success=1 solve_ms=0.003828 output_enabled=1 reset_detected=0
STATE 221.82 state=ACTIVE solver_success=1 solve_ms=0.003767 output_enabled=1 reset_detected=0
STATE 221.87 state=ACTIVE_SHORT_PATH solver_success=1 solve_ms=0.007314 output_enabled=1 reset_detected=0
ROUTE 222.0 [34407, 69067, 27123, 27224, 27227, 28004, 28075, 28078, 29001, 29168, 29439, 32840] n 70
STATE 222.02 state=ACTIVE solver_success=1 solve_ms=0.007945 output_enabled=1 reset_detected=0
SAMPLE 225.2 {"ego": {"x": 583.72021484375, "y": -128.4830780029297, "z": 43.208980560302734, "heading": 0.44671329855918884, "speed": 6.046257495880127}, "cap": 30.0, "state": "state=ACTIVE", "cmd": {"steering": -0.027875253930687904, "accel": 0.9117138385772705}, "route": [34407, 69067, 27123, 27224, 27227], "light": [136, 3], "path_n": 112, "path_age": 0.0008582969967392273, "end": [633.5182480052473, -107.59720810317577], "cells": [[6381, 34407, "30.0 m/s"], [6382, 34407, "30.0 m/s"], [6385, 34407, "30.0 m/s"], [6383, 34407, "30.0 m/s"], [6384, 34407, "30.0 m/s"]]}
SAMPLE 225.7 {"ego": {"x": 586.8360595703125, "y": -127.05215454101562, "z": 43.66947555541992, "heading": 0.4221870005130768, "speed": 6.89373254776001}, "cap": 30.0, "state": "state=ACTIVE", "cmd": {"steering": -0.01620672084391117, "accel": 2.0}, "route": [34407, 69067, 27123, 27224, 27227], "light": [136, 3], "path_n": 93, "path_age": 0.048990977003995795, "end": [627.1204650780095, -109.77953457771669], "cells": [[6386, 34407, "30.0 m/s"], [6388, 34407, "30.0 m/s"], [6389, 34407, "30.0 m/s"], [6387, 34407, "30.0 m/s"], [6385, 34407, "30.0 m/s"], [6384, 34407, "30.0 m/s"]]}
SAMPLE 230.2 {"ego": {"x": 617.4156494140625, "y": -113.80132293701172, "z": 45.401309967041016, "heading": 0.4187277555465698, "speed": 7.028834819793701}, "cap": 30.0, "state": "state=ACTIVE", "cmd": {"steering": -0.009610527195036411, "accel": -0.9857577085494995}, "route": [34407, 69067, 27123, 27224, 27227], "light": [0, 0], "path_n": 95, "path_age": 0.027944264002144337, "end": [660.5698126373817, -100.85646162237681], "cells": [[12642, 69067, "30.0 m/s"], [93143, 531841, "30.0 m/s"], [12643, 69067, "30.0 m/s"], [93142, 531841, "30.0 m/s"], [93146, 531841, "30.0 m/s"], [93147, 531841, "30.0 m/s"], [12646, 69067, "30.0 m/s"], [12645, 69067, "30.0 m/s"], [93145, 531841, "30.0 m/s"], [93144, 531841, "30.0 m/s"], [12644, 69067, "30.0 m/s"], [12647, 69067, "30.0 m/s"]]}
SAMPLE 230.7 {"ego": {"x": 620.6030883789062, "y": -112.40843200683594, "z": 45.4039192199707, "heading": 0.4055277407169342, "speed": 6.34104061126709}, "cap": 30.0, "state": "state=ACTIVE", "cmd": {"steering": -0.02278701402246952, "accel": -1.7515692710876465}, "route": [34407, 69067, 27123, 27224, 27227], "light": [0, 0], "path_n": 92, "path_age": 0.02864921400032472, "end": [662.0118844090094, -100.49616926468718], "cells": [[93146, 531841, "30.0 m/s"], [93147, 531841, "30.0 m/s"], [12646, 69067, "30.0 m/s"], [93145, 531841, "30.0 m/s"], [12647, 69067, "30.0 m/s"], [93215, 532406, "30.0 m/s"], [93267, 532768, "30.0 m/s"], [12649, 69067, "30.0 m/s"], [93213, 532406, "30.0 m/s"], [12648, 69067, "30.0 m/s"], [93214, 532406, "30.0 m/s"], [12650, 69067, "30.0 m/s"], [93266, 532768, "30.0 m/s"]]}
SAMPLE 235.2 {"ego": {"x": 647.5648193359375, "y": -104.22785949707031, "z": 45.39510726928711, "heading": 0.23714572191238403, "speed": 9.341714859008789}, "cap": 30.0, "state": "state=ACTIVE", "cmd": {"steering": 0.0008549862541258335, "accel": 1.850000023841858}, "route": [34407, 69067, 27123, 27224, 27227], "light": [0, 0], "path_n": 32, "path_age": 0.04337170899816556, "end": [660.6600395568331, -100.83403123795345], "cells": [[12676, 69067, "30.0 m/s"], [93189, 532187, "30.0 m/s"], [12679, 69067, "30.0 m/s"], [93194, 532187, "30.0 m/s"], [12675, 69067, "30.0 m/s"], [93193, 532187, "30.0 m/s"], [93192, 532187, "30.0 m/s"], [12674, 69067, "30.0 m/s"], [12678, 69067, "30.0 m/s"], [93190, 532187, "30.0 m/s"], [93191, 532187, "30.0 m/s"], [12677, 69067, "30.0 m/s"]]}
STATE 235.67 state=ACTIVE_SHORT_PATH solver_success=1 solve_ms=0.017583 output_enabled=1 reset_detected=0
SAMPLE 235.7 {"ego": {"x": 652.5392456054688, "y": -103.01765441894531, "z": 45.39657211303711, "heading": 0.23975275456905365, "speed": 10.259038925170898}, "cap": 30.0, "state": "state=ACTIVE_SHORT_PATH", "cmd": {"steering": 0.0028693529311567545, "accel": 0.949999988079071}, "route": [34407, 69067, 27123, 27224, 27227], "light": [0, 0], "path_n": 45, "path_age": 0.0012424270025803708, "end": [672.8842318707949, -97.9695369619372], "cells": [[93196, 532187, "30.0 m/s"], [93195, 532187, "30.0 m/s"], [12679, 69067, "30.0 m/s"], [12680, 69067, "30.0 m/s"], [93194, 532187, "30.0 m/s"], [12681, 69067, "30.0 m/s"], [12682, 69067, "30.0 m/s"], [12684, 69067, "30.0 m/s"], [93199, 532187, "30.0 m/s"], [12683, 69067, "30.0 m/s"], [93197, 532187, "30.0 m/s"], [93198, 532187, "30.0 m/s"]]}
STATE 235.72 state=FORWARD_MPC_FAILURE:MPC iteration limit reached solver_success=0 solve_ms=0 output_enabled=1 reset_detected=0
ROUTE 236.18 [27123, 27224, 27227, 28004, 28075, 28078, 29001, 29168, 29439, 32840, 32974, 33068] n 68
STATE 236.37 state=STOP_NO_LOCAL_PATH solver_success=0 solve_ms=0 output_enabled=1 reset_detected=0
STATE 237.17 state=ACTIVE solver_success=1 solve_ms=0.00529 output_enabled=1 reset_detected=0
SAMPLE 240.2 {"ego": {"x": 688.751708984375, "y": -95.74461364746094, "z": 46.59813690185547, "heading": 0.14563199877738953, "speed": 7.277571678161621}, "cap": 8.0, "state": "state=ACTIVE", "cmd": {"steering": -0.0030029553454369307, "accel": 0.11322379112243652}, "route": [27123, 27224, 27227, 28004, 28075], "light": [143, 5], "path_n": 121, "path_age": 0.002600450003228616, "end": [747.3839463218336, -91.46863957848447], "cells": [[4878, 27123, "8.0 m/s"], [4877, 27123, "8.0 m/s"], [4879, 27123, "8.0 m/s"], [4881, 27123, "8.0 m/s"], [4880, 27123, "8.0 m/s"], [4882, 27123, "8.0 m/s"]]}
SAMPLE 240.7 {"ego": {"x": 692.5808715820312, "y": -95.19227600097656, "z": 46.80051803588867, "heading": 0.14112576842308044, "speed": 7.462920665740967}, "cap": 8.0, "state": "state=ACTIVE", "cmd": {"steering": -0.007115879561752081, "accel": -0.0012916071573272347}, "route": [27123, 27224, 27227, 28004, 28075], "light": [143, 5], "path_n": 124, "path_age": 0.0028476730003603734, "end": [751.6364450806004, -91.35853580631625], "cells": [[4881, 27123, "8.0 m/s"], [4883, 27123, "8.0 m/s"], [4882, 27123, "8.0 m/s"], [4884, 27123, "8.0 m/s"], [4885, 27123, "8.0 m/s"], [4886, 27123, "8.0 m/s"]]}
SAMPLE 245.2 {"ego": {"x": 725.8792114257812, "y": -92.37965393066406, "z": 47.697147369384766, "heading": 0.041251540184020996, "speed": 7.4945478439331055}, "cap": 8.0, "state": "state=ACTIVE", "cmd": {"steering": 0.00012652447912842035, "accel": -0.021716302260756493}, "route": [27123, 27224, 27227, 28004, 28075], "light": [143, 5], "path_n": 123, "path_age": 0.004501991999859456, "end": [784.8904307617215, -89.68773749216534], "cells": [[4919, 27123, "8.0 m/s"], [4917, 27123, "8.0 m/s"], [4916, 27123, "8.0 m/s"], [4915, 27123, "8.0 m/s"], [4914, 27123, "8.0 m/s"], [4918, 27123, "8.0 m/s"]]}
SAMPLE 245.7 {"ego": {"x": 729.7620239257812, "y": -92.2183837890625, "z": 47.77992630004883, "heading": 0.04214969649910927, "speed": 7.395816802978516}, "cap": 8.0, "state": "state=ACTIVE", "cmd": {"steering": 0.0022493537981063128, "accel": 0.02577211707830429}, "route": [27123, 27224, 27227, 28004, 28075], "light": [143, 2], "path_n": 123, "path_age": 0.006466621998697519, "end": [788.2621297323999, -89.09422815981692], "cells": [[4919, 27123, "8.0 m/s"], [4918, 27123, "8.0 m/s"], [4920, 27123, "8.0 m/s"], [4921, 27123, "8.0 m/s"], [4922, 27123, "8.0 m/s"], [4923, 27123, "8.0 m/s"]]}
SAMPLE 250.2 {"ego": {"x": 763.2860107421875, "y": -91.05712890625, "z": 48.49382019042969, "heading": 0.028960812836885452, "speed": 7.476622581481934}, "cap": 8.0, "state": "state=ACTIVE", "cmd": {"steering": 0.006930247414857149, "accel": 0.007308660540729761}, "route": [27123, 27224, 27227, 28004, 28075], "light": [143, 1], "path_n": 57, "path_age": 0.009703796000394505, "end": [789.3242438410549, -88.87100349975903], "cells": [[4952, 27123, "8.0 m/s"], [4956, 27123, "8.0 m/s"], [4955, 27123, "8.0 m/s"], [4957, 27123, "8.0 m/s"], [4954, 27123, "8.0 m/s"], [4953, 27123, "8.0 m/s"]]}
SAMPLE 250.7 {"ego": {"x": 767.1754150390625, "y": -90.92505645751953, "z": 48.58268737792969, "heading": 0.03797635808587074, "speed": 7.456523895263672}, "cap": 8.0, "state": "state=ACTIVE", "cmd": {"steering": 0.011379326693713665, "accel": 0.008832067251205444}, "route": [27123, 27224, 27227, 28004, 28075], "light": [143, 1], "path_n": 49, "path_age": 0.010974556003930047, "end": [789.1765716552073, -88.90270059714402], "cells": [[4956, 27123, "8.0 m/s"], [4957, 27123, "8.0 m/s"], [4958, 27123, "8.0 m/s"], [4959, 27123, "8.0 m/s"], [4961, 27123, "8.0 m/s"], [4960, 27123, "8.0 m/s"]]}
ROUTE 252.68 [27224, 27227, 28004, 28075, 28078, 29001, 29168, 29439, 32840, 32974, 33068, 33348] n 67
STATE 253.27 state=ACTIVE_SHORT_PATH solver_success=1 solve_ms=0.011021 output_enabled=1 reset_detected=0
STATE 253.72 state=ACTIVE solver_success=1 solve_ms=0.031699 output_enabled=1 reset_detected=0
STATE 254.07 state=ACTIVE_SHORT_PATH solver_success=1 solve_ms=0.002044 output_enabled=1 reset_detected=0
STATE 254.92 state=FORWARD_INVALID_PATH:path is too short for minimum MPC horizon solver_success=0 solve_ms=0 output_enabled=1 reset_detected=0
ROUTE 254.97 [28004, 28075, 28078, 29001, 29168, 29439, 32840, 32974, 33068, 33348, 99175, 96120] n 65
STATE 255.07 state=FORWARD_MPC_FAILURE:MPC iteration limit reached solver_success=0 solve_ms=0 output_enabled=1 reset_detected=0
SAMPLE 255.2 {"ego": {"x": 794.9096069335938, "y": -87.4590835571289, "z": 49.439735412597656, "heading": 0.27912676334381104, "speed": 2.8926632404327393}, "cap": 8.0, "state": "state=FORWARD_MPC_FAILURE:MPC", "cmd": {"steering": 0.41999998688697815, "accel": -2.0999999046325684}, "route": [28004, 28075, 28078, 29001, 29168], "light": [143, 1], "path_n": 37, "path_age": 0.011983215998043306, "end": [810.479138396929, -80.33915910011514], "cells": [[4990, 28004, "8.0 m/s"], [4988, 28004, "8.0 m/s"], [4991, 28004, "8.0 m/s"], [4989, 28004, "8.0 m/s"], [4986, 27224, "8.0 m/s"], [4987, 27227, "8.0 m/s"], [4985, 27224, "8.0 m/s"]]}
SAMPLE 255.7 {"ego": {"x": 796.0671997070312, "y": -87.0245361328125, "z": 49.481773376464844, "heading": 0.41052985191345215, "speed": 2.0296292304992676}, "cap": 8.0, "state": "state=FORWARD_MPC_FAILURE:MPC", "cmd": {"steering": 0.2199999988079071, "accel": -0.6000000238418579}, "route": [28004, 28075, 28078, 29001, 29168], "light": [143, 1], "path_n": 25, "path_age": 0.014105429996561725, "end": [803.6586780008497, -83.99229354563457], "cells": [[4990, 28004, "8.0 m/s"], [4988, 28004, "8.0 m/s"], [4992, 28004, "8.0 m/s"], [4991, 28004, "8.0 m/s"], [4989, 28004, "8.0 m/s"], [4986, 27224, "8.0 m/s"], [4987, 27227, "8.0 m/s"]]}
STATE 256.22 state=ACTIVE solver_success=1 solve_ms=0.048541 output_enabled=1 reset_detected=0
SAMPLE 260.2 {"ego": {"x": 813.8661499023438, "y": -77.24470520019531, "z": 50.34718704223633, "heading": 0.615987241268158, "speed": 6.414971351623535}, "cap": 8.0, "state": "state=ACTIVE", "cmd": {"steering": 0.03926180675625801, "accel": -0.5604966282844543}, "route": [28004, 28075, 28078, 29001, 29168], "light": [143, 1], "path_n": 50, "path_age": 0.008221700998547021, "end": [830.6045120519549, -62.483880636648166], "cells": [[5487, 30387, "8.0 m/s"], [5008, 28004, "8.0 m/s"], [5009, 28004, "8.0 m/s"], [5486, 30387, "8.0 m/s"], [5010, 28004, "8.0 m/s"], [5485, 30387, "8.0 m/s"], [5011, 28004, "8.0 m/s"], [5484, 30387, "8.0 m/s"], [5012, 28004, "8.0 m/s"], [5483, 30387, "8.0 m/s"], [5013, 28004, "8.0 m/s"]]}
SAMPLE 260.7 {"ego": {"x": 816.4913940429688, "y": -75.28096008300781, "z": 50.50519943237305, "heading": 0.658708393573761, "speed": 6.242150783538818}, "cap": 8.0, "state": "state=ACTIVE", "cmd": {"steering": 0.038692738860845566, "accel": 0.5707775950431824}, "route": [28004, 28075, 28078, 29001, 29168], "light": [143, 1], "path_n": 50, "path_age": 0.00930220400186954, "end": [832.3071248410241, -60.410294084482885], "cells": [[5011, 28004, "8.0 m/s"], [5484, 30387, "8.0 m/s"], [5012, 28004, "8.0 m/s"], [5483, 30387, "8.0 m/s"], [5482, 30387, "8.0 m/s"], [5481, 30387, "8.0 m/s"], [5015, 28004, "8.0 m/s"], [5013, 28004, "8.0 m/s"], [5014, 28004, "8.0 m/s"], [5480, 30387, "8.0 m/s"], [5016, 28004, "8.0 m/s"]]}
SAMPLE 265.2 {"ego": {"x": 835.5894775390625, "y": -55.403602600097656, "z": 51.96866989135742, "heading": 0.9177986979484558, "speed": 4.821893215179443}, "cap": 8.0, "state": "state=ACTIVE", "cmd": {"steering": 0.03121986985206604, "accel": -0.41706621646881104}, "route": [28004, 28075, 28078, 29001, 29168], "light": [143, 1], "path_n": 45, "path_age": 0.0021310110023478046, "end": [846.6301254874206, -38.132341143351006], "cells": [[5039, 28004, "8.0 m/s"], [5040, 28004, "8.0 m/s"], [5041, 28004, "8.0 m/s"], [5042, 28004, "8.0 m/s"], [5044, 28004, "8.0 m/s"], [5043, 28004, "8.0 m/s"]]}
SAMPLE 265.7 {"ego": {"x": 837.0556640625, "y": -53.42900466918945, "z": 52.09892272949219, "heading": 0.9412821531295776, "speed": 4.649423599243164}, "cap": 8.0, "state": "state=ACTIVE", "cmd": {"steering": 0.029539329931139946, "accel": 0.5771192908287048}, "route": [28004, 28075, 28078, 29001, 29168], "light": [143, 1], "path_n": 45, "path_age": 0.0031617330023436807, "end": [847.6070884720506, -36.16010260350948], "cells": [[5041, 28004, "8.0 m/s"], [5042, 28004, "8.0 m/s"], [5044, 28004, "8.0 m/s"], [5045, 28004, "8.0 m/s"], [5046, 28004, "8.0 m/s"], [5043, 28004, "8.0 m/s"]]}
SAMPLE 270.2 {"ego": {"x": 849.0618286132812, "y": -32.265689849853516, "z": 53.41714096069336, "heading": 1.1708093881607056, "speed": 4.482037544250488}, "cap": 8.0, "state": "state=ACTIVE", "cmd": {"steering": 0.033807627856731415, "accel": 0.243960902094841}, "route": [28004, 28075, 28078, 29001, 29168], "light": [143, 5], "path_n": 42, "path_age": 0.0015668939959141426, "end": [855.1495756428369, -13.408200679230918], "cells": [[5068, 28004, "8.0 m/s"], [5066, 28004, "8.0 m/s"], [5067, 28004, "8.0 m/s"], [5071, 28004, "8.0 m/s"], [5069, 28004, "8.0 m/s"], [5070, 28004, "8.0 m/s"]]}
SAMPLE 270.7 {"ego": {"x": 849.9691772460938, "y": -30.022836685180664, "z": 53.54695510864258, "heading": 1.1957200765609741, "speed": 4.704050064086914}, "cap": 8.0, "state": "state=ACTIVE", "cmd": {"steering": 0.03340614587068558, "accel": 0.243960902094841}, "route": [28004, 28075, 28078, 29001, 29168], "light": [143, 5], "path_n": 44, "path_age": 0.0014908319935784675, "end": [855.7759469122137, -10.841369774748896], "cells": [[5068, 28004, "8.0 m/s"], [5071, 28004, "8.0 m/s"], [5069, 28004, "8.0 m/s"], [5070, 28004, "8.0 m/s"], [5073, 28004, "8.0 m/s"], [5072, 28004, "8.0 m/s"]]}
STATE 271.57 state=FORWARD_STALE_EGO solver_success=0 solve_ms=0 output_enabled=1 reset_detected=0
STATE 272.37 state=STOP_NO_LOCAL_PATH solver_success=0 solve_ms=0 output_enabled=1 reset_detected=1
ROUTE 272.37 [57627, 69928, 34407, 69067, 27123, 27224, 27227, 28004, 28075, 28078, 29001, 29168] n 72
STATE 272.52 state=ACTIVE solver_success=1 solve_ms=0.001874 output_enabled=1 reset_detected=0
SAMPLE 275.2 {"ego": {"x": 513.27197265625, "y": -165.83102416992188, "z": 41.9951057434082, "heading": 0.48658087849617004, "speed": 4.469323635101318}, "cap": 8.0, "state": "state=ACTIVE", "cmd": {"steering": -0.00013477401807904243, "accel": 2.0}, "route": [57627, 69928, 34407, 69067, 27123], "light": [0, 0], "path_n": 101, "path_age": 0.031708990994957276, "end": [555.5300267366221, -142.6609703283783], "cells": [[94029, 537423, "30.0 m/s"], [12736, 69928, "30.0 m/s"], [12735, 69928, "30.0 m/s"], [12733, 69928, "30.0 m/s"], [12734, 69928, "30.0 m/s"], [94025, 537423, "30.0 m/s"], [12737, 69928, "30.0 m/s"], [10905, 57627, "8.0 m/s"], [94028, 537423, "30.0 m/s"], [94027, 537423, "30.0 m/s"], [94026, 537423, "30.0 m/s"], [10903, 57627, "8.0 m/s"], [10904, 57627, "8.0 m/s"]]}
SAMPLE 275.7 {"ego": {"x": 515.3853149414062, "y": -164.7119140625, "z": 41.9951057434082, "heading": 0.48782315850257874, "speed": 5.359827995300293}, "cap": 30.0, "state": "state=ACTIVE", "cmd": {"steering": 0.0050422619096934795, "accel": 2.0}, "route": [57627, 69928, 34407, 69067, 27123], "light": [0, 0], "path_n": 108, "path_age": 0.030481652000162285, "end": [560.5924173946828, -139.9059991175142], "cells": [[94029, 537423, "30.0 m/s"], [12736, 69928, "30.0 m/s"], [12735, 69928, "30.0 m/s"], [12734, 69928, "30.0 m/s"], [12737, 69928, "30.0 m/s"], [94028, 537423, "30.0 m/s"], [94027, 537423, "30.0 m/s"], [94026, 537423, "30.0 m/s"], [94030, 537423, "30.0 m/s"], [12738, 69928, "30.0 m/s"], [94031, 537423, "30.0 m/s"], [12739, 69928, "30.0 m/s"]]}
STATE 278.07 state=FORWARD_MPC_FAILURE:MPC iteration limit reached solver_success=0 solve_ms=0 output_enabled=1 reset_detected=0
STATE 279.67 state=ACTIVE solver_success=1 solve_ms=0.009087 output_enabled=1 reset_detected=0
SAMPLE 280.2 {"ego": {"x": 551.3125, "y": -144.89190673828125, "z": 42.00281524658203, "heading": 0.5040190815925598, "speed": 8.998955726623535}, "cap": 30.0, "state": "state=ACTIVE", "cmd": {"steering": -0.0027447878383100033, "accel": -0.8500000238418579}, "route": [57627, 69928, 34407, 69067, 27123], "light": [0, 0], "path_n": 43, "path_age": 0.030666970000311267, "end": [566.9658839561462, -136.69524617117082], "cells": [[93668, 535232, "30.0 m/s"], [12779, 69928, "30.0 m/s"], [93669, 535232, "30.0 m/s"], [12776, 69928, "30.0 m/s"], [93665, 535232, "30.0 m/s"], [12777, 69928, "30.0 m/s"], [93666, 535232, "30.0 m/s"], [93667, 535232, "30.0 m/s"], [12778, 69928, "30.0 m/s"], [12775, 69928, "30.0 m/s"], [93664, 535232, "30.0 m/s"], [12780, 69928, "30.0 m/s"]]}
SAMPLE 280.7 {"ego": {"x": 555.0277709960938, "y": -142.8509521484375, "z": 41.99951171875, "heading": 0.5008537769317627, "speed": 8.922876358032227}, "cap": 30.0, "state": "state=ACTIVE", "cmd": {"steering": -0.0037262814585119486, "accel": 0.6499999761581421}, "route": [57627, 69928, 34407, 69067, 27123], "light": [0, 0], "path_n": 36, "path_age": 0.034211029997095466, "end": [567.7940648088287, -136.30271021672323], "cells": [[93668, 535232, "30.0 m/s"], [12779, 69928, "30.0 m/s"], [93669, 535232, "30.0 m/s"], [93670, 535232, "30.0 m/s"], [12781, 69928, "30.0 m/s"], [93671, 535232, "30.0 m/s"], [12782, 69928, "30.0 m/s"], [12780, 69928, "30.0 m/s"], [93672, 535232, "30.0 m/s"], [12783, 69928, "30.0 m/s"], [93673, 535232, "30.0 m/s"], [12784, 69928, "30.0 m/s"]]}
STATE 281.17 state=ACTIVE_SHORT_PATH solver_success=1 solve_ms=0.00533 output_enabled=1 reset_detected=0
ROUTE 281.7 [34407, 69067, 27123, 27224, 27227, 28004, 28075, 28078, 29001, 29168, 29439, 32840] n 70
STATE 281.77 state=ACTIVE solver_success=1 solve_ms=0.014457 output_enabled=1 reset_detected=0
SAMPLE 285.2 {"ego": {"x": 583.6665649414062, "y": -128.57958984375, "z": 43.195823669433594, "heading": 0.4453885853290558, "speed": 6.074017524719238}, "cap": 30.0, "state": "state=ACTIVE", "cmd": {"steering": -0.027014845982193947, "accel": 1.559107780456543}, "route": [34407, 69067, 27123, 27224, 27227], "light": [136, 3], "path_n": 114, "path_age": 0.04708860599930631, "end": [633.3676595068853, -107.64481139056925], "cells": [[6381, 34407, "30.0 m/s"], [6382, 34407, "30.0 m/s"], [6385, 34407, "30.0 m/s"], [6383, 34407, "30.0 m/s"], [6384, 34407, "30.0 m/s"]]}
SAMPLE 285.7 {"ego": {"x": 586.5467529296875, "y": -127.2562026977539, "z": 43.62165832519531, "heading": 0.4235815405845642, "speed": 7.006412982940674}, "cap": 30.0, "state": "state=ACTIVE", "cmd": {"steering": -0.013419460505247116, "accel": 2.0}, "route": [34407, 69067, 27123, 27224, 27227], "light": [136, 3], "path_n": 95, "path_age": 0.000685835002514068, "end": [628.3972937248516, -109.30973195377445], "cells": [[6386, 34407, "30.0 m/s"], [6388, 34407, "30.0 m/s"], [6389, 34407, "30.0 m/s"], [6387, 34407, "30.0 m/s"], [6385, 34407, "30.0 m/s"], [6384, 34407, "30.0 m/s"]]}
SAMPLE 290.2 {"ego": {"x": 617.7882080078125, "y": -113.63481903076172, "z": 45.40260696411133, "heading": 0.4202457666397095, "speed": 6.796210289001465}, "cap": 30.0, "state": "state=ACTIVE", "cmd": {"steering": -0.012854110449552536, "accel": -1.2620190382003784}, "route": [34407, 69067, 27123, 27224, 27227], "light": [0, 0], "path_n": 95, "path_age": 0.0266175779979676, "end": [660.959977543426, -100.75933191447118], "cells": [[93143, 531841, "30.0 m/s"], [12643, 69067, "30.0 m/s"], [93142, 531841, "30.0 m/s"], [93146, 531841, "30.0 m/s"], [93147, 531841, "30.0 m/s"], [12646, 69067, "30.0 m/s"], [12645, 69067, "30.0 m/s"], [93145, 531841, "30.0 m/s"], [93144, 531841, "30.0 m/s"], [12644, 69067, "30.0 m/s"], [12647, 69067, "30.0 m/s"]]}
SAMPLE 290.7 {"ego": {"x": 620.6898803710938, "y": -112.36662292480469, "z": 45.40397262573242, "heading": 0.4055732488632202, "speed": 5.665396213531494}, "cap": 30.0, "state": "state=ACTIVE", "cmd": {"steering": -0.0275467187166214, "accel": -1.3238319158554077}, "route": [34407, 69067, 27123, 27224, 27227], "light": [0, 0], "path_n": 91, "path_age": 0.030316017000586726, "end": [662.1255943081192, -100.46765357163129], "cells": [[93146, 531841, "30.0 m/s"], [93147, 531841, "30.0 m/s"], [12646, 69067, "30.0 m/s"], [93145, 531841, "30.0 m/s"], [12647, 69067, "30.0 m/s"], [93215, 532406, "30.0 m/s"], [93267, 532768, "30.0 m/s"], [12649, 69067, "30.0 m/s"], [12651, 69067, "30.0 m/s"], [93213, 532406, "30.0 m/s"], [12648, 69067, "30.0 m/s"], [93214, 532406, "30.0 m/s"], [12650, 69067, "30.0 m/s"], [93266, 532768, "30.0 m/s"]]}
SAMPLE 295.2 {"ego": {"x": 648.9390258789062, "y": -103.94720458984375, "z": 45.39620590209961, "heading": 0.23483245074748993, "speed": 9.516098976135254}, "cap": 30.0, "state": "state=ACTIVE", "cmd": {"steering": 0.0013347093481570482, "accel": 1.25}, "route": [34407, 69067, 27123, 27224, 27227], "light": [0, 0], "path_n": 32, "path_age": 0.03725410700280918, "end": [661.9489678712878, -100.51194726805336], "cells": [[12676, 69067, "30.0 m/s"], [93195, 532187, "30.0 m/s"], [12679, 69067, "30.0 m/s"], [12680, 69067, "30.0 m/s"], [93194, 532187, "30.0 m/s"], [12675, 69067, "30.0 m/s"], [93193, 532187, "30.0 m/s"], [93192, 532187, "30.0 m/s"], [12678, 69067, "30.0 m/s"], [93190, 532187, "30.0 m/s"], [93191, 532187, "30.0 m/s"], [12677, 69067, "30.0 m/s"]]}
STATE 295.52 state=ACTIVE_SHORT_PATH solver_success=1 solve_ms=0.022252 output_enabled=1 reset_detected=0
STATE 295.67 state=FORWARD_MPC_FAILURE:MPC iteration limit reached solver_success=0 solve_ms=0 output_enabled=1 reset_detected=0
SAMPLE 295.7 {"ego": {"x": 653.5645751953125, "y": -102.82793426513672, "z": 45.399879455566406, "heading": 0.24032388627529144, "speed": 10.240715980529785}, "cap": 30.0, "state": "state=FORWARD_MPC_FAILURE:MPC", "cmd": {"steering": 0.0, "accel": -0.25}, "route": [34407, 69067, 27123, 27224, 27227], "light": [0, 0], "path_n": 108, "path_age": 0.05007456699968316, "end": [704.3090044164683, -93.54683776756579], "cells": [[93196, 532187, "30.0 m/s"], [93195, 532187, "30.0 m/s"], [12680, 69067, "30.0 m/s"], [12681, 69067, "30.0 m/s"], [12682, 69067, "30.0 m/s"], [12684, 69067, "30.0 m/s"], [93199, 532187, "30.0 m/s"], [12683, 69067, "30.0 m/s"], [93197, 532187, "30.0 m/s"], [93198, 532187, "30.0 m/s"], [12685, 69067, "30.0 m/s"], [93200, 532187, "30.0 m/s"]]}
STATE 295.72 state=ACTIVE solver_success=1 solve_ms=0.011161 output_enabled=1 reset_detected=0
ROUTE 296.08 [27123, 27224, 27227, 28004, 28075, 28078, 29001, 29168, 29439, 32840, 32974, 33068] n 68
STATE 296.32 state=STOP_NO_LOCAL_PATH solver_success=0 solve_ms=0 output_enabled=1 reset_detected=0
STATE 296.47 state=ACTIVE solver_success=1 solve_ms=0.033062 output_enabled=1 reset_detected=0
SAMPLE 300.2 {"ego": {"x": 686.54150390625, "y": -96.0760498046875, "z": 46.46747589111328, "heading": 0.1456349939107895, "speed": 7.3845133781433105}, "cap": 8.0, "state": "state=ACTIVE", "cmd": {"steering": 0.001875434536486864, "accel": 0.06374170631170273}, "route": [27123, 27224, 27227, 28004, 28075], "light": [143, 5], "path_n": 123, "path_age": 0.005645617995469365, "end": [745.3593003699623, -91.51876879270822], "cells": [[4878, 27123, "8.0 m/s"], [4875, 27123, "8.0 m/s"], [4876, 27123, "8.0 m/s"], [4877, 27123, "8.0 m/s"], [4879, 27123, "8.0 m/s"], [4880, 27123, "8.0 m/s"]]}
SAMPLE 300.7 {"ego": {"x": 690.0662841796875, "y": -95.5573959350586, "z": 46.670928955078125, "heading": 0.14558996260166168, "speed": 7.442478179931641}, "cap": 8.0, "state": "state=ACTIVE", "cmd": {"steering": -0.004251034930348396, "accel": 0.04730606451630592}, "route": [27123, 27224, 27227, 28004, 28075], "light": [143, 5], "path_n": 123, "path_age": 0.004405132996907923, "end": [749.2884530772571, -91.42076186910043], "cells": [[4878, 27123, "8.0 m/s"], [4879, 27123, "8.0 m/s"], [4881, 27123, "8.0 m/s"], [4880, 27123, "8.0 m/s"], [4883, 27123, "8.0 m/s"], [4882, 27123, "8.0 m/s"]]}
SAMPLE 305.2 {"ego": {"x": 723.3602294921875, "y": -92.4712905883789, "z": 47.64359664916992, "heading": 0.042004428803920746, "speed": 7.486893653869629}, "cap": 8.0, "state": "state=ACTIVE", "cmd": {"steering": -0.002098606200888753, "accel": 0.027142614126205444}, "route": [27123, 27224, 27227, 28004, 28075], "light": [143, 5], "path_n": 124, "path_age": 0.006665037995844614, "end": [782.5299788410867, -89.99162601641045], "cells": [[4913, 27123, "8.0 m/s"], [4912, 27123, "8.0 m/s"], [4917, 27123, "8.0 m/s"], [4916, 27123, "8.0 m/s"], [4915, 27123, "8.0 m/s"], [4914, 27123, "8.0 m/s"]]}
SAMPLE 305.7 {"ego": {"x": 726.9591064453125, "y": -92.32418823242188, "z": 47.72016906738281, "heading": 0.04051399603486061, "speed": 7.520759105682373}, "cap": 8.0, "state": "state=ACTIVE", "cmd": {"steering": 0.001013553119264543, "accel": -0.022454675287008286}, "route": [27123, 27224, 27227, 28004, 28075], "light": [143, 2], "path_n": 123, "path_age": 0.006518383001093753, "end": [786.0489274902328, -89.50302780595675], "cells": [[4919, 27123, "8.0 m/s"], [4917, 27123, "8.0 m/s"], [4916, 27123, "8.0 m/s"], [4915, 27123, "8.0 m/s"], [4918, 27123, "8.0 m/s"], [4920, 27123, "8.0 m/s"]]}
SAMPLE 310.2 {"ego": {"x": 760.8485717773438, "y": -91.12178802490234, "z": 48.44157409667969, "heading": 0.026563473045825958, "speed": 7.584645748138428}, "cap": 8.0, "state": "state=ACTIVE", "cmd": {"steering": 0.0032057035714387894, "accel": 0.05936909466981888}, "route": [27123, 27224, 27227, 28004, 28075], "light": [143, 1], "path_n": 65, "path_age": 0.00950359600392403, "end": [790.1627245589757, -88.68400378959169], "cells": [[4949, 27123, "8.0 m/s"], [4950, 27123, "8.0 m/s"], [4951, 27123, "8.0 m/s"], [4952, 27123, "8.0 m/s"], [4954, 27123, "8.0 m/s"], [4953, 27123, "8.0 m/s"]]}
SAMPLE 310.7 {"ego": {"x": 764.4520263671875, "y": -91.01699829101562, "z": 48.51962661743164, "heading": 0.031146246939897537, "speed": 7.517076015472412}, "cap": 8.0, "state": "state=ACTIVE", "cmd": {"steering": 0.00834911223500967, "accel": -0.01687508076429367}, "route": [27123, 27224, 27227, 28004, 28075], "light": [143, 1], "path_n": 57, "path_age": 0.012189509005111177, "end": [790.6001432515942, -88.58223715841994], "cells": [[4956, 27123, "8.0 m/s"], [4955, 27123, "8.0 m/s"], [4957, 27123, "8.0 m/s"], [4954, 27123, "8.0 m/s"], [4953, 27123, "8.0 m/s"], [4958, 27123, "8.0 m/s"]]}
ROUTE 313.08 [27224, 27227, 28004, 28075, 28078, 29001, 29168, 29439, 32840, 32974, 33068, 33348] n 67
STATE 313.47 state=ACTIVE_SHORT_PATH solver_success=1 solve_ms=0.010028 output_enabled=1 reset_detected=0
STATE 313.82 state=ACTIVE solver_success=1 solve_ms=0.037911 output_enabled=1 reset_detected=0
STATE 313.87 state=ACTIVE_SHORT_PATH solver_success=1 solve_ms=0.001452 output_enabled=1 reset_detected=0
STATE 313.92 state=ACTIVE solver_success=1 solve_ms=0.025799 output_enabled=1 reset_detected=0
STATE 314.42 state=ACTIVE_SHORT_PATH solver_success=1 solve_ms=0.007004 output_enabled=1 reset_detected=0
SAMPLE 315.2 {"ego": {"x": 793.8776245117188, "y": -87.70844268798828, "z": 49.4020881652832, "heading": 0.2612335979938507, "speed": 4.031560897827148}, "cap": 8.0, "state": "state=ACTIVE_SHORT_PATH", "cmd": {"steering": 0.03768891468644142, "accel": -3.0}, "route": [27224, 27227, 28004, 28075, 28078], "light": [143, 1], "path_n": 5, "path_age": 0.013966249003715347, "end": [795.3554112270034, -87.29604855534478], "cells": [[4990, 28004, "8.0 m/s"], [4988, 28004, "8.0 m/s"], [4989, 28004, "8.0 m/s"], [4986, 27224, "8.0 m/s"], [4987, 27227, "8.0 m/s"], [4985, 27224, "8.0 m/s"], [4984, 27224, "8.0 m/s"]]}
STATE 315.27 state=FORWARD_INVALID_PATH:path is too short for minimum MPC horizon solver_success=0 solve_ms=0 output_enabled=1 reset_detected=0
ROUTE 315.27 [28004, 28075, 28078, 29001, 29168, 29439, 32840, 32974, 33068, 33348, 99175, 96120] n 65
STATE 315.37 state=ACTIVE solver_success=1 solve_ms=0.066655 output_enabled=1 reset_detected=0
SAMPLE 315.7 {"ego": {"x": 795.37646484375, "y": -87.26750946044922, "z": 49.45714569091797, "heading": 0.3241111934185028, "speed": 2.7329580783843994}, "cap": 8.0, "state": "state=ACTIVE", "cmd": {"steering": 0.3400000035762787, "accel": -1.649999976158142}, "route": [28004, 28075, 28078, 29001, 29168], "light": [143, 1], "path_n": 25, "path_age": 0.01137044499773765, "end": [805.4755290932588, -83.11399945872157], "cells": [[4990, 28004, "8.0 m/s"], [4988, 28004, "8.0 m/s"], [4991, 28004, "8.0 m/s"], [4989, 28004, "8.0 m/s"], [4986, 27224, "8.0 m/s"], [4987, 27227, "8.0 m/s"], [4985, 27224, "8.0 m/s"]]}
SAMPLE 320.2 {"ego": {"x": 812.244873046875, "y": -78.38442993164062, "z": 50.25367736816406, "heading": 0.589327871799469, "speed": 5.971526622772217}, "cap": 8.0, "state": "state=ACTIVE", "cmd": {"steering": 0.05039026588201523, "accel": -0.014989846386015415}, "route": [28004, 28075, 28078, 29001, 29168], "light": [143, 1], "path_n": 50, "path_age": 0.005494905999512412, "end": [828.852216539008, -64.49668406221399], "cells": [[5487, 30387, "8.0 m/s"], [5489, 30387, "8.0 m/s"], [5007, 28004, "8.0 m/s"], [5006, 28004, "8.0 m/s"], [5008, 28004, "8.0 m/s"], [5488, 30387, "8.0 m/s"], [5009, 28004, "8.0 m/s"], [5486, 30387, "8.0 m/s"], [5010, 28004, "8.0 m/s"], [5485, 30387, "8.0 m/s"], [5011, 28004, "8.0 m/s"]]}
SAMPLE 320.7 {"ego": {"x": 814.6453247070312, "y": -76.68267822265625, "z": 50.3919677734375, "heading": 0.6315360069274902, "speed": 6.196680068969727}, "cap": 8.0, "state": "state=ACTIVE", "cmd": {"steering": 0.03728678449988365, "accel": 0.3185148537158966}, "route": [28004, 28075, 28078, 29001, 29168], "light": [143, 1], "path_n": 50, "path_age": 0.008336671002325602, "end": [830.737854749364, -62.32589850438629], "cells": [[5487, 30387, "8.0 m/s"], [5009, 28004, "8.0 m/s"], [5486, 30387, "8.0 m/s"], [5010, 28004, "8.0 m/s"], [5485, 30387, "8.0 m/s"], [5011, 28004, "8.0 m/s"], [5484, 30387, "8.0 m/s"], [5012, 28004, "8.0 m/s"], [5483, 30387, "8.0 m/s"], [5482, 30387, "8.0 m/s"], [5013, 28004, "8.0 m/s"], [5014, 28004, "8.0 m/s"]]}
SAMPLE 325.2 {"ego": {"x": 834.7994384765625, "y": -56.43183135986328, "z": 51.89909744262695, "heading": 0.90645831823349, "speed": 4.919118881225586}, "cap": 8.0, "state": "state=ACTIVE", "cmd": {"steering": 0.025559836998581886, "accel": 0.06627365946769714}, "route": [28004, 28075, 28078, 29001, 29168], "light": [143, 1], "path_n": 45, "path_age": 0.0008573059967602603, "end": [846.2535006663704, -38.8626184220918], "cells": [[5038, 28004, "8.0 m/s"], [5037, 28004, "8.0 m/s"], [5039, 28004, "8.0 m/s"], [5040, 28004, "8.0 m/s"], [5041, 28004, "8.0 m/s"], [5042, 28004, "8.0 m/s"]]}
SAMPLE 325.7 {"ego": {"x": 836.2556762695312, "y": -54.52158737182617, "z": 52.02695846557617, "heading": 0.9284206032752991, "speed": 5.021334648132324}, "cap": 8.0, "state": "state=ACTIVE", "cmd": {"steering": 0.031278982758522034, "accel": 0.06452326476573944}, "route": [28004, 28075, 28078, 29001, 29168], "light": [143, 1], "path_n": 45, "path_age": 0.0046456060008495115, "end": [847.3043716634571, -36.78430442478354], "cells": [[5040, 28004, "8.0 m/s"], [5041, 28004, "8.0 m/s"], [5042, 28004, "8.0 m/s"], [5044, 28004, "8.0 m/s"], [5045, 28004, "8.0 m/s"], [5043, 28004, "8.0 m/s"]]}
SAMPLE 330.2 {"ego": {"x": 848.4459838867188, "y": -33.72441482543945, "z": 53.33207321166992, "heading": 1.153821587562561, "speed": 4.513570785522461}, "cap": 8.0, "state": "state=ACTIVE", "cmd": {"steering": 0.036832451820373535, "accel": 0.3031463325023651}, "route": [28004, 28075, 28078, 29001, 29168], "light": [143, 5], "path_n": 42, "path_age": 0.003520867998304311, "end": [854.757168445241, -15.053008171931305], "cells": [[5068, 28004, "8.0 m/s"], [5066, 28004, "8.0 m/s"], [5067, 28004, "8.0 m/s"], [5065, 28004, "8.0 m/s"], [5064, 28004, "8.0 m/s"], [5069, 28004, "8.0 m/s"]]}
SAMPLE 330.7 {"ego": {"x": 849.3042602539062, "y": -31.70354652404785, "z": 53.4489631652832, "heading": 1.178025722503662, "speed": 4.699584484100342}, "cap": 8.0, "state": "state=ACTIVE", "cmd": {"steering": 0.0336918942630291, "accel": 0.48759567737579346}, "route": [28004, 28075, 28078, 29001, 29168], "light": [143, 5], "path_n": 45, "path_age": 0.000990695996733848, "end": [855.3950222348503, -12.388473135888193], "cells": [[5068, 28004, "8.0 m/s"], [5066, 28004, "8.0 m/s"], [5067, 28004, "8.0 m/s"], [5071, 28004, "8.0 m/s"], [5069, 28004, "8.0 m/s"], [5070, 28004, "8.0 m/s"]]}
STATE 333.42 state=ACTIVE_SHORT_PATH solver_success=1 solve_ms=0.003787 output_enabled=1 reset_detected=0
STATE 333.52 state=ACTIVE solver_success=1 solve_ms=0.012473 output_enabled=1 reset_detected=0
ROUTE 333.68 [28075, 28078, 29001, 29168, 29439, 32840, 32974, 33068, 33348, 99175, 96120, 96205] n 64
STATE 334.17 state=ACTIVE_SHORT_PATH solver_success=1 solve_ms=0.007504 output_enabled=1 reset_detected=0
STATE 334.97 state=FORWARD_INVALID_PATH:path is too short for minimum MPC horizon solver_success=0 solve_ms=0 output_enabled=1 reset_detected=0
ROUTE 335.07 [29001, 29168, 29439, 32840, 32974, 33068, 33348, 99175, 96120, 96205, 96736, 98402] n 62
STATE 335.17 state=ACTIVE solver_success=1 solve_ms=0.008916 output_enabled=1 reset_detected=0
SAMPLE 335.2 {"ego": {"x": 857.0239868164062, "y": -5.78935432434082, "z": 54.83191680908203, "heading": 1.2714277505874634, "speed": 5.6650776863098145}, "cap": 30.0, "state": "state=ACTIVE", "cmd": {"steering": -0.46000000834465027, "accel": -1.7434831857681274}, "route": [29001, 29168, 29439, 32840, 32974], "light": [143, 5], "path_n": 110, "path_age": 0.009002509999845643, "end": [858.7403616097032, 47.4260702472267], "cells": [[5099, 29001, "30.0 m/s"], [5097, 28078, "30.0 m/s"], [5098, 29001, "30.0 m/s"], [5095, 28075, "30.0 m/s"], [5096, 28075, "30.0 m/s"], [5100, 29001, "30.0 m/s"], [5101, 29001, "30.0 m/s"]]}
SAMPLE 335.7 {"ego": {"x": 858.1437377929688, "y": -3.5230488777160645, "z": 54.92731475830078, "heading": 1.0075058937072754, "speed": 4.977141380310059}, "cap": 30.0, "state": "state=ACTIVE", "cmd": {"steering": -0.25999999046325684, "accel": -1.256571650505066}, "route": [29001, 29168, 29439, 32840, 32974], "light": [143, 5], "path_n": 49, "path_age": 0.3643321260024095, "end": [859.7156432891494, 16.84391378223292], "cells": [[5099, 29001, "30.0 m/s"], [5103, 29001, "30.0 m/s"], [5104, 29001, "30.0 m/s"], [5100, 29001, "30.0 m/s"], [5101, 29001, "30.0 m/s"], [5102, 29001, "30.0 m/s"]]}
STATE 335.97 state=STOP_NO_LOCAL_PATH solver_success=0 solve_ms=0 output_enabled=1 reset_detected=0
STATE 336.87 state=ACTIVE solver_success=1 solve_ms=0.002775 output_enabled=1 reset_detected=0
SAMPLE 340.2 {"ego": {"x": 859.1996459960938, "y": 8.239381790161133, "z": 55.29920196533203, "heading": 1.5150507688522339, "speed": 5.428242206573486}, "cap": 30.0, "state": "state=ACTIVE", "cmd": {"steering": 0.03759303689002991, "accel": 2.0}, "route": [29001, 29168, 29439, 32840, 32974], "light": [143, 5], "path_n": 108, "path_age": 0.006164402002468705, "end": [858.3252565413696, 60.151389616728096], "cells": [[5114, 29001, "30.0 m/s"], [5112, 29001, "30.0 m/s"], [5113, 29001, "30.0 m/s"], [5111, 29001, "30.0 m/s"], [5115, 29001, "30.0 m/s"]]}
SAMPLE 340.7 {"ego": {"x": 859.3018188476562, "y": 11.106602668762207, "z": 55.37141036987305, "heading": 1.5458898544311523, "speed": 6.401974678039551}, "cap": 30.0, "state": "state=ACTIVE", "cmd": {"steering": 0.02207222953438759, "accel": 2.0}, "route": [29001, 29168, 29439, 32840, 32974], "light": [143, 5], "path_n": 115, "path_age": 0.00872620299924165, "end": [858.0885415182564, 66.84463578707134], "cells": [[5114, 29001, "30.0 m/s"], [5113, 29001, "30.0 m/s"], [5115, 29001, "30.0 m/s"], [5116, 29001, "30.0 m/s"], [5117, 29001, "30.0 m/s"], [5118, 29001, "30.0 m/s"]]}
STATE 342.62 state=FORWARD_MPC_FAILURE:MPC iteration limit reached solver_success=0 solve_ms=0 output_enabled=1 reset_detected=0
STATE 342.82 state=ACTIVE solver_success=1 solve_ms=0.007875 output_enabled=1 reset_detected=0
STATE 342.87 state=FORWARD_MPC_FAILURE:MPC iteration limit reached solver_success=0 solve_ms=0 output_enabled=1 reset_detected=0
STATE 344.37 state=ACTIVE solver_success=1 solve_ms=0.012633 output_enabled=1 reset_detected=0
SAMPLE 345.2 {"ego": {"x": 858.0332641601562, "y": 54.30823516845703, "z": 55.494102478027344, "heading": 1.5989775657653809, "speed": 8.842018127441406}, "cap": 30.0, "state": "state=ACTIVE", "cmd": {"steering": -0.0014784712111577392, "accel": 0.07518882304430008}, "route": [29001, 29168, 29439, 32840, 32974], "light": [143, 1], "path_n": 108, "path_age": 0.007097420995705761, "end": [856.6011348618056, 106.00462219284064], "cells": [[5162, 29001, "30.0 m/s"], [5161, 29001, "30.0 m/s"], [5160, 29001, "30.0 m/s"], [5159, 29001, "30.0 m/s"], [5158, 29001, "30.0 m/s"], [5157, 29001, "30.0 m/s"]]}
SAMPLE 345.7 {"ego": {"x": 857.9194946289062, "y": 58.598812103271484, "z": 55.41952133178711, "heading": 1.5969427824020386, "speed": 9.129867553710938}, "cap": 30.0, "state": "state=ACTIVE", "cmd": {"steering": -0.0004944684915244579, "accel": 1.5751888751983643}, "route": [29001, 29168, 29439, 32840, 32974], "light": [143, 1], "path_n": 106, "path_age": 0.005756037004175596, "end": [856.5095235403478, 109.99308295553662], "cells": [[5162, 29001, "30.0 m/s"], [5164, 29001, "30.0 m/s"], [5165, 29001, "30.0 m/s"], [5166, 29001, "30.0 m/s"], [5163, 29001, "30.0 m/s"], [5161, 29001, "30.0 m/s"]]}
STATE 346.32 state=FORWARD_MPC_FAILURE:MPC iteration limit reached solver_success=0 solve_ms=0 output_enabled=1 reset_detected=0
STATE 347.32 state=ACTIVE solver_success=1 solve_ms=0.002835 output_enabled=1 reset_detected=0
STATE 347.37 state=FORWARD_MPC_FAILURE:MPC iteration limit reached solver_success=0 solve_ms=0 output_enabled=1 reset_detected=0
STATE 347.97 state=ACTIVE solver_success=1 solve_ms=0.011742 output_enabled=1 reset_detected=0
STATE 350.17 state=FORWARD_MPC_FAILURE:MPC iteration limit reached solver_success=0 solve_ms=0 output_enabled=1 reset_detected=0
SAMPLE 350.2 {"ego": {"x": 856.6689453125, "y": 103.46271514892578, "z": 54.676143646240234, "heading": 1.6088515520095825, "speed": 10.105417251586914}, "cap": 30.0, "state": "state=FORWARD_MPC_FAILURE:MPC", "cmd": {"steering": 0.0, "accel": 0.008159681223332882}, "route": [29001, 29168, 29439, 32840, 32974], "light": [143, 1], "path_n": 47, "path_age": 0.012689110000792425, "end": [857.1434575013417, 123.61115846157833], "cells": [[5210, 29001, "30.0 m/s"], [5211, 29001, "30.0 m/s"], [5206, 29001, "30.0 m/s"], [5209, 29001, "30.0 m/s"], [5208, 29001, "30.0 m/s"], [5207, 29001, "30.0 m/s"]]}
STATE 350.22 state=ACTIVE solver_success=1 solve_ms=0.013275 output_enabled=1 reset_detected=0
ROUTE 350.67 [29168, 29439, 32840, 32974, 33068, 33348, 99175, 96120, 96205, 96736, 98402, 450684] n 61
SAMPLE 350.7 {"ego": {"x": 856.564208984375, "y": 108.33718872070312, "z": 54.59733581542969, "heading": 1.5800549983978271, "speed": 10.162421226501465}, "cap": 30.0, "state": "state=ACTIVE", "cmd": {"steering": 0.01858348213136196, "accel": -1.1918402910232544}, "route": [29168, 29439, 32840, 32974, 33068], "light": [143, 1], "path_n": 34, "path_age": 0.014459849000559188, "end": [857.1283223116798, 123.53157366877471], "cells": [[5217, 29168, "30.0 m/s"], [5212, 29001, "30.0 m/s"], [5213, 29001, "30.0 m/s"], [5216, 29168, "30.0 m/s"], [5215, 29168, "30.0 m/s"], [5214, 29001, "30.0 m/s"], [5211, 29001, "30.0 m/s"]]}
STATE 351.07 state=ACTIVE_SHORT_PATH solver_success=1 solve_ms=0.002615 output_enabled=1 reset_detected=0
STATE 351.12 state=ACTIVE solver_success=1 solve_ms=0.019847 output_enabled=1 reset_detected=0
STATE 351.17 state=ACTIVE_SHORT_PATH solver_success=1 solve_ms=0.016281 output_enabled=1 reset_detected=0
STATE 351.72 state=ACTIVE solver_success=1 solve_ms=0.041839 output_enabled=1 reset_detected=0
ROUTE 353.57 [29439, 32840, 32974, 33068, 33348, 99175, 96120, 96205, 96736, 98402, 450684, 394852] n 60
SAMPLE 355.2 {"ego": {"x": 862.1746215820312, "y": 137.7081298828125, "z": 54.07910919189453, "heading": 1.2307801246643066, "speed": 7.13074254989624}, "cap": 30.0, "state": "state=ACTIVE", "cmd": {"steering": -0.0407891608774662, "accel": 0.8548592329025269}, "route": [29439, 32840, 32974, 33068, 33348], "light": [143, 1], "path_n": 65, "path_age": 0.011955285997828469, "end": [875.290149900148, 162.31028826892413], "cells": [[5245, 29439, "30.0 m/s"], [5247, 29439, "30.0 m/s"], [5248, 29439, "30.0 m/s"], [5246, 29439, "30.0 m/s"], [5244, 29439, "30.0 m/s"], [5243, 29439, "30.0 m/s"]]}
SAMPLE 355.7 {"ego": {"x": 863.435302734375, "y": 140.99026489257812, "z": 54.02159881591797, "heading": 1.1878399848937988, "speed": 7.45474910736084}, "cap": 30.0, "state": "state=ACTIVE", "cmd": {"steering": -0.02022699825465679, "accel": 0.25485923886299133}, "route": [29439, 32840, 32974, 33068, 33348], "light": [143, 1], "path_n": 49, "path_age": 0.009472331999859307, "end": [873.8979377735872, 160.52962443485586], "cells": [[5250, 29439, "30.0 m/s"], [5251, 29439, "30.0 m/s"], [5252, 29439, "30.0 m/s"], [5247, 29439, "30.0 m/s"], [5249, 29439, "30.0 m/s"], [5248, 29439, "30.0 m/s"]]}
ROUTE 358.58 [32840, 32974, 33068, 33348, 99175, 96120, 96205, 96736, 98402, 450684, 394852, 394954] n 59
STATE 359.37 state=ACTIVE_SHORT_PATH solver_success=1 solve_ms=0.002034 output_enabled=1 reset_detected=0
ROUTE 359.68 [32974, 33068, 33348, 99175, 96120, 96205, 96736, 98402, 450684, 394852, 394954, 451556] n 58
STATE 359.77 state=ACTIVE solver_success=1 solve_ms=0.018324 output_enabled=1 reset_detected=0
SAMPLE 360.2 {"ego": {"x": 880.0830688476562, "y": 167.5028076171875, "z": 53.49099349975586, "heading": 0.8208908438682556, "speed": 7.04359769821167}, "cap": 30.0, "state": "state=ACTIVE", "cmd": {"steering": -0.09819173812866211, "accel": -1.697644591331482}, "route": [32974, 33068, 33348, 99175, 96120], "light": [143, 1], "path_n": 20, "path_age": 0.005920315998082515, "end": [885.8716763650057, 173.22932834121886], "cells": [[6142, 32974, "30.0 m/s"], [6141, 32974, "30.0 m/s"], [6144, 32974, "30.0 m/s"], [6152, 33068, "30.0 m/s"], [6150, 33068, "30.0 m/s"], [6151, 33068, "30.0 m/s"], [6143, 32974, "30.0 m/s"]]}
ROUTE 360.28 [33068, 33348, 99175, 96120, 96205, 96736, 98402, 450684, 394852, 394954, 451556, 395095] n 57
SAMPLE 360.7 {"ego": {"x": 882.3760986328125, "y": 169.73196411132812, "z": 53.43716812133789, "heading": 0.746016800403595, "speed": 6.301079750061035}, "cap": 30.0, "state": "state=ACTIVE", "cmd": {"steering": -0.038963962346315384, "accel": -0.7976446151733398}, "route": [33068, 33348, 99175, 96120, 96205], "light": [143, 1], "path_n": 63, "path_age": 0.04548191199864959, "end": [904.1153623913725, 189.01126256213652], "cells": [[6155, 33068, "30.0 m/s"], [6154, 33068, "30.0 m/s"], [6153, 33068, "30.0 m/s"], [6152, 33068, "30.0 m/s"], [6150, 33068, "30.0 m/s"], [6151, 33068, "30.0 m/s"]]}
ROUTE 361.29 [33348, 99175, 96120, 96205, 96736, 98402, 450684, 394852, 394954, 451556, 395095, 395340] n 56
STATE 363.57 state=FORWARD_MPC_FAILURE:MPC iteration limit reached solver_success=0 solve_ms=0 output_enabled=1 reset_detected=0
STATE 364.02 state=ACTIVE solver_success=1 solve_ms=0.011381 output_enabled=1 reset_detected=0
STATE 364.07 state=FORWARD_MPC_FAILURE:MPC iteration limit reached solver_success=0 solve_ms=0 output_enabled=1 reset_detected=0
STATE 364.87 state=STOP_NO_LOCAL_PATH solver_success=0 solve_ms=0 output_enabled=1 reset_detected=0
SAMPLE 365.2 {"ego": {"x": 912.4646606445312, "y": 195.6693878173828, "z": 53.40734100341797, "heading": 0.7037716507911682, "speed": 10.177093505859375}, "cap": 30.0, "state": "state=STOP_NO_LOCAL_PATH", "cmd": {"steering": 0.0, "accel": -3.0}, "route": [33348, 99175, 96120, 96205, 96736], "light": [0, 0], "path_n": 97, "path_age": 0.9389572450018022, "end": [940.2094926141573, 216.66068941184292], "cells": [[17777, 99175, "30.0 m/s"], [65117, 367731, "30.0 m/s"], [65118, 367731, "30.0 m/s"], [17776, 99175, "30.0 m/s"], [65119, 367731, "30.0 m/s"], [17778, 99175, "30.0 m/s"], [65122, 367731, "30.0 m/s"], [65121, 367731, "30.0 m/s"], [17779, 99175, "30.0 m/s"], [65120, 367731, "30.0 m/s"], [17780, 99175, "30.0 m/s"], [17781, 99175, "30.0 m/s"]]}
STATE 365.22 state=ACTIVE solver_success=1 solve_ms=0.016852 output_enabled=1 reset_detected=0
SAMPLE 365.7 {"ego": {"x": 916.0162963867188, "y": 198.58383178710938, "z": 53.40293502807617, "heading": 0.6735217571258545, "speed": 9.425175666809082}, "cap": 30.0, "state": "state=ACTIVE", "cmd": {"steering": 0.016096798703074455, "accel": -1.5}, "route": [33348, 99175, 96120, 96205, 96736], "light": [0, 0], "path_n": 81, "path_age": 0.036341531995276455, "end": [945.117337426035, 220.5495436223864], "cells": [[17782, 99175, "30.0 m/s"], [65122, 367731, "30.0 m/s"], [65121, 367731, "30.0 m/s"], [65123, 367731, "30.0 m/s"], [17781, 99175, "30.0 m/s"], [17784, 99175, "30.0 m/s"], [17783, 99175, "30.0 m/s"], [64962, 366608, "30.0 m/s"], [64961, 366608, "30.0 m/s"], [17785, 99175, "30.0 m/s"], [17786, 99175, "30.0 m/s"], [64960, 366608, "30.0 m/s"]]}
STATE 368.72 state=FORWARD_MPC_FAILURE:MPC iteration limit reached solver_success=0 solve_ms=0 output_enabled=1 reset_detected=0
STATE 368.77 state=ACTIVE solver_success=1 solve_ms=0.006071 output_enabled=1 reset_detected=0
STATE 368.82 state=FORWARD_MPC_FAILURE:MPC iteration limit reached solver_success=0 solve_ms=0 output_enabled=1 reset_detected=0
STATE 368.92 state=ACTIVE_SHORT_PATH solver_success=1 solve_ms=0.003978 output_enabled=1 reset_detected=0
STATE 369.17 state=FORWARD_MPC_FAILURE:MPC iteration limit reached solver_success=0 solve_ms=0 output_enabled=1 reset_detected=0
STATE 369.22 state=ACTIVE_SHORT_PATH solver_success=1 solve_ms=0.006022 output_enabled=1 reset_detected=0
STATE 369.32 state=FORWARD_MPC_FAILURE:MPC iteration limit reached solver_success=0 solve_ms=0 output_enabled=1 reset_detected=0
STATE 369.37 state=ACTIVE_SHORT_PATH solver_success=1 solve_ms=0.024526 output_enabled=1 reset_detected=0
ROUTE 369.41 [96120, 96205, 96736, 98402, 450684, 394852, 394954, 451556, 395095, 395340, 395581, 395754] n 54
STATE 369.42 state=FORWARD_MPC_FAILURE:MPC iteration limit reached solver_success=0 solve_ms=0 output_enabled=1 reset_detected=0
SAMPLE 370.2 {"ego": {"x": 949.741943359375, "y": 224.1818084716797, "z": 53.40464782714844, "heading": 0.6521079540252686, "speed": 10.519001960754395}, "cap": 30.0, "state": "state=FORWARD_MPC_FAILURE:MPC", "cmd": {"steering": 0.0, "accel": -2.200000047683716}, "route": [96120, 96205, 96736, 98402, 450684], "light": [0, 0], "path_n": 118, "path_age": 0.030377684997802135, "end": [993.1784490526354, 258.5972915486242], "cells": [[17164, 96120, "30.0 m/s"], [17165, 96120, "30.0 m/s"], [17167, 96120, "30.0 m/s"], [17166, 96120, "30.0 m/s"], [17168, 96120, "30.0 m/s"], [17169, 96120, "30.0 m/s"]]}
STATE 370.47 state=ACTIVE solver_success=1 solve_ms=0.008116 output_enabled=1 reset_detected=0
SAMPLE 370.7 {"ego": {"x": 953.58837890625, "y": 227.1212921142578, "z": 53.40566635131836, "heading": 0.6538789868354797, "speed": 9.617463111877441}, "cap": 30.0, "state": "state=ACTIVE", "cmd": {"steering": 0.003761225612834096, "accel": -1.8649386167526245}, "route": [96120, 96205, 96736, 98402, 450684], "light": [0, 0], "path_n": 112, "path_age": 0.04032838599960087, "end": [994.6545117209708, 259.7677297611467], "cells": [[17168, 96120, "30.0 m/s"], [17169, 96120, "30.0 m/s"], [17171, 96120, "30.0 m/s"], [17170, 96120, "30.0 m/s"], [17172, 96120, "30.0 m/s"], [17173, 96120, "30.0 m/s"]]}
STATE 372.57 state=FORWARD_MPC_FAILURE:MPC iteration limit reached solver_success=0 solve_ms=0 output_enabled=1 reset_detected=0
STATE 372.62 state=ACTIVE solver_success=1 solve_ms=0.008516 output_enabled=1 reset_detected=0
STATE 372.67 state=FORWARD_MPC_FAILURE:MPC iteration limit reached solver_success=0 solve_ms=0 output_enabled=1 reset_detected=0
STATE 374.32 state=ACTIVE solver_success=1 solve_ms=0.007975 output_enabled=1 reset_detected=0
SAMPLE 375.2 {"ego": {"x": 988.406982421875, "y": 254.66102600097656, "z": 52.54220199584961, "heading": 0.6745523810386658, "speed": 8.625877380371094}, "cap": 30.0, "state": "state=ACTIVE", "cmd": {"steering": 0.0019922321662306786, "accel": 0.10686855018138885}, "route": [96120, 96205, 96736, 98402, 450684], "light": [0, 0], "path_n": 25, "path_age": 0.0019221519978600554, "end": [996.6122450653802, 261.33212257064616], "cells": [[17214, 96120, "30.0 m/s"], [17213, 96120, "30.0 m/s"], [17217, 96120, "30.0 m/s"], [17216, 96120, "30.0 m/s"], [17218, 96120, "30.0 m/s"], [17215, 96120, "30.0 m/s"], [17219, 96205, "30.0 m/s"]]}
ROUTE 375.48 [96205, 96736, 98402, 450684, 394852, 394954, 451556, 395095, 395340, 395581, 395754, 396654] n 53
SAMPLE 375.7 {"ego": {"x": 991.6936645507812, "y": 257.2959899902344, "z": 52.40666198730469, "heading": 0.6758290529251099, "speed": 8.935763359069824}, "cap": 30.0, "state": "state=ACTIVE", "cmd": {"steering": -0.001260140328668058, "accel": 1.6068685054779053}, "route": [96205, 96736, 98402, 450684, 394852], "light": [0, 0], "path_n": 106, "path_age": 0.0008114509982988238, "end": [1031.515485470563, 288.88760727606126], "cells": [[17222, 96205, "30.0 m/s"], [17220, 96205, "30.0 m/s"], [17221, 96205, "30.0 m/s"], [17219, 96205, "30.0 m/s"], [17223, 96205, "30.0 m/s"]]}
STATE 376.57 state=FORWARD_MPC_FAILURE:MPC iteration limit reached solver_success=0 solve_ms=0 output_enabled=1 reset_detected=0
ROUTE 376.59 [96736, 98402, 450684, 394852, 394954, 451556, 395095, 395340, 395581, 395754, 396654, 397017] n 52
STATE 378.32 state=ACTIVE solver_success=1 solve_ms=0.009969 output_enabled=1 reset_detected=0
SAMPLE 380.2 {"ego": {"x": 1027.052978515625, "y": 285.4714660644531, "z": 50.98920440673828, "heading": 0.6661984324455261, "speed": 9.603936195373535}, "cap": 30.0, "state": "state=ACTIVE", "cmd": {"steering": 0.0005264542996883392, "accel": 2.0}, "route": [96736, 98402, 450684, 394852, 394954], "light": [0, 0], "path_n": 108, "path_age": 0.0007262910003191791, "end": [1067.2220505266832, 317.92078170986207], "cells": [[17264, 96736, "30.0 m/s"], [17265, 96736, "30.0 m/s"], [17266, 96736, "30.0 m/s"], [17267, 96736, "30.0 m/s"], [17268, 96736, "30.0 m/s"], [17269, 96736, "30.0 m/s"]]}
STATE 380.47 state=FORWARD_MPC_FAILURE:MPC iteration limit reached solver_success=0 solve_ms=0 output_enabled=1 reset_detected=0
STATE 380.52 state=ACTIVE solver_success=1 solve_ms=0.009398 output_enabled=1 reset_detected=0
STATE 380.57 state=FORWARD_MPC_FAILURE:MPC iteration limit reached solver_success=0 solve_ms=0 output_enabled=1 reset_detected=0
SAMPLE 380.7 {"ego": {"x": 1030.9500732421875, "y": 288.5374450683594, "z": 50.83436965942383, "heading": 0.6668075323104858, "speed": 10.725467681884766}, "cap": 30.0, "state": "state=FORWARD_MPC_FAILURE:MPC", "cmd": {"steering": 0.0, "accel": 1.5499999523162842}, "route": [96736, 98402, 450684, 394852, 394954], "light": [0, 0], "path_n": 114, "path_age": 0.04591144499863731, "end": [1072.9221210809392, 322.8920882079141], "cells": [[17271, 96736, "30.0 m/s"], [17270, 96736, "30.0 m/s"], [17269, 96736, "30.0 m/s"], [17273, 96736, "30.0 m/s"], [17274, 96736, "30.0 m/s"], [17272, 96736, "30.0 m/s"]]}
STATE 382.27 state=ACTIVE solver_success=1 solve_ms=0.01584 output_enabled=1 reset_detected=0
ROUTE 382.99 [98402, 450684, 394852, 394954, 451556, 395095, 395340, 395581, 395754, 396654, 397017, 453176] n 51
STATE 384.37 state=FORWARD_MPC_FAILURE:MPC iteration limit reached solver_success=0 solve_ms=0 output_enabled=1 reset_detected=0
STATE 384.42 state=ACTIVE solver_success=1 solve_ms=0.007865 output_enabled=1 reset_detected=0
STATE 384.47 state=FORWARD_MPC_FAILURE:MPC iteration limit reached solver_success=0 solve_ms=0 output_enabled=1 reset_detected=0
SAMPLE 385.2 {"ego": {"x": 1066.5634765625, "y": 317.34808349609375, "z": 49.55992126464844, "heading": 0.6984944343566895, "speed": 10.935420989990234}, "cap": 30.0, "state": "state=FORWARD_MPC_FAILURE:MPC", "cmd": {"steering": 0.0, "accel": -0.4000000059604645}, "route": [98402, 450684, 394852, 394954, 451556], "light": [0, 0], "path_n": 93, "path_age": 0.01368048199947225, "end": [1096.425729160129, 349.0997798745294], "cells": [[17645, 98402, "30.0 m/s"], [17646, 98402, "30.0 m/s"], [17647, 98402, "30.0 m/s"], [17648, 98402, "30.0 m/s"], [17650, 98402, "30.0 m/s"], [17649, 98402, "30.0 m/s"]]}
SAMPLE 385.7 {"ego": {"x": 1070.5982666015625, "y": 320.7361755371094, "z": 49.55253601074219, "heading": 0.6984944343566895, "speed": 10.821025848388672}, "cap": 30.0, "state": "state=FORWARD_MPC_FAILURE:MPC", "cmd": {"steering": 0.0, "accel": -1.899999976158142}, "route": [98402, 450684, 394852, 394954, 451556], "light": [0, 0], "path_n": 78, "path_age": 0.042442464000487234, "end": [1095.5784633700878, 347.8300026293577], "cells": [[17650, 98402, "30.0 m/s"], [17651, 98402, "30.0 m/s"], [17652, 98402, "30.0 m/s"], [17653, 98402, "30.0 m/s"], [17654, 98402, "30.0 m/s"], [17655, 98402, "30.0 m/s"]]}
STATE 386.02 state=ACTIVE solver_success=1 solve_ms=0.012594 output_enabled=1 reset_detected=0
STATE 386.07 state=FORWARD_MPC_FAILURE:MPC iteration limit reached solver_success=0 solve_ms=0 output_enabled=1 reset_detected=0
STATE 386.12 state=ACTIVE solver_success=1 solve_ms=0.013575 output_enabled=1 reset_detected=0
STATE 386.17 state=FORWARD_MPC_FAILURE:MPC iteration limit reached solver_success=0 solve_ms=0 output_enabled=1 reset_detected=0
STATE 386.22 state=ACTIVE solver_success=1 solve_ms=0.076263 output_enabled=1 reset_detected=0
SAMPLE 390.2 {"ego": {"x": 1092.5753173828125, "y": 343.58331298828125, "z": 49.605613708496094, "heading": 0.9149183630943298, "speed": 4.919650554656982}, "cap": 30.0, "state": "state=ACTIVE", "cmd": {"steering": 0.06551191955804825, "accel": -0.8809581398963928}, "route": [98402, 450684, 394852, 394954, 451556], "light": [0, 0], "path_n": 84, "path_age": 0.047253854005248286, "end": [1110.6715942418116, 378.4458964411627], "cells": [[79860, 450684, "30.0 m/s"], [79861, 450684, "30.0 m/s"], [79862, 450684, "30.0 m/s"], [79864, 450684, "30.0 m/s"], [79863, 450684, "30.0 m/s"], [79865, 450684, "30.0 m/s"]]}
SAMPLE 390.7 {"ego": {"x": 1093.932861328125, "y": 345.45843505859375, "z": 49.61807632446289, "heading": 0.9611221551895142, "speed": 4.695926189422607}, "cap": 30.0, "state": "state=ACTIVE", "cmd": {"steering": 0.05906454846262932, "accel": -0.5862818360328674}, "route": [98402, 450684, 394852, 394954, 451556], "light": [0, 0], "path_n": 81, "path_age": 0.046526632002496626, "end": [1111.0663388576304, 379.49669139984906], "cells": [[79867, 450684, "30.0 m/s"], [79868, 450684, "30.0 m/s"], [79864, 450684, "30.0 m/s"], [79863, 450684, "30.0 m/s"], [79865, 450684, "30.0 m/s"], [79866, 450684, "30.0 m/s"]]}
STATE 395.12 state=ACTIVE_SHORT_PATH solver_success=1 solve_ms=0.006843 output_enabled=1 reset_detected=0
SAMPLE 395.2 {"ego": {"x": 1107.3433837890625, "y": 371.6596374511719, "z": 49.76057434082031, "heading": 1.1200064420700073, "speed": 9.807655334472656}, "cap": 30.0, "state": "state=ACTIVE_SHORT_PATH", "cmd": {"steering": 0.002035007579252124, "accel": 0.949999988079071}, "route": [98402, 450684, 394852, 394954, 451556], "light": [0, 0], "path_n": 23, "path_age": 0.048188939996180125, "end": [1111.1903180461254, 379.80772249354936], "cells": [[79893, 450684, "30.0 m/s"], [79896, 450684, "30.0 m/s"], [79895, 450684, "30.0 m/s"], [79897, 450684, "30.0 m/s"], [79894, 450684, "30.0 m/s"], [79898, 450684, "30.0 m/s"]]}
SAMPLE 395.7 {"ego": {"x": 1109.48095703125, "y": 376.03656005859375, "z": 49.78932571411133, "heading": 1.1168330907821655, "speed": 10.175209045410156}, "cap": 30.0, "state": "state=ACTIVE_SHORT_PATH", "cmd": {"steering": 0.08562208712100983, "accel": -0.550000011920929}, "route": [98402, 450684, 394852, 394954, 451556], "light": [0, 0], "path_n": 24, "path_age": 0.06059372299932875, "end": [1113.1137078466404, 384.8795458999784], "cells": [[70134, 394852, "30.0 m/s"], [79898, 450684, "30.0 m/s"], [79899, 450684, "30.0 m/s"], [79900, 450684, "30.0 m/s"], [70137, 394852, "30.0 m/s"], [70135, 394852, "30.0 m/s"], [70136, 394852, "30.0 m/s"]]}
ROUTE 395.7 [394852, 394954, 451556, 395095, 395340, 395581, 395754, 396654, 397017, 453176, 453277, 453354] n 49
STATE 395.82 state=FORWARD_MPC_FAILURE:MPC iteration limit reached solver_success=0 solve_ms=0 output_enabled=1 reset_detected=0
STATE 395.87 state=ACTIVE solver_success=1 solve_ms=0.029645 output_enabled=1 reset_detected=0
STATE 395.92 state=FORWARD_MPC_FAILURE:MPC iteration limit reached solver_success=0 solve_ms=0 output_enabled=1 reset_detected=0
STATE 395.97 state=ACTIVE solver_success=1 solve_ms=0.020408 output_enabled=1 reset_detected=0
STATE 399.02 state=ACTIVE_SHORT_PATH solver_success=1 solve_ms=0.013495 output_enabled=1 reset_detected=0
STATE 399.17 state=ACTIVE solver_success=1 solve_ms=0.020759 output_enabled=1 reset_detected=0
STATE 399.22 state=ACTIVE_SHORT_PATH solver_success=1 solve_ms=0.010089 output_enabled=1 reset_detected=0
SAMPLE 400.2 {"ego": {"x": 1118.9862060546875, "y": 405.6644287109375, "z": 49.635929107666016, "heading": 1.2642914056777954, "speed": 4.626237392425537}, "cap": 30.0, "state": "state=ACTIVE_SHORT_PATH", "cmd": {"steering": 0.039907313883304596, "accel": -1.7217787504196167}, "route": [394852, 394954, 451556, 395095, 395340], "light": [0, 0], "path_n": 13, "path_age": 0.008037015999434516, "end": [1120.2098990121553, 409.93041902390263], "cells": [[80004, 451363, "30.0 m/s"], [80002, 451363, "30.0 m/s"], [80001, 451363, "30.0 m/s"], [80003, 451363, "30.0 m/s"], [80005, 451363, "30.0 m/s"], [80006, 451363, "30.0 m/s"]]}
SAMPLE 400.7 {"ego": {"x": 1119.5579833984375, "y": 407.5733642578125, "z": 49.63483428955078, "heading": 1.2888107299804688, "speed": 3.8090109825134277}, "cap": 30.0, "state": "state=ACTIVE_SHORT_PATH", "cmd": {"steering": 0.03727895766496658, "accel": -1.545640230178833}, "route": [394852, 394954, 451556, 395095, 395340], "light": [0, 0], "path_n": 11, "path_age": 0.009046588005730882, "end": [1120.5339537881468, 411.2544880098546], "cells": [[80004, 451363, "30.0 m/s"], [80003, 451363, "30.0 m/s"], [80005, 451363, "30.0 m/s"], [80006, 451363, "30.0 m/s"], [80008, 451363, "30.0 m/s"], [80007, 451363, "30.0 m/s"]]}
STATE 400.77 state=ACTIVE solver_success=1 solve_ms=0.002345 output_enabled=1 reset_detected=0
STATE 400.82 state=ACTIVE_SHORT_PATH solver_success=1 solve_ms=0.003065 output_enabled=1 reset_detected=0
STATE 401.37 state=ACTIVE solver_success=1 solve_ms=0.002595 output_enabled=1 reset_detected=0
STATE 401.42 state=ACTIVE_SHORT_PATH solver_success=1 solve_ms=0.001353 output_enabled=1 reset_detected=0
STATE 401.52 state=ACTIVE solver_success=1 solve_ms=0.003858 output_enabled=1 reset_detected=0
STATE 401.57 state=ACTIVE_SHORT_PATH solver_success=1 solve_ms=0.003627 output_enabled=1 reset_detected=0
STATE 401.92 state=ACTIVE solver_success=1 solve_ms=0.003567 output_enabled=1 reset_detected=0
STATE 401.97 state=ACTIVE_SHORT_PATH solver_success=1 solve_ms=0.002685 output_enabled=1 reset_detected=0
STATE 402.12 state=ACTIVE solver_success=1 solve_ms=0.001903 output_enabled=1 reset_detected=0
STATE 402.17 state=ACTIVE_SHORT_PATH solver_success=1 solve_ms=0.002986 output_enabled=1 reset_detected=0
STATE 402.22 state=ACTIVE solver_success=1 solve_ms=0.003016 output_enabled=1 reset_detected=0
STATE 402.27 state=FORWARD_INVALID_PATH:path is too short for minimum MPC horizon solver_success=0 solve_ms=0 output_enabled=1 reset_detected=0
STATE 402.37 state=ACTIVE solver_success=1 solve_ms=0.01621 output_enabled=1 reset_detected=0
STATE 402.42 state=FORWARD_INVALID_PATH:path is too short for minimum MPC horizon solver_success=0 solve_ms=0 output_enabled=1 reset_detected=0
STATE 402.52 state=ACTIVE solver_success=1 solve_ms=0.022132 output_enabled=1 reset_detected=0
STATE 402.57 state=FORWARD_INVALID_PATH:path is too short for minimum MPC horizon solver_success=0 solve_ms=0 output_enabled=1 reset_detected=0
STATE 402.72 state=ACTIVE solver_success=1 solve_ms=0.016791 output_enabled=1 reset_detected=0
STATE 402.77 state=FORWARD_INVALID_PATH:path is too short for minimum MPC horizon solver_success=0 solve_ms=0 output_enabled=1 reset_detected=0
STATE 403.27 state=ACTIVE solver_success=1 solve_ms=0.02086 output_enabled=1 reset_detected=0
STATE 403.32 state=FORWARD_INVALID_PATH:path is too short for minimum MPC horizon solver_success=0 solve_ms=0 output_enabled=1 reset_detected=0
STATE 403.42 state=ACTIVE solver_success=1 solve_ms=0.015249 output_enabled=1 reset_detected=0
STATE 403.57 state=FORWARD_MPC_FAILURE:MPC iteration limit reached solver_success=0 solve_ms=0 output_enabled=1 reset_detected=0
STATE 404.62 state=ACTIVE solver_success=1 solve_ms=0.066424 output_enabled=1 reset_detected=0
SAMPLE 405.2 {"ego": {"x": 1120.688720703125, "y": 417.0246276855469, "z": 49.629032135009766, "heading": 1.5828514099121094, "speed": 4.037030220031738}, "cap": 30.0, "state": "state=ACTIVE", "cmd": {"steering": -0.0312962532043457, "accel": 0.34733062982559204}, "route": [394852, 394954, 451556, 395095, 395340], "light": [0, 0], "path_n": 120, "path_age": 0.41132075899804477, "end": [1120.043891407882, 472.25068553714294], "cells": [[80071, 451768, "30.0 m/s"], [80012, 451363, "30.0 m/s"], [80070, 451768, "30.0 m/s"], [80133, 452187, "30.0 m/s"], [80134, 452187, "30.0 m/s"], [80135, 452187, "30.0 m/s"], [80069, 451768, "30.0 m/s"], [80013, 451363, "30.0 m/s"], [80014, 451363, "30.0 m/s"], [80015, 451363, "30.0 m/s"], [80016, 451363, "30.0 m/s"], [80017, 451363, "30.0 m/s"], [80130, 452187, "30.0 m/s"], [80132, 452187, "30.0 m/s"], [80131, 452187, "30.0 m/s"]]}
STATE 405.47 state=STOP_NO_LOCAL_PATH solver_success=0 solve_ms=0 output_enabled=1 reset_detected=0
STATE 405.57 state=ACTIVE solver_success=1 solve_ms=0.015449 output_enabled=1 reset_detected=0
SAMPLE 405.7 {"ego": {"x": 1120.7054443359375, "y": 419.0180969238281, "z": 49.63832473754883, "heading": 1.5478941202163696, "speed": 4.205511093139648}, "cap": 30.0, "state": "state=ACTIVE", "cmd": {"steering": -0.007803492713719606, "accel": 0.44999998807907104}, "route": [394852, 394954, 451556, 395095, 395340], "light": [0, 0], "path_n": 36, "path_age": 0.006322712004475761, "end": [1121.4851307616962, 433.64199926005807], "cells": [[80133, 452187, "30.0 m/s"], [80134, 452187, "30.0 m/s"], [80014, 451363, "30.0 m/s"], [80015, 451363, "30.0 m/s"], [80016, 451363, "30.0 m/s"], [80017, 451363, "30.0 m/s"], [80130, 452187, "30.0 m/s"], [80132, 452187, "30.0 m/s"], [80131, 452187, "30.0 m/s"], [80129, 452187, "30.0 m/s"], [80128, 452187, "30.0 m/s"], [80019, 451363, "30.0 m/s"], [80018, 451363, "30.0 m/s"], [80098, 451993, "30.0 m/s"]]}
STATE 406.27 state=STOP_NO_LOCAL_PATH solver_success=0 solve_ms=0 output_enabled=1 reset_detected=1
STATE 406.37 state=FORWARD_INVALID_PATH:path is too short for minimum MPC horizon solver_success=0 solve_ms=0 output_enabled=1 reset_detected=0
STATE 406.57 state=ACTIVE solver_success=1 solve_ms=0.003387 output_enabled=1 reset_detected=0
STATE 406.62 state=FORWARD_INVALID_PATH:path is too short for minimum MPC horizon solver_success=0 solve_ms=0 output_enabled=1 reset_detected=0
STATE 407.32 state=ACTIVE solver_success=1 solve_ms=0.020478 output_enabled=1 reset_detected=0
STATE 407.47 state=FORWARD_MPC_FAILURE:MPC iteration limit reached solver_success=0 solve_ms=0 output_enabled=1 reset_detected=0
STATE 408.52 state=STOP_NO_LOCAL_PATH solver_success=0 solve_ms=0 output_enabled=1 reset_detected=0
STATE 408.62 state=ACTIVE solver_success=1 solve_ms=0.024686 output_enabled=1 reset_detected=0
STATE 409.87 state=ACTIVE_SHORT_PATH solver_success=1 solve_ms=0.032942 output_enabled=1 reset_detected=0
SAMPLE 410.2 {"ego": {"x": 724.0154418945312, "y": -254.64320373535156, "z": 46.896942138671875, "heading": -2.73529314994812, "speed": 5.229698181152344}, "cap": 30.0, "state": "state=ACTIVE_SHORT_PATH", "cmd": {"steering": 0.0571320615708828, "accel": 0.949999988079071}, "route": [394852, 394954, 451556, 395095, 395340], "light": [0, 0], "path_n": 13, "path_age": 0.2643718639956205, "end": [720.9558743671595, -256.05928411336606], "cells": [[92573, 528611, "30.0 m/s"], [92574, 528611, "30.0 m/s"], [92575, 528611, "30.0 m/s"], [92576, 528611, "30.0 m/s"], [15048, 82918, "30.0 m/s"], [15050, 82918, "30.0 m/s"], [15049, 82918, "30.0 m/s"], [92577, 528611, "30.0 m/s"], [92572, 528611, "30.0 m/s"], [92620, 528793, "30.0 m/s"], [92619, 528793, "30.0 m/s"]]}
STATE 410.57 state=FORWARD_INVALID_PATH:path is too short for minimum MPC horizon solver_success=0 solve_ms=0 output_enabled=1 reset_detected=0
STATE 410.62 state=STOP_NO_LOCAL_PATH solver_success=0 solve_ms=0 output_enabled=1 reset_detected=0
SAMPLE 410.7 {"ego": {"x": 721.6100463867188, "y": -255.7430419921875, "z": 46.899879455566406, "heading": -2.701542854309082, "speed": 5.674497127532959}, "cap": 30.0, "state": "state=STOP_NO_LOCAL_PATH", "cmd": {"steering": 0.4399999976158142, "accel": -3.0}, "route": [394852, 394954, 451556, 395095, 395340], "light": [0, 0], "path_n": 13, "path_age": 0.7643145959955291, "end": [720.9558743671595, -256.05928411336606], "cells": [[92580, 528611, "30.0 m/s"], [92575, 528611, "30.0 m/s"], [92576, 528611, "30.0 m/s"], [15048, 82918, "30.0 m/s"], [15050, 82918, "30.0 m/s"], [15053, 82918, "30.0 m/s"], [15021, 82779, "30.0 m/s"], [15020, 82779, "30.0 m/s"], [92579, 528611, "30.0 m/s"], [15049, 82918, "30.0 m/s"], [15051, 82918, "30.0 m/s"], [92577, 528611, "30.0 m/s"], [15052, 82918, "30.0 m/s"], [92578, 528611, "30.0 m/s"]]}
STATE 411.02 state=FORWARD_MPC_FAILURE:MPC iteration limit reached solver_success=0 solve_ms=0 output_enabled=1 reset_detected=0
STATE 411.57 state=ACTIVE solver_success=1 solve_ms=0.055334 output_enabled=1 reset_detected=0
STATE 411.87 state=ACTIVE_SHORT_PATH solver_success=1 solve_ms=0.001793 output_enabled=1 reset_detected=0
STATE 412.52 state=FORWARD_INVALID_PATH:path is too short for minimum MPC horizon solver_success=0 solve_ms=0 output_enabled=1 reset_detected=0
ROUTE 412.67 [12504, 13426, 13977, 14362, 14774, 15282, 15700, 15635, 16301, 79241, 17379, 18606] n 92
STATE 412.77 state=ACTIVE solver_success=1 solve_ms=0.017573 output_enabled=1 reset_detected=0
ROUTE 412.88 [12627, 13488, 14038, 14403, 14879, 15327, 15282, 15700, 15635, 16301, 79241, 17379] n 93
STATE 412.97 state=ACTIVE_SHORT_PATH solver_success=1 solve_ms=0.002836 output_enabled=1 reset_detected=0
STATE 413.62 state=STOP_NO_LOCAL_PATH solver_success=0 solve_ms=0 output_enabled=1 reset_detected=0
ROUTE 413.87 [12872, 12995, 292078, 284807, 285823, 286174, 286448, 287159, 287771, 288592, 290506, 528248] n 75
SAMPLE 415.2 {"ego": {"x": 711.09912109375, "y": -272.0247497558594, "z": 46.900367736816406, "heading": -1.7509344816207886, "speed": 0.6554201245307922}, "cap": 0.0, "state": "state=STOP_NO_LOCAL_PATH", "cmd": {"steering": 0.0, "accel": -3.0}, "route": [12872, 12995, 292078, 284807, 285823], "light": [41, 1], "path_n": 14, "path_age": 2.264851346000796, "end": [710.0574882565039, -268.48679798300543], "cells": [[2249, 12995, "30.0 m/s"], [2248, 12995, "30.0 m/s"], [2247, 12995, "30.0 m/s"], [2218, 12872, "30.0 m/s"], [2217, 12872, "30.0 m/s"], [2216, 12872, "30.0 m/s"], [2250, 12995, "30.0 m/s"], [2219, 12872, "30.0 m/s"], [2220, 12872, "30.0 m/s"]]}
SAMPLE 415.7 {"ego": {"x": 711.0885009765625, "y": -272.08282470703125, "z": 46.892860412597656, "heading": -1.7509344816207886, "speed": 0.0}, "cap": 0.0, "state": "state=STOP_NO_LOCAL_PATH", "cmd": {"steering": 0.0, "accel": -3.0}, "route": [12872, 12995, 292078, 284807, 285823], "light": [41, 1], "path_n": 14, "path_age": 2.76486921000469, "end": [710.0574882565039, -268.48679798300543], "cells": [[2249, 12995, "30.0 m/s"], [2248, 12995, "30.0 m/s"], [2247, 12995, "30.0 m/s"], [2218, 12872, "30.0 m/s"], [2217, 12872, "30.0 m/s"], [2216, 12872, "30.0 m/s"], [2250, 12995, "30.0 m/s"], [2219, 12872, "30.0 m/s"], [2220, 12872, "30.0 m/s"]]}
SAMPLE 420.2 {"ego": {"x": 711.0885009765625, "y": -272.08282470703125, "z": 46.892860412597656, "heading": -1.7509344816207886, "speed": 0.0}, "cap": 30.0, "state": "state=STOP_NO_LOCAL_PATH", "cmd": {"steering": 0.0, "accel": -3.0}, "route": [12872, 12995, 292078, 284807, 285823], "light": [41, 5], "path_n": 14, "path_age": 7.264858957001707, "end": [710.0574882565039, -268.48679798300543], "cells": [[2249, 12995, "30.0 m/s"], [2248, 12995, "30.0 m/s"], [2247, 12995, "30.0 m/s"], [2218, 12872, "30.0 m/s"], [2217, 12872, "30.0 m/s"], [2216, 12872, "30.0 m/s"], [2250, 12995, "30.0 m/s"], [2219, 12872, "30.0 m/s"], [2220, 12872, "30.0 m/s"]]}
SAMPLE 420.7 {"ego": {"x": 711.0885009765625, "y": -272.08282470703125, "z": 46.892860412597656, "heading": -1.7509344816207886, "speed": 0.0}, "cap": 30.0, "state": "state=STOP_NO_LOCAL_PATH", "cmd": {"steering": 0.0, "accel": -3.0}, "route": [12872, 12995, 292078, 284807, 285823], "light": [41, 5], "path_n": 14, "path_age": 7.764919070003089, "end": [710.0574882565039, -268.48679798300543], "cells": [[2249, 12995, "30.0 m/s"], [2248, 12995, "30.0 m/s"], [2247, 12995, "30.0 m/s"], [2218, 12872, "30.0 m/s"], [2217, 12872, "30.0 m/s"], [2216, 12872, "30.0 m/s"], [2250, 12995, "30.0 m/s"], [2219, 12872, "30.0 m/s"], [2220, 12872, "30.0 m/s"]]}
SAMPLE 425.2 {"ego": {"x": 711.0885009765625, "y": -272.08282470703125, "z": 46.892860412597656, "heading": -1.7509344816207886, "speed": 0.0}, "cap": 30.0, "state": "state=STOP_NO_LOCAL_PATH", "cmd": {"steering": 0.0, "accel": -3.0}, "route": [12872, 12995, 292078, 284807, 285823], "light": [41, 5], "path_n": 14, "path_age": 12.264884497999446, "end": [710.0574882565039, -268.48679798300543], "cells": [[2249, 12995, "30.0 m/s"], [2248, 12995, "30.0 m/s"], [2247, 12995, "30.0 m/s"], [2218, 12872, "30.0 m/s"], [2217, 12872, "30.0 m/s"], [2216, 12872, "30.0 m/s"], [2250, 12995, "30.0 m/s"], [2219, 12872, "30.0 m/s"], [2220, 12872, "30.0 m/s"]]}
SAMPLE 425.7 {"ego": {"x": 711.0885009765625, "y": -272.08282470703125, "z": 46.892860412597656, "heading": -1.7509344816207886, "speed": 0.0}, "cap": 30.0, "state": "state=STOP_NO_LOCAL_PATH", "cmd": {"steering": 0.0, "accel": -3.0}, "route": [12872, 12995, 292078, 284807, 285823], "light": [41, 5], "path_n": 14, "path_age": 12.765416386006109, "end": [710.0574882565039, -268.48679798300543], "cells": [[2249, 12995, "30.0 m/s"], [2248, 12995, "30.0 m/s"], [2247, 12995, "30.0 m/s"], [2218, 12872, "30.0 m/s"], [2217, 12872, "30.0 m/s"], [2216, 12872, "30.0 m/s"], [2250, 12995, "30.0 m/s"], [2219, 12872, "30.0 m/s"], [2220, 12872, "30.0 m/s"]]}
SAMPLE 430.2 {"ego": {"x": 711.0885009765625, "y": -272.08282470703125, "z": 46.892860412597656, "heading": -1.7509344816207886, "speed": 0.0}, "cap": 30.0, "state": "state=STOP_NO_LOCAL_PATH", "cmd": {"steering": 0.0, "accel": -3.0}, "route": [12872, 12995, 292078, 284807, 285823], "light": [41, 5], "path_n": 14, "path_age": 17.264847525999357, "end": [710.0574882565039, -268.48679798300543], "cells": [[2249, 12995, "30.0 m/s"], [2248, 12995, "30.0 m/s"], [2247, 12995, "30.0 m/s"], [2218, 12872, "30.0 m/s"], [2217, 12872, "30.0 m/s"], [2216, 12872, "30.0 m/s"], [2250, 12995, "30.0 m/s"], [2219, 12872, "30.0 m/s"], [2220, 12872, "30.0 m/s"]]}
SAMPLE 430.7 {"ego": {"x": 711.0885009765625, "y": -272.08282470703125, "z": 46.892860412597656, "heading": -1.7509344816207886, "speed": 0.0}, "cap": 30.0, "state": "state=STOP_NO_LOCAL_PATH", "cmd": {"steering": 0.0, "accel": -3.0}, "route": [12872, 12995, 292078, 284807, 285823], "light": [41, 5], "path_n": 14, "path_age": 17.765023538006062, "end": [710.0574882565039, -268.48679798300543], "cells": [[2249, 12995, "30.0 m/s"], [2248, 12995, "30.0 m/s"], [2247, 12995, "30.0 m/s"], [2218, 12872, "30.0 m/s"], [2217, 12872, "30.0 m/s"], [2216, 12872, "30.0 m/s"], [2250, 12995, "30.0 m/s"], [2219, 12872, "30.0 m/s"], [2220, 12872, "30.0 m/s"]]}
SAMPLE 435.2 {"ego": {"x": 711.0885009765625, "y": -272.08282470703125, "z": 46.892860412597656, "heading": -1.7509344816207886, "speed": 0.0}, "cap": 0.0, "state": "state=STOP_NO_LOCAL_PATH", "cmd": {"steering": 0.0, "accel": -3.0}, "route": [12872, 12995, 292078, 284807, 285823], "light": [41, 1], "path_n": 14, "path_age": 22.26484257800621, "end": [710.0574882565039, -268.48679798300543], "cells": [[2249, 12995, "30.0 m/s"], [2248, 12995, "30.0 m/s"], [2247, 12995, "30.0 m/s"], [2218, 12872, "30.0 m/s"], [2217, 12872, "30.0 m/s"], [2216, 12872, "30.0 m/s"], [2250, 12995, "30.0 m/s"], [2219, 12872, "30.0 m/s"], [2220, 12872, "30.0 m/s"]]}
SAMPLE 435.7 {"ego": {"x": 711.0885009765625, "y": -272.08282470703125, "z": 46.892860412597656, "heading": -1.7509344816207886, "speed": 0.0}, "cap": 0.0, "state": "state=STOP_NO_LOCAL_PATH", "cmd": {"steering": 0.0, "accel": -3.0}, "route": [12872, 12995, 292078, 284807, 285823], "light": [41, 1], "path_n": 14, "path_age": 22.764884919000906, "end": [710.0574882565039, -268.48679798300543], "cells": [[2249, 12995, "30.0 m/s"], [2248, 12995, "30.0 m/s"], [2247, 12995, "30.0 m/s"], [2218, 12872, "30.0 m/s"], [2217, 12872, "30.0 m/s"], [2216, 12872, "30.0 m/s"], [2250, 12995, "30.0 m/s"], [2219, 12872, "30.0 m/s"], [2220, 12872, "30.0 m/s"]]}
SAMPLE 440.2 {"ego": {"x": 711.0885009765625, "y": -272.08282470703125, "z": 46.892860412597656, "heading": -1.7509344816207886, "speed": 0.0}, "cap": 0.0, "state": "state=STOP_NO_LOCAL_PATH", "cmd": {"steering": 0.0, "accel": -3.0}, "route": [12872, 12995, 292078, 284807, 285823], "light": [41, 1], "path_n": 14, "path_age": 27.264908012999513, "end": [710.0574882565039, -268.48679798300543], "cells": [[2249, 12995, "30.0 m/s"], [2248, 12995, "30.0 m/s"], [2247, 12995, "30.0 m/s"], [2218, 12872, "30.0 m/s"], [2217, 12872, "30.0 m/s"], [2216, 12872, "30.0 m/s"], [2250, 12995, "30.0 m/s"], [2219, 12872, "30.0 m/s"], [2220, 12872, "30.0 m/s"]]}
SAMPLE 440.7 {"ego": {"x": 711.0885009765625, "y": -272.08282470703125, "z": 46.892860412597656, "heading": -1.7509344816207886, "speed": 0.0}, "cap": 0.0, "state": "state=STOP_NO_LOCAL_PATH", "cmd": {"steering": 0.0, "accel": -3.0}, "route": [12872, 12995, 292078, 284807, 285823], "light": [41, 1], "path_n": 14, "path_age": 27.764999156002887, "end": [710.0574882565039, -268.48679798300543], "cells": [[2249, 12995, "30.0 m/s"], [2248, 12995, "30.0 m/s"], [2247, 12995, "30.0 m/s"], [2218, 12872, "30.0 m/s"], [2217, 12872, "30.0 m/s"], [2216, 12872, "30.0 m/s"], [2250, 12995, "30.0 m/s"], [2219, 12872, "30.0 m/s"], [2220, 12872, "30.0 m/s"]]}
SAMPLE 445.2 {"ego": {"x": 711.0885009765625, "y": -272.08282470703125, "z": 46.892860412597656, "heading": -1.7509344816207886, "speed": 0.0}, "cap": 0.0, "state": "state=STOP_NO_LOCAL_PATH", "cmd": {"steering": 0.0, "accel": -3.0}, "route": [12872, 12995, 292078, 284807, 285823], "light": [41, 1], "path_n": 14, "path_age": 32.26483483800257, "end": [710.0574882565039, -268.48679798300543], "cells": [[2249, 12995, "30.0 m/s"], [2248, 12995, "30.0 m/s"], [2247, 12995, "30.0 m/s"], [2218, 12872, "30.0 m/s"], [2217, 12872, "30.0 m/s"], [2216, 12872, "30.0 m/s"], [2250, 12995, "30.0 m/s"], [2219, 12872, "30.0 m/s"], [2220, 12872, "30.0 m/s"]]}
SAMPLE 445.7 {"ego": {"x": 711.0885009765625, "y": -272.08282470703125, "z": 46.892860412597656, "heading": -1.7509344816207886, "speed": 0.0}, "cap": 0.0, "state": "state=STOP_NO_LOCAL_PATH", "cmd": {"steering": 0.0, "accel": -3.0}, "route": [12872, 12995, 292078, 284807, 285823], "light": [41, 1], "path_n": 14, "path_age": 32.76492786400195, "end": [710.0574882565039, -268.48679798300543], "cells": [[2249, 12995, "30.0 m/s"], [2248, 12995, "30.0 m/s"], [2247, 12995, "30.0 m/s"], [2218, 12872, "30.0 m/s"], [2217, 12872, "30.0 m/s"], [2216, 12872, "30.0 m/s"], [2250, 12995, "30.0 m/s"], [2219, 12872, "30.0 m/s"], [2220, 12872, "30.0 m/s"]]}
ROUTE 446.37 [401819, 401650, 401647, 401618, 401613, 460898, 407353, 407362, 407419, 407618, 460525, 406875] n 36
STATE 446.47 state=ACTIVE solver_success=1 solve_ms=0.003677 output_enabled=1 reset_detected=0
SAMPLE 450.2 {"ego": {"x": 1310.322998046875, "y": 475.185546875, "z": 55.02422332763672, "heading": 1.6163831949234009, "speed": 6.514888286590576}, "cap": 30.0, "state": "state=ACTIVE", "cmd": {"steering": -4.844842351303669e-06, "accel": 2.0}, "route": [401819, 401650, 401647, 401618, 401613], "light": [0, 0], "path_n": 24, "path_age": 0.0125261249995674, "end": [1309.8425355932657, 485.7185231889228], "cells": [[71299, 401819, "30.0 m/s"], [71297, 401819, "30.0 m/s"], [71298, 401819, "30.0 m/s"], [71294, 401819, "30.0 m/s"], [71295, 401819, "30.0 m/s"], [71296, 401819, "30.0 m/s"]]}
STATE 450.67 state=ACTIVE_SHORT_PATH solver_success=1 solve_ms=0.004989 output_enabled=1 reset_detected=0
SAMPLE 450.7 {"ego": {"x": 1310.168212890625, "y": 478.5804138183594, "z": 54.82744216918945, "heading": 1.6163842678070068, "speed": 7.478353023529053}, "cap": 30.0, "state": "state=ACTIVE_SHORT_PATH", "cmd": {"steering": 2.254482978969463e-06, "accel": 1.850000023841858}, "route": [401819, 401650, 401647, 401618, 401613], "light": [0, 0], "path_n": 17, "path_age": 0.012030666999635287, "end": [1309.8425669458347, 485.71852480458773], "cells": [[71300, 401819, "30.0 m/s"], [71299, 401819, "30.0 m/s"], [71301, 401819, "30.0 m/s"], [71302, 401819, "30.0 m/s"], [71298, 401819, "30.0 m/s"]]}
STATE 451.42 state=FORWARD_INVALID_PATH:path is too short for minimum MPC horizon solver_success=0 solve_ms=0 output_enabled=1 reset_detected=0
ROUTE 451.47 [401647, 401618, 401613, 460898, 407353, 407362, 407419, 407618, 460525, 406875, 459815, 402136] n 34
STATE 451.57 state=ACTIVE_SHORT_PATH solver_success=1 solve_ms=0.008155 output_enabled=1 reset_detected=0
ROUTE 452.37 [401097, 401613, 460898, 407353, 407362, 407419, 407618, 460525, 406875, 459815, 402136, 457909] n 33
STATE 452.47 state=FORWARD_INVALID_PATH:path is too short for minimum MPC horizon solver_success=0 solve_ms=0 output_enabled=1 reset_detected=0
STATE 452.67 state=FORWARD_INVALID_PATH:no usable path remains ahead solver_success=0 solve_ms=0 output_enabled=1 reset_detected=0
STATE 453.07 state=STOP_NO_LOCAL_PATH solver_success=0 solve_ms=0 output_enabled=1 reset_detected=0
ROUTE 453.07 [400676, 400160, 400169, 400226, 400231, 400568, 456035, 398091, 397366, 397193, 395406, 395307] n 23
ROUTE 453.77 [400160, 400169, 400226, 400231, 400568, 456035, 398091, 397366, 397193, 395406, 395307, 451993] n 22
SAMPLE 455.2 {"ego": {"x": 1299.5665283203125, "y": 496.4996032714844, "z": 53.768218994140625, "heading": 3.0061182975769043, "speed": 0.0}, "cap": 30.0, "state": "state=STOP_NO_LOCAL_PATH", "cmd": {"steering": 0.0, "accel": -3.0}, "route": [400160, 400169, 400226, 400231, 400568], "light": [171, 5], "path_n": 6, "path_age": 2.813601601999835, "end": [1306.8014849255908, 493.5881160030017], "cells": [[71006, 400160, "30.0 m/s"], [71009, 400160, "30.0 m/s"], [71008, 400160, "30.0 m/s"], [71007, 400160, "30.0 m/s"], [71089, 400676, "30.0 m/s"], [71090, 400676, "30.0 m/s"]]}
SAMPLE 455.7 {"ego": {"x": 1299.5665283203125, "y": 496.4996032714844, "z": 53.768218994140625, "heading": 3.0061182975769043, "speed": 0.0}, "cap": 30.0, "state": "state=STOP_NO_LOCAL_PATH", "cmd": {"steering": 0.0, "accel": -3.0}, "route": [400160, 400169, 400226, 400231, 400568], "light": [171, 5], "path_n": 6, "path_age": 3.3137147250017733, "end": [1306.8014849255908, 493.5881160030017], "cells": [[71006, 400160, "30.0 m/s"], [71009, 400160, "30.0 m/s"], [71008, 400160, "30.0 m/s"], [71007, 400160, "30.0 m/s"], [71089, 400676, "30.0 m/s"], [71090, 400676, "30.0 m/s"]]}
SAMPLE 460.2 {"ego": {"x": 1299.5665283203125, "y": 496.4996032714844, "z": 53.768218994140625, "heading": 3.0061182975769043, "speed": 0.0}, "cap": 30.0, "state": "state=STOP_NO_LOCAL_PATH", "cmd": {"steering": 0.0, "accel": -3.0}, "route": [400160, 400169, 400226, 400231, 400568], "light": [171, 5], "path_n": 6, "path_age": 7.813619763997849, "end": [1306.8014849255908, 493.5881160030017], "cells": [[71006, 400160, "30.0 m/s"], [71009, 400160, "30.0 m/s"], [71008, 400160, "30.0 m/s"], [71007, 400160, "30.0 m/s"], [71089, 400676, "30.0 m/s"], [71090, 400676, "30.0 m/s"]]}
SAMPLE 460.7 {"ego": {"x": 1299.5665283203125, "y": 496.4996032714844, "z": 53.768218994140625, "heading": 3.0061182975769043, "speed": 0.0}, "cap": 30.0, "state": "state=STOP_NO_LOCAL_PATH", "cmd": {"steering": 0.0, "accel": -3.0}, "route": [400160, 400169, 400226, 400231, 400568], "light": [171, 5], "path_n": 6, "path_age": 8.313680377999844, "end": [1306.8014849255908, 493.5881160030017], "cells": [[71006, 400160, "30.0 m/s"], [71009, 400160, "30.0 m/s"], [71008, 400160, "30.0 m/s"], [71007, 400160, "30.0 m/s"], [71089, 400676, "30.0 m/s"], [71090, 400676, "30.0 m/s"]]}
SAMPLE 465.2 {"ego": {"x": 1299.5665283203125, "y": 496.4996032714844, "z": 53.768218994140625, "heading": 3.0061182975769043, "speed": 0.0}, "cap": 30.0, "state": "state=STOP_NO_LOCAL_PATH", "cmd": {"steering": 0.0, "accel": -3.0}, "route": [400160, 400169, 400226, 400231, 400568], "light": [171, 5], "path_n": 6, "path_age": 12.81357333699998, "end": [1306.8014849255908, 493.5881160030017], "cells": [[71006, 400160, "30.0 m/s"], [71009, 400160, "30.0 m/s"], [71008, 400160, "30.0 m/s"], [71007, 400160, "30.0 m/s"], [71089, 400676, "30.0 m/s"], [71090, 400676, "30.0 m/s"]]}
SAMPLE 465.7 {"ego": {"x": 1299.5665283203125, "y": 496.4996032714844, "z": 53.768218994140625, "heading": 3.0061182975769043, "speed": 0.0}, "cap": 30.0, "state": "state=STOP_NO_LOCAL_PATH", "cmd": {"steering": 0.0, "accel": -3.0}, "route": [400160, 400169, 400226, 400231, 400568], "light": [171, 5], "path_n": 6, "path_age": 13.31367854400014, "end": [1306.8014849255908, 493.5881160030017], "cells": [[71006, 400160, "30.0 m/s"], [71009, 400160, "30.0 m/s"], [71008, 400160, "30.0 m/s"], [71007, 400160, "30.0 m/s"], [71089, 400676, "30.0 m/s"], [71090, 400676, "30.0 m/s"]]}
SAMPLE 470.2 {"ego": {"x": 1299.5665283203125, "y": 496.4996032714844, "z": 53.768218994140625, "heading": 3.0061182975769043, "speed": 0.0}, "cap": 30.0, "state": "state=STOP_NO_LOCAL_PATH", "cmd": {"steering": 0.0, "accel": -3.0}, "route": [400160, 400169, 400226, 400231, 400568], "light": [171, 2], "path_n": 6, "path_age": 17.813575070998922, "end": [1306.8014849255908, 493.5881160030017], "cells": [[71006, 400160, "30.0 m/s"], [71009, 400160, "30.0 m/s"], [71008, 400160, "30.0 m/s"], [71007, 400160, "30.0 m/s"], [71089, 400676, "30.0 m/s"], [71090, 400676, "30.0 m/s"]]}
SAMPLE 470.7 {"ego": {"x": 1299.5665283203125, "y": 496.4996032714844, "z": 53.768218994140625, "heading": 3.0061182975769043, "speed": 0.0}, "cap": 30.0, "state": "state=STOP_NO_LOCAL_PATH", "cmd": {"steering": 0.0, "accel": -3.0}, "route": [400160, 400169, 400226, 400231, 400568], "light": [171, 1], "path_n": 6, "path_age": 18.314021816004242, "end": [1306.8014849255908, 493.5881160030017], "cells": [[71006, 400160, "30.0 m/s"], [71009, 400160, "30.0 m/s"], [71008, 400160, "30.0 m/s"], [71007, 400160, "30.0 m/s"], [71089, 400676, "30.0 m/s"], [71090, 400676, "30.0 m/s"]]}
SAMPLE 475.2 {"ego": {"x": 1299.5665283203125, "y": 496.4996032714844, "z": 53.768218994140625, "heading": 3.0061182975769043, "speed": 0.0}, "cap": 30.0, "state": "state=STOP_NO_LOCAL_PATH", "cmd": {"steering": 0.0, "accel": -3.0}, "route": [400160, 400169, 400226, 400231, 400568], "light": [171, 1], "path_n": 6, "path_age": 22.8136012449977, "end": [1306.8014849255908, 493.5881160030017], "cells": [[71006, 400160, "30.0 m/s"], [71009, 400160, "30.0 m/s"], [71008, 400160, "30.0 m/s"], [71007, 400160, "30.0 m/s"], [71089, 400676, "30.0 m/s"], [71090, 400676, "30.0 m/s"]]}
SAMPLE 475.7 {"ego": {"x": 1299.5665283203125, "y": 496.4996032714844, "z": 53.768218994140625, "heading": 3.0061182975769043, "speed": 0.0}, "cap": 30.0, "state": "state=STOP_NO_LOCAL_PATH", "cmd": {"steering": 0.0, "accel": -3.0}, "route": [400160, 400169, 400226, 400231, 400568], "light": [171, 1], "path_n": 6, "path_age": 23.31373277900275, "end": [1306.8014849255908, 493.5881160030017], "cells": [[71006, 400160, "30.0 m/s"], [71009, 400160, "30.0 m/s"], [71008, 400160, "30.0 m/s"], [71007, 400160, "30.0 m/s"], [71089, 400676, "30.0 m/s"], [71090, 400676, "30.0 m/s"]]}
SAMPLE 480.2 {"ego": {"x": 1299.5665283203125, "y": 496.4996032714844, "z": 53.768218994140625, "heading": 3.0061182975769043, "speed": 0.0}, "cap": 30.0, "state": "state=STOP_NO_LOCAL_PATH", "cmd": {"steering": 0.0, "accel": -3.0}, "route": [400160, 400169, 400226, 400231, 400568], "light": [171, 1], "path_n": 6, "path_age": 27.813705373999255, "end": [1306.8014849255908, 493.5881160030017], "cells": [[71006, 400160, "30.0 m/s"], [71009, 400160, "30.0 m/s"], [71008, 400160, "30.0 m/s"], [71007, 400160, "30.0 m/s"], [71089, 400676, "30.0 m/s"], [71090, 400676, "30.0 m/s"]]}
SAMPLE 480.7 {"ego": {"x": 1299.5665283203125, "y": 496.4996032714844, "z": 53.768218994140625, "heading": 3.0061182975769043, "speed": 0.0}, "cap": 30.0, "state": "state=STOP_NO_LOCAL_PATH", "cmd": {"steering": 0.0, "accel": -3.0}, "route": [400160, 400169, 400226, 400231, 400568], "light": [171, 1], "path_n": 6, "path_age": 28.313866321004753, "end": [1306.8014849255908, 493.5881160030017], "cells": [[71006, 400160, "30.0 m/s"], [71009, 400160, "30.0 m/s"], [71008, 400160, "30.0 m/s"], [71007, 400160, "30.0 m/s"], [71089, 400676, "30.0 m/s"], [71090, 400676, "30.0 m/s"]]}
SAMPLE 485.2 {"ego": {"x": 1299.5665283203125, "y": 496.4996032714844, "z": 53.768218994140625, "heading": 3.0061182975769043, "speed": 0.0}, "cap": 30.0, "state": "state=STOP_NO_LOCAL_PATH", "cmd": {"steering": 0.0, "accel": -3.0}, "route": [400160, 400169, 400226, 400231, 400568], "light": [171, 1], "path_n": 6, "path_age": 32.81378400700487, "end": [1306.8014849255908, 493.5881160030017], "cells": [[71006, 400160, "30.0 m/s"], [71009, 400160, "30.0 m/s"], [71008, 400160, "30.0 m/s"], [71007, 400160, "30.0 m/s"], [71089, 400676, "30.0 m/s"], [71090, 400676, "30.0 m/s"]]}
SAMPLE 485.7 {"ego": {"x": 1299.5665283203125, "y": 496.4996032714844, "z": 53.768218994140625, "heading": 3.0061182975769043, "speed": 0.0}, "cap": 30.0, "state": "state=STOP_NO_LOCAL_PATH", "cmd": {"steering": 0.0, "accel": -3.0}, "route": [400160, 400169, 400226, 400231, 400568], "light": [171, 1], "path_n": 6, "path_age": 33.31358474800072, "end": [1306.8014849255908, 493.5881160030017], "cells": [[71006, 400160, "30.0 m/s"], [71009, 400160, "30.0 m/s"], [71008, 400160, "30.0 m/s"], [71007, 400160, "30.0 m/s"], [71089, 400676, "30.0 m/s"], [71090, 400676, "30.0 m/s"]]}
SAMPLE 490.2 {"ego": {"x": 1299.5665283203125, "y": 496.4996032714844, "z": 53.768218994140625, "heading": 3.0061182975769043, "speed": 0.0}, "cap": 30.0, "state": "state=STOP_NO_LOCAL_PATH", "cmd": {"steering": 0.0, "accel": -3.0}, "route": [400160, 400169, 400226, 400231, 400568], "light": [171, 5], "path_n": 6, "path_age": 37.81369722499949, "end": [1306.8014849255908, 493.5881160030017], "cells": [[71006, 400160, "30.0 m/s"], [71009, 400160, "30.0 m/s"], [71008, 400160, "30.0 m/s"], [71007, 400160, "30.0 m/s"], [71089, 400676, "30.0 m/s"], [71090, 400676, "30.0 m/s"]]}
SAMPLE 490.7 {"ego": {"x": 1299.5665283203125, "y": 496.4996032714844, "z": 53.768218994140625, "heading": 3.0061182975769043, "speed": 0.0}, "cap": 30.0, "state": "state=STOP_NO_LOCAL_PATH", "cmd": {"steering": 0.0, "accel": -3.0}, "route": [400160, 400169, 400226, 400231, 400568], "light": [171, 5], "path_n": 6, "path_age": 38.31361008300155, "end": [1306.8014849255908, 493.5881160030017], "cells": [[71006, 400160, "30.0 m/s"], [71009, 400160, "30.0 m/s"], [71008, 400160, "30.0 m/s"], [71007, 400160, "30.0 m/s"], [71089, 400676, "30.0 m/s"], [71090, 400676, "30.0 m/s"]]}
SAMPLE 495.2 {"ego": {"x": 1299.5665283203125, "y": 496.4996032714844, "z": 53.768218994140625, "heading": 3.0061182975769043, "speed": 0.0}, "cap": 30.0, "state": "state=STOP_NO_LOCAL_PATH", "cmd": {"steering": 0.0, "accel": -3.0}, "route": [400160, 400169, 400226, 400231, 400568], "light": [171, 5], "path_n": 6, "path_age": 42.81359921100375, "end": [1306.8014849255908, 493.5881160030017], "cells": [[71006, 400160, "30.0 m/s"], [71009, 400160, "30.0 m/s"], [71008, 400160, "30.0 m/s"], [71007, 400160, "30.0 m/s"], [71089, 400676, "30.0 m/s"], [71090, 400676, "30.0 m/s"]]}
SAMPLE 495.7 {"ego": {"x": 1299.5665283203125, "y": 496.4996032714844, "z": 53.768218994140625, "heading": 3.0061182975769043, "speed": 0.0}, "cap": 30.0, "state": "state=STOP_NO_LOCAL_PATH", "cmd": {"steering": 0.0, "accel": -3.0}, "route": [400160, 400169, 400226, 400231, 400568], "light": [171, 5], "path_n": 6, "path_age": 43.31375939099962, "end": [1306.8014849255908, 493.5881160030017], "cells": [[71006, 400160, "30.0 m/s"], [71009, 400160, "30.0 m/s"], [71008, 400160, "30.0 m/s"], [71007, 400160, "30.0 m/s"], [71089, 400676, "30.0 m/s"], [71090, 400676, "30.0 m/s"]]}
SAMPLE 500.2 {"ego": {"x": 1299.5665283203125, "y": 496.4996032714844, "z": 53.768218994140625, "heading": 3.0061182975769043, "speed": 0.0}, "cap": 30.0, "state": "state=STOP_NO_LOCAL_PATH", "cmd": {"steering": 0.0, "accel": -3.0}, "route": [400160, 400169, 400226, 400231, 400568], "light": [171, 5], "path_n": 6, "path_age": 47.81360026299808, "end": [1306.8014849255908, 493.5881160030017], "cells": [[71006, 400160, "30.0 m/s"], [71009, 400160, "30.0 m/s"], [71008, 400160, "30.0 m/s"], [71007, 400160, "30.0 m/s"], [71089, 400676, "30.0 m/s"], [71090, 400676, "30.0 m/s"]]}
SAMPLE 500.7 {"ego": {"x": 1299.5665283203125, "y": 496.4996032714844, "z": 53.768218994140625, "heading": 3.0061182975769043, "speed": 0.0}, "cap": 30.0, "state": "state=STOP_NO_LOCAL_PATH", "cmd": {"steering": 0.0, "accel": -3.0}, "route": [400160, 400169, 400226, 400231, 400568], "light": [171, 5], "path_n": 6, "path_age": 48.31368187299813, "end": [1306.8014849255908, 493.5881160030017], "cells": [[71006, 400160, "30.0 m/s"], [71009, 400160, "30.0 m/s"], [71008, 400160, "30.0 m/s"], [71007, 400160, "30.0 m/s"], [71089, 400676, "30.0 m/s"], [71090, 400676, "30.0 m/s"]]}
SAMPLE 505.2 {"ego": {"x": 1299.5665283203125, "y": 496.4996032714844, "z": 53.768218994140625, "heading": 3.0061182975769043, "speed": 0.0}, "cap": 30.0, "state": "state=STOP_NO_LOCAL_PATH", "cmd": {"steering": 0.0, "accel": -3.0}, "route": [400160, 400169, 400226, 400231, 400568], "light": [171, 2], "path_n": 6, "path_age": 52.81358031200216, "end": [1306.8014849255908, 493.5881160030017], "cells": [[71006, 400160, "30.0 m/s"], [71009, 400160, "30.0 m/s"], [71008, 400160, "30.0 m/s"], [71007, 400160, "30.0 m/s"], [71089, 400676, "30.0 m/s"], [71090, 400676, "30.0 m/s"]]}
SAMPLE 505.7 {"ego": {"x": 1299.5665283203125, "y": 496.4996032714844, "z": 53.768218994140625, "heading": 3.0061182975769043, "speed": 0.0}, "cap": 30.0, "state": "state=STOP_NO_LOCAL_PATH", "cmd": {"steering": 0.0, "accel": -3.0}, "route": [400160, 400169, 400226, 400231, 400568], "light": [171, 2], "path_n": 6, "path_age": 53.31370362800226, "end": [1306.8014849255908, 493.5881160030017], "cells": [[71006, 400160, "30.0 m/s"], [71009, 400160, "30.0 m/s"], [71008, 400160, "30.0 m/s"], [71007, 400160, "30.0 m/s"], [71089, 400676, "30.0 m/s"], [71090, 400676, "30.0 m/s"]]}
SAMPLE 510.2 {"ego": {"x": 1299.5665283203125, "y": 496.4996032714844, "z": 53.768218994140625, "heading": 3.0061182975769043, "speed": 0.0}, "cap": 30.0, "state": "state=STOP_NO_LOCAL_PATH", "cmd": {"steering": 0.0, "accel": -3.0}, "route": [400160, 400169, 400226, 400231, 400568], "light": [171, 1], "path_n": 6, "path_age": 57.81369180299953, "end": [1306.8014849255908, 493.5881160030017], "cells": [[71006, 400160, "30.0 m/s"], [71009, 400160, "30.0 m/s"], [71008, 400160, "30.0 m/s"], [71007, 400160, "30.0 m/s"], [71089, 400676, "30.0 m/s"], [71090, 400676, "30.0 m/s"]]}
SAMPLE 510.7 {"ego": {"x": 1299.5665283203125, "y": 496.4996032714844, "z": 53.768218994140625, "heading": 3.0061182975769043, "speed": 0.0}, "cap": 30.0, "state": "state=STOP_NO_LOCAL_PATH", "cmd": {"steering": 0.0, "accel": -3.0}, "route": [400160, 400169, 400226, 400231, 400568], "light": [171, 1], "path_n": 6, "path_age": 58.313741980004124, "end": [1306.8014849255908, 493.5881160030017], "cells": [[71006, 400160, "30.0 m/s"], [71009, 400160, "30.0 m/s"], [71008, 400160, "30.0 m/s"], [71007, 400160, "30.0 m/s"], [71089, 400676, "30.0 m/s"], [71090, 400676, "30.0 m/s"]]}
SAMPLE 515.2 {"ego": {"x": 1299.5665283203125, "y": 496.4996032714844, "z": 53.768218994140625, "heading": 3.0061182975769043, "speed": 0.0}, "cap": 30.0, "state": "state=STOP_NO_LOCAL_PATH", "cmd": {"steering": 0.0, "accel": -3.0}, "route": [400160, 400169, 400226, 400231, 400568], "light": [171, 1], "path_n": 6, "path_age": 62.81361109700083, "end": [1306.8014849255908, 493.5881160030017], "cells": [[71006, 400160, "30.0 m/s"], [71009, 400160, "30.0 m/s"], [71008, 400160, "30.0 m/s"], [71007, 400160, "30.0 m/s"], [71089, 400676, "30.0 m/s"], [71090, 400676, "30.0 m/s"]]}
SAMPLE 515.7 {"ego": {"x": 1299.5665283203125, "y": 496.4996032714844, "z": 53.768218994140625, "heading": 3.0061182975769043, "speed": 0.0}, "cap": 30.0, "state": "state=STOP_NO_LOCAL_PATH", "cmd": {"steering": 0.0, "accel": -3.0}, "route": [400160, 400169, 400226, 400231, 400568], "light": [171, 1], "path_n": 6, "path_age": 63.31379339900013, "end": [1306.8014849255908, 493.5881160030017], "cells": [[71006, 400160, "30.0 m/s"], [71009, 400160, "30.0 m/s"], [71008, 400160, "30.0 m/s"], [71007, 400160, "30.0 m/s"], [71089, 400676, "30.0 m/s"], [71090, 400676, "30.0 m/s"]]}
ROUTE 519.97 [57627, 69928, 34407, 69067, 27123, 27224, 27227, 28004, 28075, 28078, 29001, 29168] n 35
SAMPLE 520.2 {"ego": {"x": 508.7996826171875, "y": -168.28765869140625, "z": 42.0, "heading": 0.5161694288253784, "speed": 0.0}, "cap": 8.0, "state": "state=STOP_NO_LOCAL_PATH", "cmd": {"steering": 0.0, "accel": -3.0}, "route": [57627, 69928, 34407, 69067, 27123], "light": [27, 5], "path_n": 92, "path_age": 0.0009299939993070439, "end": [547.0497137359009, -147.36258622252984], "cells": [[10902, 57627, "8.0 m/s"], [10900, 57627, "8.0 m/s"], [10899, 57627, "8.0 m/s"], [10901, 57627, "8.0 m/s"], [10898, 57627, "8.0 m/s"], [10903, 57627, "8.0 m/s"]]}
SAMPLE 520.7 {"ego": {"x": 508.7996826171875, "y": -168.28765869140625, "z": 42.0, "heading": 0.5161694288253784, "speed": 0.0}, "cap": 8.0, "state": "state=STOP_NO_LOCAL_PATH", "cmd": {"steering": 0.0, "accel": -3.0}, "route": [57627, 69928, 34407, 69067, 27123], "light": [27, 5], "path_n": 92, "path_age": 0.0015649749984731898, "end": [547.0497137359009, -147.36258622252984], "cells": [[10902, 57627, "8.0 m/s"], [10900, 57627, "8.0 m/s"], [10899, 57627, "8.0 m/s"], [10901, 57627, "8.0 m/s"], [10898, 57627, "8.0 m/s"], [10903, 57627, "8.0 m/s"]]}
SAMPLE 525.2 {"ego": {"x": 508.7996826171875, "y": -168.28765869140625, "z": 42.0, "heading": 0.5161694288253784, "speed": 0.0}, "cap": 8.0, "state": "state=STOP_NO_LOCAL_PATH", "cmd": {"steering": 0.0, "accel": -3.0}, "route": [57627, 69928, 34407, 69067, 27123], "light": [27, 5], "path_n": 92, "path_age": 0.000714178997441195, "end": [547.0497137359009, -147.36258622252984], "cells": [[10902, 57627, "8.0 m/s"], [10900, 57627, "8.0 m/s"], [10899, 57627, "8.0 m/s"], [10901, 57627, "8.0 m/s"], [10898, 57627, "8.0 m/s"], [10903, 57627, "8.0 m/s"]]}
SAMPLE 525.7 {"ego": {"x": 508.7996826171875, "y": -168.28765869140625, "z": 42.0, "heading": 0.5161694288253784, "speed": 0.0}, "cap": 8.0, "state": "state=STOP_NO_LOCAL_PATH", "cmd": {"steering": 0.0, "accel": -3.0}, "route": [57627, 69928, 34407, 69067, 27123], "light": [27, 5], "path_n": 92, "path_age": 0.000906230001419317, "end": [547.0497137359009, -147.36258622252984], "cells": [[10902, 57627, "8.0 m/s"], [10900, 57627, "8.0 m/s"], [10899, 57627, "8.0 m/s"], [10901, 57627, "8.0 m/s"], [10898, 57627, "8.0 m/s"], [10903, 57627, "8.0 m/s"]]}
SAMPLE 530.2 {"ego": {"x": 508.7996826171875, "y": -168.28765869140625, "z": 42.0, "heading": 0.5161694288253784, "speed": 0.0}, "cap": 8.0, "state": "state=STOP_NO_LOCAL_PATH", "cmd": {"steering": 0.0, "accel": -3.0}, "route": [57627, 69928, 34407, 69067, 27123], "light": [27, 5], "path_n": 92, "path_age": 0.0009395019951625727, "end": [547.0497137359009, -147.36258622252984], "cells": [[10902, 57627, "8.0 m/s"], [10900, 57627, "8.0 m/s"], [10899, 57627, "8.0 m/s"], [10901, 57627, "8.0 m/s"], [10898, 57627, "8.0 m/s"], [10903, 57627, "8.0 m/s"]]}
SAMPLE 530.7 {"ego": {"x": 508.7996826171875, "y": -168.28765869140625, "z": 42.0, "heading": 0.5161694288253784, "speed": 0.0}, "cap": 8.0, "state": "state=STOP_NO_LOCAL_PATH", "cmd": {"steering": 0.0, "accel": -3.0}, "route": [57627, 69928, 34407, 69067, 27123], "light": [27, 5], "path_n": 92, "path_age": 0.0013826540016452782, "end": [547.0497137359009, -147.36258622252984], "cells": [[10902, 57627, "8.0 m/s"], [10900, 57627, "8.0 m/s"], [10899, 57627, "8.0 m/s"], [10901, 57627, "8.0 m/s"], [10898, 57627, "8.0 m/s"], [10903, 57627, "8.0 m/s"]]}
STATE 534.85 state=FORWARD_STALE_EGO solver_success=0 solve_ms=0 output_enabled=1 reset_detected=0
STATE 534.92 state=STOP_NO_LOCAL_PATH solver_success=0 solve_ms=0 output_enabled=1 reset_detected=1
STATE 534.97 state=ACTIVE solver_success=1 solve_ms=0.002445 output_enabled=1 reset_detected=0
SAMPLE 535.2 {"ego": {"x": 508.8033142089844, "y": -168.2855987548828, "z": 41.999267578125, "heading": 0.5161694288253784, "speed": 0.037526607513427734}, "cap": 8.0, "state": "state=ACTIVE", "cmd": {"steering": -1.7546587969263783e-06, "accel": 0.75}, "route": [57627, 69928, 34407, 69067, 27123], "light": [27, 2], "path_n": 92, "path_age": 0.0008678770027472638, "end": [547.184667141684, -147.28781956034473], "cells": [[10902, 57627, "8.0 m/s"], [10900, 57627, "8.0 m/s"], [10899, 57627, "8.0 m/s"], [10901, 57627, "8.0 m/s"], [10898, 57627, "8.0 m/s"], [10903, 57627, "8.0 m/s"]]}
SAMPLE 535.7 {"ego": {"x": 508.9155578613281, "y": -168.22189331054688, "z": 41.9952278137207, "heading": 0.5161688923835754, "speed": 0.546750545501709}, "cap": 8.0, "state": "state=ACTIVE", "cmd": {"steering": -3.740717875189148e-05, "accel": 2.0}, "route": [57627, 69928, 34407, 69067, 27123], "light": [27, 2], "path_n": 97, "path_age": 0.000532940000994131, "end": [549.0793536904134, -146.2383551332746], "cells": [[10902, 57627, "8.0 m/s"], [10900, 57627, "8.0 m/s"], [10899, 57627, "8.0 m/s"], [10901, 57627, "8.0 m/s"], [10898, 57627, "8.0 m/s"], [10903, 57627, "8.0 m/s"]]}
STATE 539.32 state=FORWARD_MPC_FAILURE:MPC iteration limit reached solver_success=0 solve_ms=0 output_enabled=1 reset_detected=0
STATE 539.37 state=ACTIVE solver_success=1 solve_ms=0.004078 output_enabled=1 reset_detected=0
STATE 539.52 state=FORWARD_MPC_FAILURE:MPC iteration limit reached solver_success=0 solve_ms=0 output_enabled=1 reset_detected=0
STATE 539.57 state=ACTIVE solver_success=1 solve_ms=0.007283 output_enabled=1 reset_detected=0
STATE 540.02 state=FORWARD_MPC_FAILURE:MPC iteration limit reached solver_success=0 solve_ms=0 output_enabled=1 reset_detected=0
STATE 540.07 state=ACTIVE solver_success=1 solve_ms=0.002325 output_enabled=1 reset_detected=0
SAMPLE 540.2 {"ego": {"x": 528.8120727539062, "y": -157.3568572998047, "z": 41.9954719543457, "heading": 0.5032133460044861, "speed": 9.45632266998291}, "cap": 30.0, "state": "state=ACTIVE", "cmd": {"steering": -0.0034713787026703358, "accel": 2.0}, "route": [57627, 69928, 34407, 69067, 27123], "light": [0, 0], "path_n": 85, "path_age": 0.011426741002651397, "end": [564.1090702758561, -138.10253206369055], "cells": [[12750, 69928, "30.0 m/s"], [12749, 69928, "30.0 m/s"], [12754, 69928, "30.0 m/s"], [93644, 535232, "30.0 m/s"], [93643, 535232, "30.0 m/s"], [12751, 69928, "30.0 m/s"], [12752, 69928, "30.0 m/s"], [12753, 69928, "30.0 m/s"]]}
STATE 540.57 state=FORWARD_MPC_FAILURE:MPC iteration limit reached solver_success=0 solve_ms=0 output_enabled=1 reset_detected=0
SAMPLE 540.7 {"ego": {"x": 533.3878784179688, "y": -154.84478759765625, "z": 41.9951057434082, "heading": 0.5048274993896484, "speed": 10.57874870300293}, "cap": 30.0, "state": "state=FORWARD_MPC_FAILURE:MPC", "cmd": {"steering": 0.0, "accel": 1.5499999523162842}, "route": [57627, 69928, 34407, 69067, 27123], "light": [0, 0], "path_n": 78, "path_age": 0.018451848001859616, "end": [564.9169839043142, -137.69457132828418], "cells": [[12757, 69928, "30.0 m/s"], [12756, 69928, "30.0 m/s"], [12759, 69928, "30.0 m/s"], [93645, 535232, "30.0 m/s"], [93646, 535232, "30.0 m/s"], [12755, 69928, "30.0 m/s"], [93647, 535232, "30.0 m/s"], [12758, 69928, "30.0 m/s"], [93644, 535232, "30.0 m/s"], [93648, 535232, "30.0 m/s"], [93649, 535232, "30.0 m/s"]]}
STATE 540.72 state=ACTIVE solver_success=1 solve_ms=0.002254 output_enabled=1 reset_detected=0
STATE 540.77 state=FORWARD_MPC_FAILURE:MPC iteration limit reached solver_success=0 solve_ms=0 output_enabled=1 reset_detected=0
STATE 541.57 state=ACTIVE solver_success=1 solve_ms=0.007484 output_enabled=1 reset_detected=0
STATE 541.62 state=FORWARD_MPC_FAILURE:MPC iteration limit reached solver_success=0 solve_ms=0 output_enabled=1 reset_detected=0
STATE 541.72 state=ACTIVE solver_success=1 solve_ms=0.01071 output_enabled=1 reset_detected=0
STATE 541.77 state=FORWARD_MPC_FAILURE:MPC iteration limit reached solver_success=0 solve_ms=0 output_enabled=1 reset_detected=0
STATE 542.17 state=ACTIVE solver_success=1 solve_ms=0.003967 output_enabled=1 reset_detected=0
STATE 542.27 state=FORWARD_MPC_FAILURE:MPC iteration limit reached solver_success=0 solve_ms=0 output_enabled=1 reset_detected=0
STATE 542.37 state=ACTIVE solver_success=1 solve_ms=0.006863 output_enabled=1 reset_detected=0
STATE 542.42 state=FORWARD_MPC_FAILURE:MPC iteration limit reached solver_success=0 solve_ms=0 output_enabled=1 reset_detected=0
STATE 542.52 state=ACTIVE solver_success=1 solve_ms=0.008887 output_enabled=1 reset_detected=0
STATE 542.67 state=FORWARD_MPC_FAILURE:MPC iteration limit reached solver_success=0 solve_ms=0 output_enabled=1 reset_detected=0
STATE 542.72 state=ACTIVE solver_success=1 solve_ms=0.004889 output_enabled=1 reset_detected=0
STATE 542.77 state=FORWARD_MPC_FAILURE:MPC iteration limit reached solver_success=0 solve_ms=0 output_enabled=1 reset_detected=0
STATE 542.82 state=ACTIVE solver_success=1 solve_ms=0.006402 output_enabled=1 reset_detected=0
STATE 543.32 state=FORWARD_MPC_FAILURE:MPC iteration limit reached solver_success=0 solve_ms=0 output_enabled=1 reset_detected=0
STATE 543.37 state=ACTIVE solver_success=1 solve_ms=0.067727 output_enabled=1 reset_detected=0
STATE 543.47 state=ACTIVE_SHORT_PATH solver_success=1 solve_ms=0.004759 output_enabled=1 reset_detected=0
STATE 543.67 state=ACTIVE solver_success=1 solve_ms=0.004939 output_enabled=1 reset_detected=0
STATE 543.82 state=ACTIVE_SHORT_PATH solver_success=1 solve_ms=0.005059 output_enabled=1 reset_detected=0
ROUTE 544.0 [34407, 69067, 27123, 27224, 27227, 28004, 28075, 28078, 29001, 29168, 29439, 32840] n 33
STATE 544.07 state=ACTIVE solver_success=1 solve_ms=0.014197 output_enabled=1 reset_detected=0
STATE 544.12 state=FORWARD_MPC_FAILURE:MPC iteration limit reached solver_success=0 solve_ms=0 output_enabled=1 reset_detected=0
STATE 544.17 state=ACTIVE solver_success=1 solve_ms=0.022231 output_enabled=1 reset_detected=0
SAMPLE 545.2 {"ego": {"x": 569.8780517578125, "y": -135.36949157714844, "z": 42.04427719116211, "heading": 0.4140529930591583, "speed": 5.925808429718018}, "cap": 7.370049953460693, "state": "state=ACTIVE", "cmd": {"steering": -0.0005705354269593954, "accel": -0.21592548489570618}, "route": [34407, 69067, 27123, 27224, 27227], "light": [136, 1], "path_n": 111, "path_age": 0.0010076899998239242, "end": [618.6939974240481, -113.27979480079726], "cells": [[6366, 34407, "30.0 m/s"], [6365, 34407, "30.0 m/s"], [6367, 34407, "30.0 m/s"], [6368, 34407, "30.0 m/s"], [6369, 34407, "30.0 m/s"], [6370, 34407, "30.0 m/s"]]}
SAMPLE 545.7 {"ego": {"x": 572.6835327148438, "y": -134.12709045410156, "z": 42.1484489440918, "heading": 0.4226144850254059, "speed": 5.908515453338623}, "cap": 7.370049953460693, "state": "state=ACTIVE", "cmd": {"steering": 0.024923162534832954, "accel": 0.594927966594696}, "route": [34407, 69067, 27123, 27224, 27227], "light": [136, 1], "path_n": 110, "path_age": 0.0009756300059962086, "end": [621.4521043673557, -112.07413066408994], "cells": [[6368, 34407, "30.0 m/s"], [6369, 34407, "30.0 m/s"], [6371, 34407, "30.0 m/s"], [6370, 34407, "30.0 m/s"], [6372, 34407, "30.0 m/s"], [6373, 34407, "30.0 m/s"]]}
STATE 549.02 state=ACTIVE_SHORT_PATH solver_success=1 solve_ms=0.00497 output_enabled=1 reset_detected=0
STATE 549.32 state=ACTIVE solver_success=1 solve_ms=0.003526 output_enabled=1 reset_detected=0
STATE 549.37 state=ACTIVE_SHORT_PATH solver_success=1 solve_ms=0.004639 output_enabled=1 reset_detected=0
STATE 549.92 state=FORWARD_INVALID_PATH:path is too short for minimum MPC horizon solver_success=0 solve_ms=0 output_enabled=1 reset_detected=0
STATE 550.02 state=STOP_NO_LOCAL_PATH solver_success=0 solve_ms=0 output_enabled=1 reset_detected=0
SAMPLE 550.2 {"ego": {"x": 597.83544921875, "y": -122.28265380859375, "z": 45.01512908935547, "heading": 0.46105578541755676, "speed": 5.229520797729492}, "cap": 0.894812285900116, "state": "state=STOP_NO_LOCAL_PATH", "cmd": {"steering": 0.4000000059604645, "accel": -3.0}, "route": [34407, 69067, 27123, 27224, 27227], "light": [136, 1], "path_n": 13, "path_age": 0.8595733360052691, "end": [597.8876023551485, -122.27083726164362], "cells": [[6397, 34407, "8.0 m/s"], [6396, 34407, "8.0 m/s"], [6398, 34407, "8.0 m/s"], [6399, 34407, "8.0 m/s"], [6400, 34407, "8.0 m/s"], [6401, 34407, "8.0 m/s"]]}
SAMPLE 550.7 {"ego": {"x": 599.7261352539062, "y": -120.99307250976562, "z": 45.16069030761719, "heading": 0.6858676671981812, "speed": 3.6886019706726074}, "cap": 0.0, "state": "state=STOP_NO_LOCAL_PATH", "cmd": {"steering": 0.20000000298023224, "accel": -3.0}, "route": [34407, 69067, 27123, 27224, 27227], "light": [136, 1], "path_n": 13, "path_age": 1.3595344190034666, "end": [597.8876023551485, -122.27083726164362], "cells": [[6318, 34191, "8.0 m/s"], [6398, 34407, "8.0 m/s"], [6399, 34407, "8.0 m/s"], [6400, 34407, "8.0 m/s"], [6317, 34191, "8.0 m/s"], [6401, 34407, "8.0 m/s"], [6314, 34191, "8.0 m/s"], [6402, 34407, "8.0 m/s"], [6315, 34191, "8.0 m/s"], [6403, 34407, "8.0 m/s"], [6316, 34191, "8.0 m/s"]]}
ROUTE 551.38 [34191, 36582, 57748, 57360, 57162, 57284, 521531, 36701, 65654, 37402, 37294, 37172] n 66
SAMPLE 555.2 {"ego": {"x": 601.3379516601562, "y": -119.50121307373047, "z": 45.25751495361328, "heading": 0.761121928691864, "speed": 0.0}, "cap": 8.0, "state": "state=STOP_NO_LOCAL_PATH", "cmd": {"steering": 0.0, "accel": -3.0}, "route": [34191, 36582, 57748, 57360, 57162], "light": [136, 1], "path_n": 13, "path_age": 5.859609839004406, "end": [597.8876023551485, -122.27083726164362], "cells": [[6400, 34407, "8.0 m/s"], [6317, 34191, "8.0 m/s"], [6401, 34407, "8.0 m/s"], [6314, 34191, "8.0 m/s"], [6313, 34191, "8.0 m/s"], [6402, 34407, "8.0 m/s"], [6315, 34191, "8.0 m/s"], [6403, 34407, "8.0 m/s"], [6316, 34191, "8.0 m/s"], [6404, 34407, "8.0 m/s"], [6405, 34407, "8.0 m/s"], [6312, 34191, "8.0 m/s"]]}
SAMPLE 555.7 {"ego": {"x": 601.3379516601562, "y": -119.50121307373047, "z": 45.25751495361328, "heading": 0.761121928691864, "speed": 0.0}, "cap": 8.0, "state": "state=STOP_NO_LOCAL_PATH", "cmd": {"steering": 0.0, "accel": -3.0}, "route": [34191, 36582, 57748, 57360, 57162], "light": [136, 1], "path_n": 13, "path_age": 6.359689872006129, "end": [597.8876023551485, -122.27083726164362], "cells": [[6400, 34407, "8.0 m/s"], [6317, 34191, "8.0 m/s"], [6401, 34407, "8.0 m/s"], [6314, 34191, "8.0 m/s"], [6313, 34191, "8.0 m/s"], [6402, 34407, "8.0 m/s"], [6315, 34191, "8.0 m/s"], [6403, 34407, "8.0 m/s"], [6316, 34191, "8.0 m/s"], [6404, 34407, "8.0 m/s"], [6405, 34407, "8.0 m/s"], [6312, 34191, "8.0 m/s"]]}
SAMPLE 560.2 {"ego": {"x": 601.3379516601562, "y": -119.50121307373047, "z": 45.25751495361328, "heading": 0.761121928691864, "speed": 0.0}, "cap": 8.0, "state": "state=STOP_NO_LOCAL_PATH", "cmd": {"steering": 0.0, "accel": -3.0}, "route": [34191, 36582, 57748, 57360, 57162], "light": [136, 3], "path_n": 13, "path_age": 10.859563167003216, "end": [597.8876023551485, -122.27083726164362], "cells": [[6400, 34407, "8.0 m/s"], [6317, 34191, "8.0 m/s"], [6401, 34407, "8.0 m/s"], [6314, 34191, "8.0 m/s"], [6313, 34191, "8.0 m/s"], [6402, 34407, "8.0 m/s"], [6315, 34191, "8.0 m/s"], [6403, 34407, "8.0 m/s"], [6316, 34191, "8.0 m/s"], [6404, 34407, "8.0 m/s"], [6405, 34407, "8.0 m/s"], [6312, 34191, "8.0 m/s"]]}
SAMPLE 560.7 {"ego": {"x": 601.3379516601562, "y": -119.50121307373047, "z": 45.25751495361328, "heading": 0.761121928691864, "speed": 0.0}, "cap": 8.0, "state": "state=STOP_NO_LOCAL_PATH", "cmd": {"steering": 0.0, "accel": -3.0}, "route": [34191, 36582, 57748, 57360, 57162], "light": [136, 3], "path_n": 13, "path_age": 11.359634609005298, "end": [597.8876023551485, -122.27083726164362], "cells": [[6400, 34407, "8.0 m/s"], [6317, 34191, "8.0 m/s"], [6401, 34407, "8.0 m/s"], [6314, 34191, "8.0 m/s"], [6313, 34191, "8.0 m/s"], [6402, 34407, "8.0 m/s"], [6315, 34191, "8.0 m/s"], [6403, 34407, "8.0 m/s"], [6316, 34191, "8.0 m/s"], [6404, 34407, "8.0 m/s"], [6405, 34407, "8.0 m/s"], [6312, 34191, "8.0 m/s"]]}
SAMPLE 565.2 {"ego": {"x": 601.3379516601562, "y": -119.50121307373047, "z": 45.25751495361328, "heading": 0.761121928691864, "speed": 0.0}, "cap": 8.0, "state": "state=STOP_NO_LOCAL_PATH", "cmd": {"steering": 0.0, "accel": -3.0}, "route": [34191, 36582, 57748, 57360, 57162], "light": [136, 3], "path_n": 13, "path_age": 15.859572908004338, "end": [597.8876023551485, -122.27083726164362], "cells": [[6400, 34407, "8.0 m/s"], [6317, 34191, "8.0 m/s"], [6401, 34407, "8.0 m/s"], [6314, 34191, "8.0 m/s"], [6313, 34191, "8.0 m/s"], [6402, 34407, "8.0 m/s"], [6315, 34191, "8.0 m/s"], [6403, 34407, "8.0 m/s"], [6316, 34191, "8.0 m/s"], [6404, 34407, "8.0 m/s"], [6405, 34407, "8.0 m/s"], [6312, 34191, "8.0 m/s"]]}
SAMPLE 565.7 {"ego": {"x": 601.3379516601562, "y": -119.50121307373047, "z": 45.25751495361328, "heading": 0.761121928691864, "speed": 0.0}, "cap": 8.0, "state": "state=STOP_NO_LOCAL_PATH", "cmd": {"steering": 0.0, "accel": -3.0}, "route": [34191, 36582, 57748, 57360, 57162], "light": [136, 3], "path_n": 13, "path_age": 16.359597107002628, "end": [597.8876023551485, -122.27083726164362], "cells": [[6400, 34407, "8.0 m/s"], [6317, 34191, "8.0 m/s"], [6401, 34407, "8.0 m/s"], [6314, 34191, "8.0 m/s"], [6313, 34191, "8.0 m/s"], [6402, 34407, "8.0 m/s"], [6315, 34191, "8.0 m/s"], [6403, 34407, "8.0 m/s"], [6316, 34191, "8.0 m/s"], [6404, 34407, "8.0 m/s"], [6405, 34407, "8.0 m/s"], [6312, 34191, "8.0 m/s"]]}
SAMPLE 570.2 {"ego": {"x": 601.3379516601562, "y": -119.50121307373047, "z": 45.25751495361328, "heading": 0.761121928691864, "speed": 0.0}, "cap": 8.0, "state": "state=STOP_NO_LOCAL_PATH", "cmd": {"steering": 0.0, "accel": -3.0}, "route": [34191, 36582, 57748, 57360, 57162], "light": [136, 3], "path_n": 13, "path_age": 20.85964194600092, "end": [597.8876023551485, -122.27083726164362], "cells": [[6400, 34407, "8.0 m/s"], [6317, 34191, "8.0 m/s"], [6401, 34407, "8.0 m/s"], [6314, 34191, "8.0 m/s"], [6313, 34191, "8.0 m/s"], [6402, 34407, "8.0 m/s"], [6315, 34191, "8.0 m/s"], [6403, 34407, "8.0 m/s"], [6316, 34191, "8.0 m/s"], [6404, 34407, "8.0 m/s"], [6405, 34407, "8.0 m/s"], [6312, 34191, "8.0 m/s"]]}
SAMPLE 570.7 {"ego": {"x": 601.3379516601562, "y": -119.50121307373047, "z": 45.25751495361328, "heading": 0.761121928691864, "speed": 0.0}, "cap": 8.0, "state": "state=STOP_NO_LOCAL_PATH", "cmd": {"steering": 0.0, "accel": -3.0}, "route": [34191, 36582, 57748, 57360, 57162], "light": [136, 3], "path_n": 13, "path_age": 21.35969127700082, "end": [597.8876023551485, -122.27083726164362], "cells": [[6400, 34407, "8.0 m/s"], [6317, 34191, "8.0 m/s"], [6401, 34407, "8.0 m/s"], [6314, 34191, "8.0 m/s"], [6313, 34191, "8.0 m/s"], [6402, 34407, "8.0 m/s"], [6315, 34191, "8.0 m/s"], [6403, 34407, "8.0 m/s"], [6316, 34191, "8.0 m/s"], [6404, 34407, "8.0 m/s"], [6405, 34407, "8.0 m/s"], [6312, 34191, "8.0 m/s"]]}
SAMPLE 575.2 {"ego": {"x": 601.3379516601562, "y": -119.50121307373047, "z": 45.25751495361328, "heading": 0.761121928691864, "speed": 0.0}, "cap": 8.0, "state": "state=STOP_NO_LOCAL_PATH", "cmd": {"steering": 0.0, "accel": -3.0}, "route": [34191, 36582, 57748, 57360, 57162], "light": [136, 1], "path_n": 13, "path_age": 25.859533986003953, "end": [597.8876023551485, -122.27083726164362], "cells": [[6400, 34407, "8.0 m/s"], [6317, 34191, "8.0 m/s"], [6401, 34407, "8.0 m/s"], [6314, 34191, "8.0 m/s"], [6313, 34191, "8.0 m/s"], [6402, 34407, "8.0 m/s"], [6315, 34191, "8.0 m/s"], [6403, 34407, "8.0 m/s"], [6316, 34191, "8.0 m/s"], [6404, 34407, "8.0 m/s"], [6405, 34407, "8.0 m/s"], [6312, 34191, "8.0 m/s"]]}
SAMPLE 575.7 {"ego": {"x": 601.3379516601562, "y": -119.50121307373047, "z": 45.25751495361328, "heading": 0.761121928691864, "speed": 0.0}, "cap": 8.0, "state": "state=STOP_NO_LOCAL_PATH", "cmd": {"steering": 0.0, "accel": -3.0}, "route": [34191, 36582, 57748, 57360, 57162], "light": [136, 1], "path_n": 13, "path_age": 26.359487934001663, "end": [597.8876023551485, -122.27083726164362], "cells": [[6400, 34407, "8.0 m/s"], [6317, 34191, "8.0 m/s"], [6401, 34407, "8.0 m/s"], [6314, 34191, "8.0 m/s"], [6313, 34191, "8.0 m/s"], [6402, 34407, "8.0 m/s"], [6315, 34191, "8.0 m/s"], [6403, 34407, "8.0 m/s"], [6316, 34191, "8.0 m/s"], [6404, 34407, "8.0 m/s"], [6405, 34407, "8.0 m/s"], [6312, 34191, "8.0 m/s"]]}
SAMPLE 580.2 {"ego": {"x": 601.3379516601562, "y": -119.50121307373047, "z": 45.25751495361328, "heading": 0.761121928691864, "speed": 0.0}, "cap": 8.0, "state": "state=STOP_NO_LOCAL_PATH", "cmd": {"steering": 0.0, "accel": -3.0}, "route": [34191, 36582, 57748, 57360, 57162], "light": [136, 1], "path_n": 13, "path_age": 30.85963880000054, "end": [597.8876023551485, -122.27083726164362], "cells": [[6400, 34407, "8.0 m/s"], [6317, 34191, "8.0 m/s"], [6401, 34407, "8.0 m/s"], [6314, 34191, "8.0 m/s"], [6313, 34191, "8.0 m/s"], [6402, 34407, "8.0 m/s"], [6315, 34191, "8.0 m/s"], [6403, 34407, "8.0 m/s"], [6316, 34191, "8.0 m/s"], [6404, 34407, "8.0 m/s"], [6405, 34407, "8.0 m/s"], [6312, 34191, "8.0 m/s"]]}
SAMPLE 580.7 {"ego": {"x": 601.3379516601562, "y": -119.50121307373047, "z": 45.25751495361328, "heading": 0.761121928691864, "speed": 0.0}, "cap": 8.0, "state": "state=STOP_NO_LOCAL_PATH", "cmd": {"steering": 0.0, "accel": -3.0}, "route": [34191, 36582, 57748, 57360, 57162], "light": [136, 1], "path_n": 13, "path_age": 31.359566654005903, "end": [597.8876023551485, -122.27083726164362], "cells": [[6400, 34407, "8.0 m/s"], [6317, 34191, "8.0 m/s"], [6401, 34407, "8.0 m/s"], [6314, 34191, "8.0 m/s"], [6313, 34191, "8.0 m/s"], [6402, 34407, "8.0 m/s"], [6315, 34191, "8.0 m/s"], [6403, 34407, "8.0 m/s"], [6316, 34191, "8.0 m/s"], [6404, 34407, "8.0 m/s"], [6405, 34407, "8.0 m/s"], [6312, 34191, "8.0 m/s"]]}
SAMPLE 585.2 {"ego": {"x": 601.3379516601562, "y": -119.50121307373047, "z": 45.25751495361328, "heading": 0.761121928691864, "speed": 0.0}, "cap": 8.0, "state": "state=STOP_NO_LOCAL_PATH", "cmd": {"steering": 0.0, "accel": -3.0}, "route": [34191, 36582, 57748, 57360, 57162], "light": [136, 1], "path_n": 13, "path_age": 35.859558856005606, "end": [597.8876023551485, -122.27083726164362], "cells": [[6400, 34407, "8.0 m/s"], [6317, 34191, "8.0 m/s"], [6401, 34407, "8.0 m/s"], [6314, 34191, "8.0 m/s"], [6313, 34191, "8.0 m/s"], [6402, 34407, "8.0 m/s"], [6315, 34191, "8.0 m/s"], [6403, 34407, "8.0 m/s"], [6316, 34191, "8.0 m/s"], [6404, 34407, "8.0 m/s"], [6405, 34407, "8.0 m/s"], [6312, 34191, "8.0 m/s"]]}
SAMPLE 585.7 {"ego": {"x": 601.3379516601562, "y": -119.50121307373047, "z": 45.25751495361328, "heading": 0.761121928691864, "speed": 0.0}, "cap": 8.0, "state": "state=STOP_NO_LOCAL_PATH", "cmd": {"steering": 0.0, "accel": -3.0}, "route": [34191, 36582, 57748, 57360, 57162], "light": [136, 1], "path_n": 13, "path_age": 36.359557208001206, "end": [597.8876023551485, -122.27083726164362], "cells": [[6400, 34407, "8.0 m/s"], [6317, 34191, "8.0 m/s"], [6401, 34407, "8.0 m/s"], [6314, 34191, "8.0 m/s"], [6313, 34191, "8.0 m/s"], [6402, 34407, "8.0 m/s"], [6315, 34191, "8.0 m/s"], [6403, 34407, "8.0 m/s"], [6316, 34191, "8.0 m/s"], [6404, 34407, "8.0 m/s"], [6405, 34407, "8.0 m/s"], [6312, 34191, "8.0 m/s"]]}
SAMPLE 590.2 {"ego": {"x": 601.3379516601562, "y": -119.50121307373047, "z": 45.25751495361328, "heading": 0.761121928691864, "speed": 0.0}, "cap": 8.0, "state": "state=STOP_NO_LOCAL_PATH", "cmd": {"steering": 0.0, "accel": -3.0}, "route": [34191, 36582, 57748, 57360, 57162], "light": [136, 1], "path_n": 13, "path_age": 40.8595615689992, "end": [597.8876023551485, -122.27083726164362], "cells": [[6400, 34407, "8.0 m/s"], [6317, 34191, "8.0 m/s"], [6401, 34407, "8.0 m/s"], [6314, 34191, "8.0 m/s"], [6313, 34191, "8.0 m/s"], [6402, 34407, "8.0 m/s"], [6315, 34191, "8.0 m/s"], [6403, 34407, "8.0 m/s"], [6316, 34191, "8.0 m/s"], [6404, 34407, "8.0 m/s"], [6405, 34407, "8.0 m/s"], [6312, 34191, "8.0 m/s"]]}
SAMPLE 590.7 {"ego": {"x": 601.3379516601562, "y": -119.50121307373047, "z": 45.25751495361328, "heading": 0.761121928691864, "speed": 0.0}, "cap": 8.0, "state": "state=STOP_NO_LOCAL_PATH", "cmd": {"steering": 0.0, "accel": -3.0}, "route": [34191, 36582, 57748, 57360, 57162], "light": [136, 1], "path_n": 13, "path_age": 41.359502308005176, "end": [597.8876023551485, -122.27083726164362], "cells": [[6400, 34407, "8.0 m/s"], [6317, 34191, "8.0 m/s"], [6401, 34407, "8.0 m/s"], [6314, 34191, "8.0 m/s"], [6313, 34191, "8.0 m/s"], [6402, 34407, "8.0 m/s"], [6315, 34191, "8.0 m/s"], [6403, 34407, "8.0 m/s"], [6316, 34191, "8.0 m/s"], [6404, 34407, "8.0 m/s"], [6405, 34407, "8.0 m/s"], [6312, 34191, "8.0 m/s"]]}
SAMPLE 595.2 {"ego": {"x": 601.3379516601562, "y": -119.50121307373047, "z": 45.25751495361328, "heading": 0.761121928691864, "speed": 0.0}, "cap": 8.0, "state": "state=STOP_NO_LOCAL_PATH", "cmd": {"steering": 0.0, "accel": -3.0}, "route": [34191, 36582, 57748, 57360, 57162], "light": [136, 3], "path_n": 13, "path_age": 45.8595595920051, "end": [597.8876023551485, -122.27083726164362], "cells": [[6400, 34407, "8.0 m/s"], [6317, 34191, "8.0 m/s"], [6401, 34407, "8.0 m/s"], [6314, 34191, "8.0 m/s"], [6313, 34191, "8.0 m/s"], [6402, 34407, "8.0 m/s"], [6315, 34191, "8.0 m/s"], [6403, 34407, "8.0 m/s"], [6316, 34191, "8.0 m/s"], [6404, 34407, "8.0 m/s"], [6405, 34407, "8.0 m/s"], [6312, 34191, "8.0 m/s"]]}
SAMPLE 595.7 {"ego": {"x": 601.3379516601562, "y": -119.50121307373047, "z": 45.25751495361328, "heading": 0.761121928691864, "speed": 0.0}, "cap": 8.0, "state": "state=STOP_NO_LOCAL_PATH", "cmd": {"steering": 0.0, "accel": -3.0}, "route": [34191, 36582, 57748, 57360, 57162], "light": [136, 3], "path_n": 13, "path_age": 46.35950618600327, "end": [597.8876023551485, -122.27083726164362], "cells": [[6400, 34407, "8.0 m/s"], [6317, 34191, "8.0 m/s"], [6401, 34407, "8.0 m/s"], [6314, 34191, "8.0 m/s"], [6313, 34191, "8.0 m/s"], [6402, 34407, "8.0 m/s"], [6315, 34191, "8.0 m/s"], [6403, 34407, "8.0 m/s"], [6316, 34191, "8.0 m/s"], [6404, 34407, "8.0 m/s"], [6405, 34407, "8.0 m/s"], [6312, 34191, "8.0 m/s"]]}
SAMPLE 600.2 {"ego": {"x": 601.3379516601562, "y": -119.50121307373047, "z": 45.25751495361328, "heading": 0.761121928691864, "speed": 0.0}, "cap": 8.0, "state": "state=STOP_NO_LOCAL_PATH", "cmd": {"steering": 0.0, "accel": -3.0}, "route": [34191, 36582, 57748, 57360, 57162], "light": [136, 3], "path_n": 13, "path_age": 50.85956237999926, "end": [597.8876023551485, -122.27083726164362], "cells": [[6400, 34407, "8.0 m/s"], [6317, 34191, "8.0 m/s"], [6401, 34407, "8.0 m/s"], [6314, 34191, "8.0 m/s"], [6313, 34191, "8.0 m/s"], [6402, 34407, "8.0 m/s"], [6315, 34191, "8.0 m/s"], [6403, 34407, "8.0 m/s"], [6316, 34191, "8.0 m/s"], [6404, 34407, "8.0 m/s"], [6405, 34407, "8.0 m/s"], [6312, 34191, "8.0 m/s"]]}
SAMPLE 600.7 {"ego": {"x": 601.3379516601562, "y": -119.50121307373047, "z": 45.25751495361328, "heading": 0.761121928691864, "speed": 0.0}, "cap": 8.0, "state": "state=STOP_NO_LOCAL_PATH", "cmd": {"steering": 0.0, "accel": -3.0}, "route": [34191, 36582, 57748, 57360, 57162], "light": [136, 3], "path_n": 13, "path_age": 51.35964277000312, "end": [597.8876023551485, -122.27083726164362], "cells": [[6400, 34407, "8.0 m/s"], [6317, 34191, "8.0 m/s"], [6401, 34407, "8.0 m/s"], [6314, 34191, "8.0 m/s"], [6313, 34191, "8.0 m/s"], [6402, 34407, "8.0 m/s"], [6315, 34191, "8.0 m/s"], [6403, 34407, "8.0 m/s"], [6316, 34191, "8.0 m/s"], [6404, 34407, "8.0 m/s"], [6405, 34407, "8.0 m/s"], [6312, 34191, "8.0 m/s"]]}
SAMPLE 605.2 {"ego": {"x": 601.3379516601562, "y": -119.50121307373047, "z": 45.25751495361328, "heading": 0.761121928691864, "speed": 0.0}, "cap": 8.0, "state": "state=STOP_NO_LOCAL_PATH", "cmd": {"steering": 0.0, "accel": -3.0}, "route": [34191, 36582, 57748, 57360, 57162], "light": [136, 3], "path_n": 13, "path_age": 55.859510901005706, "end": [597.8876023551485, -122.27083726164362], "cells": [[6400, 34407, "8.0 m/s"], [6317, 34191, "8.0 m/s"], [6401, 34407, "8.0 m/s"], [6314, 34191, "8.0 m/s"], [6313, 34191, "8.0 m/s"], [6402, 34407, "8.0 m/s"], [6315, 34191, "8.0 m/s"], [6403, 34407, "8.0 m/s"], [6316, 34191, "8.0 m/s"], [6404, 34407, "8.0 m/s"], [6405, 34407, "8.0 m/s"], [6312, 34191, "8.0 m/s"]]}
SAMPLE 605.7 {"ego": {"x": 601.3379516601562, "y": -119.50121307373047, "z": 45.25751495361328, "heading": 0.761121928691864, "speed": 0.0}, "cap": 8.0, "state": "state=STOP_NO_LOCAL_PATH", "cmd": {"steering": 0.0, "accel": -3.0}, "route": [34191, 36582, 57748, 57360, 57162], "light": [136, 3], "path_n": 13, "path_age": 56.35954980800307, "end": [597.8876023551485, -122.27083726164362], "cells": [[6400, 34407, "8.0 m/s"], [6317, 34191, "8.0 m/s"], [6401, 34407, "8.0 m/s"], [6314, 34191, "8.0 m/s"], [6313, 34191, "8.0 m/s"], [6402, 34407, "8.0 m/s"], [6315, 34191, "8.0 m/s"], [6403, 34407, "8.0 m/s"], [6316, 34191, "8.0 m/s"], [6404, 34407, "8.0 m/s"], [6405, 34407, "8.0 m/s"], [6312, 34191, "8.0 m/s"]]}
SAMPLE 610.2 {"ego": {"x": 601.3379516601562, "y": -119.50121307373047, "z": 45.25751495361328, "heading": 0.761121928691864, "speed": 0.0}, "cap": 8.0, "state": "state=STOP_NO_LOCAL_PATH", "cmd": {"steering": 0.0, "accel": -3.0}, "route": [34191, 36582, 57748, 57360, 57162], "light": [136, 1], "path_n": 13, "path_age": 60.859525552004925, "end": [597.8876023551485, -122.27083726164362], "cells": [[6400, 34407, "8.0 m/s"], [6317, 34191, "8.0 m/s"], [6401, 34407, "8.0 m/s"], [6314, 34191, "8.0 m/s"], [6313, 34191, "8.0 m/s"], [6402, 34407, "8.0 m/s"], [6315, 34191, "8.0 m/s"], [6403, 34407, "8.0 m/s"], [6316, 34191, "8.0 m/s"], [6404, 34407, "8.0 m/s"], [6405, 34407, "8.0 m/s"], [6312, 34191, "8.0 m/s"]]}
SAMPLE 610.7 {"ego": {"x": 601.3379516601562, "y": -119.50121307373047, "z": 45.25751495361328, "heading": 0.761121928691864, "speed": 0.0}, "cap": 8.0, "state": "state=STOP_NO_LOCAL_PATH", "cmd": {"steering": 0.0, "accel": -3.0}, "route": [34191, 36582, 57748, 57360, 57162], "light": [136, 1], "path_n": 13, "path_age": 61.35976346600364, "end": [597.8876023551485, -122.27083726164362], "cells": [[6400, 34407, "8.0 m/s"], [6317, 34191, "8.0 m/s"], [6401, 34407, "8.0 m/s"], [6314, 34191, "8.0 m/s"], [6313, 34191, "8.0 m/s"], [6402, 34407, "8.0 m/s"], [6315, 34191, "8.0 m/s"], [6403, 34407, "8.0 m/s"], [6316, 34191, "8.0 m/s"], [6404, 34407, "8.0 m/s"], [6405, 34407, "8.0 m/s"], [6312, 34191, "8.0 m/s"]]}
SAMPLE 615.2 {"ego": {"x": 601.3379516601562, "y": -119.50121307373047, "z": 45.25751495361328, "heading": 0.761121928691864, "speed": 0.0}, "cap": 8.0, "state": "state=STOP_NO_LOCAL_PATH", "cmd": {"steering": 0.0, "accel": -3.0}, "route": [34191, 36582, 57748, 57360, 57162], "light": [136, 1], "path_n": 13, "path_age": 65.8595633280056, "end": [597.8876023551485, -122.27083726164362], "cells": [[6400, 34407, "8.0 m/s"], [6317, 34191, "8.0 m/s"], [6401, 34407, "8.0 m/s"], [6314, 34191, "8.0 m/s"], [6313, 34191, "8.0 m/s"], [6402, 34407, "8.0 m/s"], [6315, 34191, "8.0 m/s"], [6403, 34407, "8.0 m/s"], [6316, 34191, "8.0 m/s"], [6404, 34407, "8.0 m/s"], [6405, 34407, "8.0 m/s"], [6312, 34191, "8.0 m/s"]]}
SAMPLE 615.7 {"ego": {"x": 601.3379516601562, "y": -119.50121307373047, "z": 45.25751495361328, "heading": 0.761121928691864, "speed": 0.0}, "cap": 8.0, "state": "state=STOP_NO_LOCAL_PATH", "cmd": {"steering": 0.0, "accel": -3.0}, "route": [34191, 36582, 57748, 57360, 57162], "light": [136, 1], "path_n": 13, "path_age": 66.35965790800401, "end": [597.8876023551485, -122.27083726164362], "cells": [[6400, 34407, "8.0 m/s"], [6317, 34191, "8.0 m/s"], [6401, 34407, "8.0 m/s"], [6314, 34191, "8.0 m/s"], [6313, 34191, "8.0 m/s"], [6402, 34407, "8.0 m/s"], [6315, 34191, "8.0 m/s"], [6403, 34407, "8.0 m/s"], [6316, 34191, "8.0 m/s"], [6404, 34407, "8.0 m/s"], [6405, 34407, "8.0 m/s"], [6312, 34191, "8.0 m/s"]]}
SAMPLE 620.2 {"ego": {"x": 601.3379516601562, "y": -119.50121307373047, "z": 45.25751495361328, "heading": 0.761121928691864, "speed": 0.0}, "cap": 8.0, "state": "state=STOP_NO_LOCAL_PATH", "cmd": {"steering": 0.0, "accel": -3.0}, "route": [34191, 36582, 57748, 57360, 57162], "light": [136, 1], "path_n": 13, "path_age": 70.85954917000345, "end": [597.8876023551485, -122.27083726164362], "cells": [[6400, 34407, "8.0 m/s"], [6317, 34191, "8.0 m/s"], [6401, 34407, "8.0 m/s"], [6314, 34191, "8.0 m/s"], [6313, 34191, "8.0 m/s"], [6402, 34407, "8.0 m/s"], [6315, 34191, "8.0 m/s"], [6403, 34407, "8.0 m/s"], [6316, 34191, "8.0 m/s"], [6404, 34407, "8.0 m/s"], [6405, 34407, "8.0 m/s"], [6312, 34191, "8.0 m/s"]]}
SAMPLE 620.7 {"ego": {"x": 601.3379516601562, "y": -119.50121307373047, "z": 45.25751495361328, "heading": 0.761121928691864, "speed": 0.0}, "cap": 8.0, "state": "state=STOP_NO_LOCAL_PATH", "cmd": {"steering": 0.0, "accel": -3.0}, "route": [34191, 36582, 57748, 57360, 57162], "light": [136, 1], "path_n": 13, "path_age": 71.35957627600146, "end": [597.8876023551485, -122.27083726164362], "cells": [[6400, 34407, "8.0 m/s"], [6317, 34191, "8.0 m/s"], [6401, 34407, "8.0 m/s"], [6314, 34191, "8.0 m/s"], [6313, 34191, "8.0 m/s"], [6402, 34407, "8.0 m/s"], [6315, 34191, "8.0 m/s"], [6403, 34407, "8.0 m/s"], [6316, 34191, "8.0 m/s"], [6404, 34407, "8.0 m/s"], [6405, 34407, "8.0 m/s"], [6312, 34191, "8.0 m/s"]]}
SAMPLE 625.2 {"ego": {"x": 601.3379516601562, "y": -119.50121307373047, "z": 45.25751495361328, "heading": 0.761121928691864, "speed": 0.0}, "cap": 8.0, "state": "state=STOP_NO_LOCAL_PATH", "cmd": {"steering": 0.0, "accel": -3.0}, "route": [34191, 36582, 57748, 57360, 57162], "light": [136, 1], "path_n": 13, "path_age": 75.85953062200133, "end": [597.8876023551485, -122.27083726164362], "cells": [[6400, 34407, "8.0 m/s"], [6317, 34191, "8.0 m/s"], [6401, 34407, "8.0 m/s"], [6314, 34191, "8.0 m/s"], [6313, 34191, "8.0 m/s"], [6402, 34407, "8.0 m/s"], [6315, 34191, "8.0 m/s"], [6403, 34407, "8.0 m/s"], [6316, 34191, "8.0 m/s"], [6404, 34407, "8.0 m/s"], [6405, 34407, "8.0 m/s"], [6312, 34191, "8.0 m/s"]]}
SAMPLE 625.7 {"ego": {"x": 601.3379516601562, "y": -119.50121307373047, "z": 45.25751495361328, "heading": 0.761121928691864, "speed": 0.0}, "cap": 8.0, "state": "state=STOP_NO_LOCAL_PATH", "cmd": {"steering": 0.0, "accel": -3.0}, "route": [34191, 36582, 57748, 57360, 57162], "light": [136, 1], "path_n": 13, "path_age": 76.359670894999, "end": [597.8876023551485, -122.27083726164362], "cells": [[6400, 34407, "8.0 m/s"], [6317, 34191, "8.0 m/s"], [6401, 34407, "8.0 m/s"], [6314, 34191, "8.0 m/s"], [6313, 34191, "8.0 m/s"], [6402, 34407, "8.0 m/s"], [6315, 34191, "8.0 m/s"], [6403, 34407, "8.0 m/s"], [6316, 34191, "8.0 m/s"], [6404, 34407, "8.0 m/s"], [6405, 34407, "8.0 m/s"], [6312, 34191, "8.0 m/s"]]}
SAMPLE 630.2 {"ego": {"x": 601.3379516601562, "y": -119.50121307373047, "z": 45.25751495361328, "heading": 0.761121928691864, "speed": 0.0}, "cap": 8.0, "state": "state=STOP_NO_LOCAL_PATH", "cmd": {"steering": 0.0, "accel": -3.0}, "route": [34191, 36582, 57748, 57360, 57162], "light": [136, 3], "path_n": 13, "path_age": 80.85966384800122, "end": [597.8876023551485, -122.27083726164362], "cells": [[6400, 34407, "8.0 m/s"], [6317, 34191, "8.0 m/s"], [6401, 34407, "8.0 m/s"], [6314, 34191, "8.0 m/s"], [6313, 34191, "8.0 m/s"], [6402, 34407, "8.0 m/s"], [6315, 34191, "8.0 m/s"], [6403, 34407, "8.0 m/s"], [6316, 34191, "8.0 m/s"], [6404, 34407, "8.0 m/s"], [6405, 34407, "8.0 m/s"], [6312, 34191, "8.0 m/s"]]}
SAMPLE 630.7 {"ego": {"x": 601.3379516601562, "y": -119.50121307373047, "z": 45.25751495361328, "heading": 0.761121928691864, "speed": 0.0}, "cap": 8.0, "state": "state=STOP_NO_LOCAL_PATH", "cmd": {"steering": 0.0, "accel": -3.0}, "route": [34191, 36582, 57748, 57360, 57162], "light": [136, 3], "path_n": 13, "path_age": 81.35955992600066, "end": [597.8876023551485, -122.27083726164362], "cells": [[6400, 34407, "8.0 m/s"], [6317, 34191, "8.0 m/s"], [6401, 34407, "8.0 m/s"], [6314, 34191, "8.0 m/s"], [6313, 34191, "8.0 m/s"], [6402, 34407, "8.0 m/s"], [6315, 34191, "8.0 m/s"], [6403, 34407, "8.0 m/s"], [6316, 34191, "8.0 m/s"], [6404, 34407, "8.0 m/s"], [6405, 34407, "8.0 m/s"], [6312, 34191, "8.0 m/s"]]}
COUNTS {'ego': 12553, 'summary': 1269, 'cap': 18726, 'status': 12318, 'command': 12318, 'route': 6284, 'light': 12519, 'log': 37, 'path': 7053}
