elapsed_s,controller_id,light_state,speed_limit_mps,ego_speed_mps,x,y
0.092,136,3,0.0,0.0,611.09716796875,-116.6805419921875
0.131,136,3,0.0,0.0,611.09716796875,-116.6805419921875
0.131,136,3,0.0,0.0,611.09716796875,-116.6805419921875
0.131,136,3,0.0,0.0,611.09716796875,-116.6805419921875
0.182,136,3,0.0,0.0,611.09716796875,-116.6805419921875
0.211,136,3,0.0,0.0,611.09716796875,-116.6805419921875
0.211,136,3,0.0,0.0,611.09716796875,-116.6805419921875
0.211,136,3,0.0,0.0,611.09716796875,-116.6805419921875
0.252,136,3,0.0,0.0,611.09716796875,-116.6805419921875
0.252,136,3,0.0,0.0,611.09716796875,-116.6805419921875
0.252,136,3,0.0,0.0,611.09716796875,-116.6805419921875
0.269,136,3,0.0,0.0,611.09716796875,-116.6805419921875
0.291,136,3,0.0,0.0,611.09716796875,-116.6805419921875
0.291,136,3,0.0,0.0,611.09716796875,-116.6805419921875
0.291,136,3,0.0,0.0,611.09716796875,-116.6805419921875
0.318,136,3,0.0,0.0,611.09716796875,-116.6805419921875
0.331,136,3,0.0,0.0,611.09716796875,-116.6805419921875
0.331,136,3,0.0,0.0,611.09716796875,-116.6805419921875
0.332,136,3,0.0,0.0,611.09716796875,-116.6805419921875
0.37,136,3,0.0,0.0,611.09716796875,-116.6805419921875
0.411,136,3,0.0,0.0,611.09716796875,-116.6805419921875
0.412,136,3,0.0,0.0,611.09716796875,-116.6805419921875
0.412,136,3,0.0,0.0,611.09716796875,-116.6805419921875
0.451,136,3,0.0,0.0,611.09716796875,-116.6805419921875
0.452,136,3,0.0,0.0,611.09716796875,-116.6805419921875
0.452,136,3,0.0,0.0,611.09716796875,-116.6805419921875
0.465,136,3,0.0,0.0,611.09716796875,-116.6805419921875
0.491,136,3,0.0,0.0,611.09716796875,-116.6805419921875
0.491,136,3,0.0,0.0,611.09716796875,-116.6805419921875
0.492,136,3,0.0,0.0,611.09716796875,-116.6805419921875
0.516,136,3,0.0,0.0,611.09716796875,-116.6805419921875
0.532,136,3,0.0,0.0,611.09716796875,-116.6805419921875
0.532,136,3,0.0,0.0,611.09716796875,-116.6805419921875
0.532,136,3,0.0,0.0,611.09716796875,-116.6805419921875
0.582,136,3,0.0,0.0,611.09716796875,-116.6805419921875
0.611,136,3,0.0,0.0,611.09716796875,-116.6805419921875
0.611,136,3,0.0,0.0,611.09716796875,-116.6805419921875
0.611,136,3,0.0,0.0,611.09716796875,-116.6805419921875
0.653,136,3,0.0,0.0,611.09716796875,-116.6805419921875
0.653,136,3,0.0,0.0,611.09716796875,-116.6805419921875
0.653,136,3,0.0,0.0,611.09716796875,-116.6805419921875
0.672,136,3,0.0,0.0,611.09716796875,-116.6805419921875
0.691,136,3,0.0,0.0,611.09716796875,-116.6805419921875
0.691,136,3,0.0,0.0,611.09716796875,-116.6805419921875
0.691,136,3,0.0,0.0,611.09716796875,-116.6805419921875
0.716,136,3,0.0,0.0,611.09716796875,-116.6805419921875
0.731,136,3,0.0,0.0,611.09716796875,-116.6805419921875
0.732,136,3,0.0,0.0,611.09716796875,-116.6805419921875
0.732,136,3,0.0,0.0,611.09716796875,-116.6805419921875
0.768,136,3,0.0,0.0,611.09716796875,-116.6805419921875
0.811,136,3,0.0,0.0,611.09716796875,-116.6805419921875
0.812,136,3,0.0,0.0,611.09716796875,-116.6805419921875
0.812,136,3,0.0,0.0,611.09716796875,-116.6805419921875
0.851,136,3,0.0,0.0,611.09716796875,-116.6805419921875
0.851,136,3,0.0,0.0,611.09716796875,-116.6805419921875
0.852,136,3,0.0,0.0,611.09716796875,-116.6805419921875
0.866,136,3,0.0,0.0,611.09716796875,-116.6805419921875
0.891,136,3,0.0,0.0,611.09716796875,-116.6805419921875
0.892,136,3,0.0,0.0,611.09716796875,-116.6805419921875
0.892,136,3,0.0,0.0,611.09716796875,-116.6805419921875
0.931,136,3,0.0,0.0,611.09716796875,-116.6805419921875
0.931,136,3,0.0,0.0,611.09716796875,-116.6805419921875
0.931,136,3,0.0,0.0,611.09716796875,-116.6805419921875
0.965,136,3,0.0,0.0,611.09716796875,-116.6805419921875
1.011,136,3,0.0,0.0,611.09716796875,-116.6805419921875
1.012,136,3,0.0,0.0,611.09716796875,-116.6805419921875
1.012,136,3,0.0,0.0,611.09716796875,-116.6805419921875
1.051,136,3,0.0,0.0,611.09716796875,-116.6805419921875
1.052,136,3,0.0,0.0,611.09716796875,-116.6805419921875
1.052,136,3,0.0,0.0,611.09716796875,-116.6805419921875
1.067,136,3,0.0,0.0,611.09716796875,-116.6805419921875
1.092,136,3,0.0,0.0,611.09716796875,-116.6805419921875
1.092,136,3,0.0,0.0,611.09716796875,-116.6805419921875
1.092,136,3,0.0,0.0,611.09716796875,-116.6805419921875
1.119,136,3,0.0,0.0,611.09716796875,-116.6805419921875
1.131,136,3,0.0,0.0,611.09716796875,-116.6805419921875
1.131,136,3,0.0,0.0,611.09716796875,-116.6805419921875
1.134,136,3,0.0,0.0,611.09716796875,-116.6805419921875
1.165,136,3,0.0,0.0,611.09716796875,-116.6805419921875
1.211,136,3,0.0,0.0,611.09716796875,-116.6805419921875
1.211,136,3,0.0,0.0,611.09716796875,-116.6805419921875
1.211,136,3,0.0,0.0,611.09716796875,-116.6805419921875
1.251,136,3,0.0,0.0,611.09716796875,-116.6805419921875
1.252,136,3,0.0,0.0,611.09716796875,-116.6805419921875
1.252,136,3,0.0,0.0,611.09716796875,-116.6805419921875
1.269,136,3,0.0,0.0,611.09716796875,-116.6805419921875
1.291,136,3,0.0,0.0,611.09716796875,-116.6805419921875
1.291,136,3,0.0,0.0,611.09716796875,-116.6805419921875
1.291,136,3,0.0,0.0,611.09716796875,-116.6805419921875
1.33,136,3,0.0,0.0,611.09716796875,-116.6805419921875
1.331,136,3,0.0,0.0,611.09716796875,-116.6805419921875
1.331,136,3,0.0,0.0,611.09716796875,-116.6805419921875
1.367,136,3,0.0,0.0,611.09716796875,-116.6805419921875
1.413,136,3,0.0,0.0,611.09716796875,-116.6805419921875
1.413,136,3,0.0,0.0,611.09716796875,-116.6805419921875
1.414,136,3,0.0,0.0,611.09716796875,-116.6805419921875
1.451,136,3,0.0,0.0,611.09716796875,-116.6805419921875
1.451,136,3,0.0,0.0,611.09716796875,-116.6805419921875
1.452,136,3,0.0,0.0,611.09716796875,-116.6805419921875
1.469,136,3,0.0,0.0,611.09716796875,-116.6805419921875
1.492,136,3,0.0,0.0,611.09716796875,-116.6805419921875
1.492,136,3,0.0,0.0,611.09716796875,-116.6805419921875
1.492,136,3,0.0,0.0,611.09716796875,-116.6805419921875
1.532,136,3,0.0,0.0,611.09716796875,-116.6805419921875
1.532,136,3,0.0,0.0,611.09716796875,-116.6805419921875
1.532,136,3,0.0,0.0,611.09716796875,-116.6805419921875
1.568,136,3,0.0,0.0,611.09716796875,-116.6805419921875
1.611,136,3,0.0,0.0,611.09716796875,-116.6805419921875
1.612,136,3,0.0,0.0,611.09716796875,-116.6805419921875
1.612,136,3,0.0,0.0,611.09716796875,-116.6805419921875
1.651,136,3,0.0,0.0,611.09716796875,-116.6805419921875
1.651,136,3,0.0,0.0,611.09716796875,-116.6805419921875
1.651,136,3,0.0,0.0,611.09716796875,-116.6805419921875
1.694,136,3,0.0,0.0,611.09716796875,-116.6805419921875
1.694,136,3,0.0,0.0,611.09716796875,-116.6805419921875
1.694,136,3,0.0,0.0,611.09716796875,-116.6805419921875
1.718,136,3,0.0,0.0,611.09716796875,-116.6805419921875
1.732,136,3,0.0,0.0,611.09716796875,-116.6805419921875
1.732,136,3,0.0,0.0,611.09716796875,-116.6805419921875
1.732,136,3,0.0,0.0,611.09716796875,-116.6805419921875
1.783,136,3,0.0,0.0,611.09716796875,-116.6805419921875
1.811,136,3,0.0,0.0,611.09716796875,-116.6805419921875
1.861,136,3,0.0,0.0,611.09716796875,-116.6805419921875
1.912,136,3,0.0,0.0,611.09716796875,-116.6805419921875
1.962,136,3,0.0,0.0,611.09716796875,-116.6805419921875
2.013,136,3,0.0,0.0,611.09716796875,-116.6805419921875
2.063,136,3,0.0,0.0,611.09716796875,-116.6805419921875
2.114,136,3,0.0,0.0,611.09716796875,-116.6805419921875
2.134,136,3,0.0,0.0,611.09716796875,-116.6805419921875
2.135,136,3,0.0,0.0,611.09716796875,-116.6805419921875
2.135,136,3,0.0,0.0,611.09716796875,-116.6805419921875
2.135,136,3,0.0,0.0,611.09716796875,-116.6805419921875
2.135,136,3,0.0,0.0,611.09716796875,-116.6805419921875
2.135,136,3,0.0,0.0,611.09716796875,-116.6805419921875
2.135,136,3,0.0,0.0,611.09716796875,-116.6805419921875
2.136,136,3,0.0,0.0,611.09716796875,-116.6805419921875
2.136,136,3,0.0,0.0,611.09716796875,-116.6805419921875
2.136,136,3,0.0,0.0,611.09716796875,-116.6805419921875
2.136,136,3,0.0,0.0,611.09716796875,-116.6805419921875
2.136,136,3,0.0,0.0,611.09716796875,-116.6805419921875
2.168,136,3,0.0,0.0,611.09716796875,-116.6805419921875
2.211,136,3,0.0,0.0,611.09716796875,-116.6805419921875
2.211,136,3,0.0,0.0,611.09716796875,-116.6805419921875
2.212,136,3,0.0,0.0,611.09716796875,-116.6805419921875
2.251,136,3,0.0,0.0,611.09716796875,-116.6805419921875
2.251,136,3,0.0,0.0,611.09716796875,-116.6805419921875
2.252,136,3,0.0,0.0,611.09716796875,-116.6805419921875
2.266,136,3,0.0,0.0,611.09716796875,-116.6805419921875
2.291,136,3,0.0,0.0,611.09716796875,-116.6805419921875
2.292,136,3,0.0,0.0,611.09716796875,-116.6805419921875
2.293,136,3,0.0,0.0,611.09716796875,-116.6805419921875
2.331,136,3,0.0,0.0,611.09716796875,-116.6805419921875
2.331,136,3,0.0,0.0,611.09716796875,-116.6805419921875
2.332,136,3,0.0,0.0,611.09716796875,-116.6805419921875
2.367,136,3,0.0,0.0,611.09716796875,-116.6805419921875
2.412,136,3,0.0,0.0,611.09716796875,-116.6805419921875
2.412,136,3,0.0,0.0,611.09716796875,-116.6805419921875
2.412,136,3,0.0,0.0,611.09716796875,-116.6805419921875
2.451,136,3,0.0,0.0,611.09716796875,-116.6805419921875
2.452,136,3,0.0,0.0,611.09716796875,-116.6805419921875
2.452,136,3,0.0,0.0,611.09716796875,-116.6805419921875
2.468,136,3,0.0,0.0,611.09716796875,-116.6805419921875
2.491,136,3,0.0,0.0,611.09716796875,-116.6805419921875
2.491,136,3,0.0,0.0,611.09716796875,-116.6805419921875
2.492,136,3,0.0,0.0,611.09716796875,-116.6805419921875
2.531,136,3,0.0,0.0,611.09716796875,-116.6805419921875
2.531,136,3,0.0,0.0,611.09716796875,-116.6805419921875
2.531,136,3,0.0,0.0,611.09716796875,-116.6805419921875
2.582,136,3,0.0,0.0,611.09716796875,-116.6805419921875
2.611,136,3,0.0,0.0,611.09716796875,-116.6805419921875
2.612,136,3,0.0,0.0,611.09716796875,-116.6805419921875
2.612,136,3,0.0,0.0,611.09716796875,-116.6805419921875
2.652,136,3,0.0,0.0,611.09716796875,-116.6805419921875
2.652,136,3,0.0,0.0,611.09716796875,-116.6805419921875
2.652,136,3,0.0,0.0,611.09716796875,-116.6805419921875
2.669,136,3,0.0,0.0,611.09716796875,-116.6805419921875
2.691,136,3,0.0,0.0,611.09716796875,-116.6805419921875
2.691,136,3,0.0,0.0,611.09716796875,-116.6805419921875
2.692,136,3,0.0,0.0,611.09716796875,-116.6805419921875
2.715,136,3,0.0,0.0,611.09716796875,-116.6805419921875
2.731,136,3,0.0,0.0,611.09716796875,-116.6805419921875
2.731,136,3,0.0,0.0,611.09716796875,-116.6805419921875
2.732,136,3,0.0,0.0,611.09716796875,-116.6805419921875
2.769,136,3,0.0,0.0,611.09716796875,-116.6805419921875
2.812,136,3,0.0,0.0,611.09716796875,-116.6805419921875
2.813,136,3,0.0,0.0,611.09716796875,-116.6805419921875
2.813,136,3,0.0,0.0,611.09716796875,-116.6805419921875
2.851,136,3,0.0,0.0,611.09716796875,-116.6805419921875
2.851,136,3,0.0,0.0,611.09716796875,-116.6805419921875
2.851,136,3,0.0,0.0,611.09716796875,-116.6805419921875
2.865,136,3,0.0,0.0,611.09716796875,-116.6805419921875
2.892,136,3,0.0,0.0,611.09716796875,-116.6805419921875
2.892,136,3,0.0,0.0,611.09716796875,-116.6805419921875
2.892,136,3,0.0,0.0,611.09716796875,-116.6805419921875
2.932,136,3,0.0,0.0,611.09716796875,-116.6805419921875
2.932,136,3,0.0,0.0,611.09716796875,-116.6805419921875
2.932,136,3,0.0,0.0,611.09716796875,-116.6805419921875
2.967,136,3,0.0,0.0,611.09716796875,-116.6805419921875
3.011,136,3,0.0,0.0,611.09716796875,-116.6805419921875
3.011,136,3,0.0,0.0,611.09716796875,-116.6805419921875
3.012,136,3,0.0,0.0,611.09716796875,-116.6805419921875
3.052,136,3,0.0,0.0,611.09716796875,-116.6805419921875
3.052,136,3,0.0,0.0,611.09716796875,-116.6805419921875
3.052,136,3,0.0,0.0,611.09716796875,-116.6805419921875
3.092,136,3,0.0,0.0,611.09716796875,-116.6805419921875
3.092,136,3,0.0,0.0,611.09716796875,-116.6805419921875
3.093,136,3,0.0,0.0,611.09716796875,-116.6805419921875
3.117,136,3,0.0,0.0,611.09716796875,-116.6805419921875
3.131,136,3,0.0,0.0,611.09716796875,-116.6805419921875
3.131,136,3,0.0,0.0,611.09716796875,-116.6805419921875
3.132,136,3,0.0,0.0,611.09716796875,-116.6805419921875
3.182,136,3,0.0,0.0,611.09716796875,-116.6805419921875
3.211,136,3,0.0,0.0,611.09716796875,-116.6805419921875
3.211,136,3,0.0,0.0,611.09716796875,-116.6805419921875
3.211,136,3,0.0,0.0,611.09716796875,-116.6805419921875
3.252,136,3,0.0,0.0,611.09716796875,-116.6805419921875
3.252,136,3,0.0,0.0,611.09716796875,-116.6805419921875
3.253,136,3,0.0,0.0,611.09716796875,-116.6805419921875
3.292,136,3,0.0,0.0,611.09716796875,-116.6805419921875
3.293,136,3,0.0,0.0,611.09716796875,-116.6805419921875
3.293,136,3,0.0,0.0,611.09716796875,-116.6805419921875
3.332,136,3,0.0,0.0,611.09716796875,-116.6805419921875
3.332,136,3,0.0,0.0,611.09716796875,-116.6805419921875
3.333,136,3,0.0,0.0,611.09716796875,-116.6805419921875
3.383,136,3,0.0,0.0,611.09716796875,-116.6805419921875
3.411,136,3,0.0,0.0,611.09716796875,-116.6805419921875
3.412,136,3,0.0,0.0,611.09716796875,-116.6805419921875
3.412,136,3,0.0,0.0,611.09716796875,-116.6805419921875
3.451,136,3,0.0,0.0,611.09716796875,-116.6805419921875
3.452,136,3,0.0,0.0,611.09716796875,-116.6805419921875
3.453,136,3,0.0,0.0,611.09716796875,-116.6805419921875
3.468,136,3,0.0,0.0,611.09716796875,-116.6805419921875
3.491,136,3,0.0,0.0,611.09716796875,-116.6805419921875
3.491,136,3,0.0,0.0,611.09716796875,-116.6805419921875
3.491,136,3,0.0,0.0,611.09716796875,-116.6805419921875
3.532,136,3,0.0,0.0,611.09716796875,-116.6805419921875
3.532,136,3,0.0,0.0,611.09716796875,-116.6805419921875
3.532,136,3,0.0,0.0,611.09716796875,-116.6805419921875
3.568,136,3,0.0,0.0,611.09716796875,-116.6805419921875
3.611,136,3,0.0,0.0,611.09716796875,-116.6805419921875
3.611,136,3,0.0,0.0,611.09716796875,-116.6805419921875
3.612,136,3,0.0,0.0,611.09716796875,-116.6805419921875
3.652,136,3,0.0,0.0,611.09716796875,-116.6805419921875
3.652,136,3,0.0,0.0,611.09716796875,-116.6805419921875
3.653,136,3,0.0,0.0,611.09716796875,-116.6805419921875
3.691,136,3,0.0,0.0,611.09716796875,-116.6805419921875
3.691,136,3,0.0,0.0,611.09716796875,-116.6805419921875
3.692,136,3,0.0,0.0,611.09716796875,-116.6805419921875
3.716,136,3,0.0,0.0,611.09716796875,-116.6805419921875
3.732,136,3,0.0,0.0,611.09716796875,-116.6805419921875
3.732,136,3,0.0,0.0,611.09716796875,-116.6805419921875
3.732,136,3,0.0,0.0,611.09716796875,-116.6805419921875
3.769,136,3,0.0,0.0,611.09716796875,-116.6805419921875
3.811,136,3,0.0,0.0,611.09716796875,-116.6805419921875
3.811,136,3,0.0,0.0,611.09716796875,-116.6805419921875
3.811,136,3,0.0,0.0,611.09716796875,-116.6805419921875
3.851,136,3,0.0,0.0,611.09716796875,-116.6805419921875
3.851,136,3,0.0,0.0,611.09716796875,-116.6805419921875
3.851,136,3,0.0,0.0,611.09716796875,-116.6805419921875
3.892,136,3,0.0,0.0,611.09716796875,-116.6805419921875
3.892,136,3,0.0,0.0,611.09716796875,-116.6805419921875
3.894,136,3,0.0,0.0,611.09716796875,-116.6805419921875
3.918,136,3,0.0,0.0,611.09716796875,-116.6805419921875
3.931,136,3,0.0,0.0,611.09716796875,-116.6805419921875
3.931,136,3,0.0,0.0,611.09716796875,-116.6805419921875
3.932,136,3,0.0,0.0,611.09716796875,-116.6805419921875
3.982,136,3,0.0,0.0,611.09716796875,-116.6805419921875
4.011,136,3,0.0,0.0,611.09716796875,-116.6805419921875
4.011,136,3,0.0,0.0,611.09716796875,-116.6805419921875
4.011,136,3,0.0,0.0,611.09716796875,-116.6805419921875
4.051,136,3,0.0,0.0,611.09716796875,-116.6805419921875
4.051,136,3,0.0,0.0,611.09716796875,-116.6805419921875
4.051,136,3,0.0,0.0,611.09716796875,-116.6805419921875
4.092,136,3,0.0,0.0,611.09716796875,-116.6805419921875
4.092,136,3,0.0,0.0,611.09716796875,-116.6805419921875
4.093,136,3,0.0,0.0,611.09716796875,-116.6805419921875
4.119,136,3,0.0,0.0,611.09716796875,-116.6805419921875
4.132,136,3,0.0,0.0,611.09716796875,-116.6805419921875
4.132,136,3,0.0,0.0,611.09716796875,-116.6805419921875
4.132,136,3,0.0,0.0,611.09716796875,-116.6805419921875
4.165,136,3,0.0,0.0,611.09716796875,-116.6805419921875
4.211,136,3,0.0,0.0,611.09716796875,-116.6805419921875
4.211,136,3,0.0,0.0,611.09716796875,-116.6805419921875
4.211,136,3,0.0,0.0,611.09716796875,-116.6805419921875
4.252,136,3,0.0,0.0,611.09716796875,-116.6805419921875
4.252,136,3,0.0,0.0,611.09716796875,-116.6805419921875
4.252,136,3,0.0,0.0,611.09716796875,-116.6805419921875
4.292,136,3,0.0,0.0,611.09716796875,-116.6805419921875
4.292,136,3,0.0,0.0,611.09716796875,-116.6805419921875
4.292,136,3,0.0,0.0,611.09716796875,-116.6805419921875
4.332,136,3,0.0,0.0,611.09716796875,-116.6805419921875
4.332,136,3,0.0,0.0,611.09716796875,-116.6805419921875
4.333,136,3,0.0,0.0,611.09716796875,-116.6805419921875
4.383,136,3,0.0,0.0,611.09716796875,-116.6805419921875
4.411,136,3,0.0,0.0,611.09716796875,-116.6805419921875
4.411,136,3,0.0,0.0,611.09716796875,-116.6805419921875
4.412,136,3,0.0,0.0,611.09716796875,-116.6805419921875
4.451,136,3,0.0,0.0,611.09716796875,-116.6805419921875
4.452,136,3,0.0,0.0,611.09716796875,-116.6805419921875
4.452,136,3,0.0,0.0,611.09716796875,-116.6805419921875
4.468,136,3,0.0,0.0,611.09716796875,-116.6805419921875
4.491,136,3,0.0,0.0,611.09716796875,-116.6805419921875
4.492,136,3,0.0,0.0,611.09716796875,-116.6805419921875
4.493,136,3,0.0,0.0,611.09716796875,-116.6805419921875
4.516,136,3,0.0,0.0,611.09716796875,-116.6805419921875
4.531,136,3,0.0,0.0,611.09716796875,-116.6805419921875
4.531,136,3,0.0,0.0,611.09716796875,-116.6805419921875
4.531,136,3,0.0,0.0,611.09716796875,-116.6805419921875
4.581,136,3,0.0,0.0,611.09716796875,-116.6805419921875
4.611,136,3,0.0,0.0,611.09716796875,-116.6805419921875
4.611,136,3,0.0,0.0,611.09716796875,-116.6805419921875
4.612,136,3,0.0,0.0,611.09716796875,-116.6805419921875
4.651,136,3,0.0,0.0,611.09716796875,-116.6805419921875
4.651,136,3,0.0,0.0,611.09716796875,-116.6805419921875
4.651,136,3,0.0,0.0,611.09716796875,-116.6805419921875
4.667,136,3,0.0,0.0,611.09716796875,-116.6805419921875
4.692,136,3,0.0,0.0,611.09716796875,-116.6805419921875
4.692,136,3,0.0,0.0,611.09716796875,-116.6805419921875
4.692,136,3,0.0,0.0,611.09716796875,-116.6805419921875
4.716,136,3,0.0,0.0,611.09716796875,-116.6805419921875
4.732,136,3,0.0,0.0,611.09716796875,-116.6805419921875
4.732,136,3,0.0,0.0,611.09716796875,-116.6805419921875
4.732,136,3,0.0,0.0,611.09716796875,-116.6805419921875
4.768,136,3,0.0,0.0,611.09716796875,-116.6805419921875
4.812,136,3,0.0,0.0,611.09716796875,-116.6805419921875
4.812,136,3,0.0,0.0,611.09716796875,-116.6805419921875
4.812,136,3,0.0,0.0,611.09716796875,-116.6805419921875
4.851,136,3,0.0,0.0,611.09716796875,-116.6805419921875
4.851,136,3,0.0,0.0,611.09716796875,-116.6805419921875
4.851,136,3,0.0,0.0,611.09716796875,-116.6805419921875
4.868,136,3,0.0,0.0,611.09716796875,-116.6805419921875
4.892,136,3,0.0,0.0,611.09716796875,-116.6805419921875
4.892,136,3,0.0,0.0,611.09716796875,-116.6805419921875
4.893,136,3,0.0,0.0,611.09716796875,-116.6805419921875
4.919,136,3,0.0,0.0,611.09716796875,-116.6805419921875
4.931,136,3,0.0,0.0,611.09716796875,-116.6805419921875
4.931,136,3,0.0,0.0,611.09716796875,-116.6805419921875
4.932,136,3,0.0,0.0,611.09716796875,-116.6805419921875
4.969,136,3,0.0,0.0,611.09716796875,-116.6805419921875
5.011,136,3,0.0,0.0,611.09716796875,-116.6805419921875
5.011,136,3,0.0,0.0,611.09716796875,-116.6805419921875
5.011,136,3,0.0,0.0,611.09716796875,-116.6805419921875
5.052,136,3,0.0,0.0,611.09716796875,-116.6805419921875
5.053,136,3,0.0,0.0,611.09716796875,-116.6805419921875
5.053,136,3,0.0,0.0,611.09716796875,-116.6805419921875
5.067,136,3,0.0,0.0,611.09716796875,-116.6805419921875
5.091,136,3,0.0,0.0,611.09716796875,-116.6805419921875
5.091,136,3,0.0,0.0,611.09716796875,-116.6805419921875
5.091,136,3,0.0,0.0,611.09716796875,-116.6805419921875
5.118,136,3,0.0,0.0,611.09716796875,-116.6805419921875
5.131,136,3,0.0,0.0,611.09716796875,-116.6805419921875
5.132,136,3,0.0,0.0,611.09716796875,-116.6805419921875
5.132,136,3,0.0,0.0,611.09716796875,-116.6805419921875
5.182,136,3,0.0,0.0,611.09716796875,-116.6805419921875
5.221,136,3,0.0,0.0,611.09716796875,-116.6805419921875
5.221,136,3,0.0,0.0,611.09716796875,-116.6805419921875
5.221,136,3,0.0,0.0,611.09716796875,-116.6805419921875
5.251,136,3,0.0,0.0,611.09716796875,-116.6805419921875
5.252,136,3,0.0,0.0,611.09716796875,-116.6805419921875
5.252,136,3,0.0,0.0,611.09716796875,-116.6805419921875
5.268,136,3,0.0,0.0,611.09716796875,-116.6805419921875
5.293,136,3,0.0,0.0,611.09716796875,-116.6805419921875
5.293,136,3,0.0,0.0,611.09716796875,-116.6805419921875
5.294,136,3,0.0,0.0,611.09716796875,-116.6805419921875
5.316,136,3,0.0,0.0,611.09716796875,-116.6805419921875
5.332,136,3,0.0,0.0,611.09716796875,-116.6805419921875
5.332,136,3,0.0,0.0,611.09716796875,-116.6805419921875
5.332,136,3,0.0,0.0,611.09716796875,-116.6805419921875
5.382,136,3,0.0,0.0,611.09716796875,-116.6805419921875
5.411,136,3,0.0,0.0,611.09716796875,-116.6805419921875
5.411,136,3,0.0,0.0,611.09716796875,-116.6805419921875
5.411,136,3,0.0,0.0,611.09716796875,-116.6805419921875
5.451,136,3,0.0,0.0,611.09716796875,-116.6805419921875
5.451,136,3,0.0,0.0,611.09716796875,-116.6805419921875
5.452,136,3,0.0,0.0,611.09716796875,-116.6805419921875
5.467,136,3,0.0,0.0,611.09716796875,-116.6805419921875
5.494,136,3,0.0,0.0,611.09716796875,-116.6805419921875
5.494,136,3,0.0,0.0,611.09716796875,-116.6805419921875
5.494,136,3,0.0,0.0,611.09716796875,-116.6805419921875
5.53,136,3,0.0,0.0,611.09716796875,-116.6805419921875
5.531,136,3,0.0,0.0,611.09716796875,-116.6805419921875
5.531,136,3,0.0,0.0,611.09716796875,-116.6805419921875
5.565,136,3,0.0,0.0,611.09716796875,-116.6805419921875
5.611,136,3,0.0,0.0,611.09716796875,-116.6805419921875
5.612,136,3,0.0,0.0,611.09716796875,-116.6805419921875
5.612,136,3,0.0,0.0,611.09716796875,-116.6805419921875
5.651,136,3,0.0,0.0,611.09716796875,-116.6805419921875
5.652,136,3,0.0,0.0,611.09716796875,-116.6805419921875
5.652,136,3,0.0,0.0,611.09716796875,-116.6805419921875
5.667,136,3,0.0,0.0,611.09716796875,-116.6805419921875
5.691,136,3,0.0,0.0,611.09716796875,-116.6805419921875
5.692,136,3,0.0,0.0,611.09716796875,-116.6805419921875
5.692,136,3,0.0,0.0,611.09716796875,-116.6805419921875
5.731,136,3,0.0,0.0,611.09716796875,-116.6805419921875
5.731,136,3,0.0,0.0,611.09716796875,-116.6805419921875
5.732,136,3,0.0,0.0,611.09716796875,-116.6805419921875
5.782,136,3,0.0,0.0,611.09716796875,-116.6805419921875
5.811,136,3,0.0,0.0,611.09716796875,-116.6805419921875
5.811,136,3,0.0,0.0,611.09716796875,-116.6805419921875
5.811,136,3,0.0,0.0,611.09716796875,-116.6805419921875
5.851,136,3,0.0,0.0,611.09716796875,-116.6805419921875
5.851,136,3,0.0,0.0,611.09716796875,-116.6805419921875
5.851,136,3,0.0,0.0,611.09716796875,-116.6805419921875
5.866,136,3,0.0,0.0,611.09716796875,-116.6805419921875
5.89,136,3,0.0,0.0,611.09716796875,-116.6805419921875
5.891,136,3,0.0,0.0,611.09716796875,-116.6805419921875
5.891,136,3,0.0,0.0,611.09716796875,-116.6805419921875
5.915,136,3,0.0,0.0,611.09716796875,-116.6805419921875
5.931,136,3,0.0,0.0,611.09716796875,-116.6805419921875
5.931,136,3,0.0,0.0,611.09716796875,-116.6805419921875
5.931,136,3,0.0,0.0,611.09716796875,-116.6805419921875
5.967,136,3,0.0,0.0,611.09716796875,-116.6805419921875
6.011,136,3,0.0,0.0,611.09716796875,-116.6805419921875
6.011,136,3,0.0,0.0,611.09716796875,-116.6805419921875
6.012,136,3,0.0,0.0,611.09716796875,-116.6805419921875
6.051,136,3,0.0,0.0,611.09716796875,-116.6805419921875
6.052,136,3,0.0,0.0,611.09716796875,-116.6805419921875
6.052,136,3,0.0,0.0,611.09716796875,-116.6805419921875
6.091,136,3,0.0,0.0,611.09716796875,-116.6805419921875
6.091,136,3,0.0,0.0,611.09716796875,-116.6805419921875
6.092,136,3,0.0,0.0,611.09716796875,-116.6805419921875
6.115,136,3,0.0,0.0,611.09716796875,-116.6805419921875
6.131,136,3,0.0,0.0,611.09716796875,-116.6805419921875
6.132,136,3,0.0,0.0,611.09716796875,-116.6805419921875
6.132,136,3,0.0,0.0,611.09716796875,-116.6805419921875
6.167,136,3,0.0,0.0,611.09716796875,-116.6805419921875
6.211,136,3,0.0,0.0,611.09716796875,-116.6805419921875
6.212,136,3,0.0,0.0,611.09716796875,-116.6805419921875
6.212,136,3,0.0,0.0,611.09716796875,-116.6805419921875
6.252,136,3,0.0,0.0,611.09716796875,-116.6805419921875
6.252,136,3,0.0,0.0,611.09716796875,-116.6805419921875
6.252,136,3,0.0,0.0,611.09716796875,-116.6805419921875
6.267,136,3,0.0,0.0,611.09716796875,-116.6805419921875
6.292,136,3,0.0,0.0,611.09716796875,-116.6805419921875
6.292,136,3,0.0,0.0,611.09716796875,-116.6805419921875
6.292,136,3,0.0,0.0,611.09716796875,-116.6805419921875
6.332,136,3,0.0,0.0,611.09716796875,-116.6805419921875
6.332,136,3,0.0,0.0,611.09716796875,-116.6805419921875
6.332,136,3,0.0,0.0,611.09716796875,-116.6805419921875
6.382,136,3,0.0,0.0,611.09716796875,-116.6805419921875
6.411,136,3,0.0,0.0,611.09716796875,-116.6805419921875
6.412,136,3,0.0,0.0,611.09716796875,-116.6805419921875
6.412,136,3,0.0,0.0,611.09716796875,-116.6805419921875
6.451,136,3,0.0,0.0,611.09716796875,-116.6805419921875
6.451,136,3,0.0,0.0,611.09716796875,-116.6805419921875
6.452,136,3,0.0,0.0,611.09716796875,-116.6805419921875
6.492,136,3,0.0,0.0,611.09716796875,-116.6805419921875
6.492,136,3,0.0,0.0,611.09716796875,-116.6805419921875
6.492,136,3,0.0,0.0,611.09716796875,-116.6805419921875
6.519,136,3,0.0,0.0,611.09716796875,-116.6805419921875
6.531,136,3,0.0,0.0,611.09716796875,-116.6805419921875
6.531,136,3,0.0,0.0,611.09716796875,-116.6805419921875
6.531,136,3,0.0,0.0,611.09716796875,-116.6805419921875
6.567,136,3,0.0,0.0,611.09716796875,-116.6805419921875
6.611,136,3,0.0,0.0,611.09716796875,-116.6805419921875
6.611,136,3,0.0,0.0,611.09716796875,-116.6805419921875
6.611,136,3,0.0,0.0,611.09716796875,-116.6805419921875
6.651,136,3,0.0,0.0,611.09716796875,-116.6805419921875
6.652,136,3,0.0,0.0,611.09716796875,-116.6805419921875
6.652,136,3,0.0,0.0,611.09716796875,-116.6805419921875
6.692,136,3,0.0,0.0,611.09716796875,-116.6805419921875
6.692,136,3,0.0,0.0,611.09716796875,-116.6805419921875
6.694,136,3,0.0,0.0,611.09716796875,-116.6805419921875
6.718,136,3,0.0,0.0,611.09716796875,-116.6805419921875
6.732,136,3,0.0,0.0,611.09716796875,-116.6805419921875
6.732,136,3,0.0,0.0,611.09716796875,-116.6805419921875
6.732,136,3,0.0,0.0,611.09716796875,-116.6805419921875
6.768,136,3,0.0,0.0,611.09716796875,-116.6805419921875
6.812,136,3,0.0,0.0,611.09716796875,-116.6805419921875
6.812,136,3,0.0,0.0,611.09716796875,-116.6805419921875
6.812,136,3,0.0,0.0,611.09716796875,-116.6805419921875
6.851,136,3,0.0,0.0,611.09716796875,-116.6805419921875
6.851,136,3,0.0,0.0,611.09716796875,-116.6805419921875
6.851,136,3,0.0,0.0,611.09716796875,-116.6805419921875
6.868,136,3,0.0,0.0,611.09716796875,-116.6805419921875
6.891,136,3,0.0,0.0,611.09716796875,-116.6805419921875
6.891,136,3,0.0,0.0,611.09716796875,-116.6805419921875
6.891,136,3,0.0,0.0,611.09716796875,-116.6805419921875
6.916,136,3,0.0,0.0,611.09716796875,-116.6805419921875
6.932,136,3,0.0,0.0,611.09716796875,-116.6805419921875
6.932,136,3,0.0,0.0,611.09716796875,-116.6805419921875
6.933,136,3,0.0,0.0,611.09716796875,-116.6805419921875
6.983,136,3,0.0,0.0,611.09716796875,-116.6805419921875
7.011,136,3,0.0,0.0,611.09716796875,-116.6805419921875
7.012,136,3,0.0,0.0,611.09716796875,-116.6805419921875
7.012,136,3,0.0,0.0,611.09716796875,-116.6805419921875
7.051,136,3,0.0,0.0,611.09716796875,-116.6805419921875
7.053,136,3,0.0,0.0,611.09716796875,-116.6805419921875
7.053,136,3,0.0,0.0,611.09716796875,-116.6805419921875
7.091,136,3,0.0,0.0,611.09716796875,-116.6805419921875
7.092,136,3,0.0,0.0,611.09716796875,-116.6805419921875
7.092,136,3,0.0,0.0,611.09716796875,-116.6805419921875
7.116,136,3,0.0,0.0,611.09716796875,-116.6805419921875
7.131,136,3,0.0,0.0,611.09716796875,-116.6805419921875
7.131,136,3,0.0,0.0,611.09716796875,-116.6805419921875
7.131,136,3,0.0,0.0,611.09716796875,-116.6805419921875
7.182,136,3,0.0,0.0,611.09716796875,-116.6805419921875
7.211,136,3,0.0,0.0,611.09716796875,-116.6805419921875
7.211,136,3,0.0,0.0,611.09716796875,-116.6805419921875
7.211,136,3,0.0,0.0,611.09716796875,-116.6805419921875
7.252,136,3,0.0,0.0,611.09716796875,-116.6805419921875
7.252,136,3,0.0,0.0,611.09716796875,-116.6805419921875
7.252,136,3,0.0,0.0,611.09716796875,-116.6805419921875
7.269,136,3,0.0,0.0,611.09716796875,-116.6805419921875
7.291,136,3,0.0,0.0,611.09716796875,-116.6805419921875
7.291,136,3,0.0,0.0,611.09716796875,-116.6805419921875
7.291,136,3,0.0,0.0,611.09716796875,-116.6805419921875
7.317,136,3,0.0,0.0,611.09716796875,-116.6805419921875
7.332,136,3,0.0,0.0,611.09716796875,-116.6805419921875
7.332,136,3,0.0,0.0,611.09716796875,-116.6805419921875
7.332,136,3,0.0,0.0,611.09716796875,-116.6805419921875
7.371,136,3,0.0,0.0,611.09716796875,-116.6805419921875
7.411,136,3,0.0,0.0,611.09716796875,-116.6805419921875
7.411,136,3,0.0,0.0,611.09716796875,-116.6805419921875
7.411,136,3,0.0,0.0,611.09716796875,-116.6805419921875
7.452,136,3,0.0,0.0,611.09716796875,-116.6805419921875
7.452,136,3,0.0,0.0,611.09716796875,-116.6805419921875
7.452,136,3,0.0,0.0,611.09716796875,-116.6805419921875
7.491,136,3,0.0,0.0,611.09716796875,-116.6805419921875
7.491,136,3,0.0,0.0,611.09716796875,-116.6805419921875
7.492,136,3,0.0,0.0,611.09716796875,-116.6805419921875
7.519,136,3,0.0,0.0,611.09716796875,-116.6805419921875
7.532,136,3,0.0,0.0,611.09716796875,-116.6805419921875
7.532,136,3,0.0,0.0,611.09716796875,-116.6805419921875
7.532,136,3,0.0,0.0,611.09716796875,-116.6805419921875
7.582,136,3,0.0,0.0,611.09716796875,-116.6805419921875
7.611,136,3,0.0,0.0,611.09716796875,-116.6805419921875
7.611,136,3,0.0,0.0,611.09716796875,-116.6805419921875
7.611,136,3,0.0,0.0,611.09716796875,-116.6805419921875
7.652,136,3,0.0,0.0,611.09716796875,-116.6805419921875
7.652,136,3,0.0,0.0,611.09716796875,-116.6805419921875
7.652,136,3,0.0,0.0,611.09716796875,-116.6805419921875
7.666,136,3,0.0,0.0,611.09716796875,-116.6805419921875
7.692,136,3,0.0,0.0,611.09716796875,-116.6805419921875
7.692,136,3,0.0,0.0,611.09716796875,-116.6805419921875
7.692,136,3,0.0,0.0,611.09716796875,-116.6805419921875
7.732,136,3,0.0,0.0,611.09716796875,-116.6805419921875
7.732,136,3,0.0,0.0,611.09716796875,-116.6805419921875
7.732,136,3,0.0,0.0,611.09716796875,-116.6805419921875
7.769,136,3,0.0,0.0,611.09716796875,-116.6805419921875
7.811,136,3,0.0,0.0,611.09716796875,-116.6805419921875
7.811,136,3,0.0,0.0,611.09716796875,-116.6805419921875
7.811,136,3,0.0,0.0,611.09716796875,-116.6805419921875
7.851,136,3,0.0,0.0,611.09716796875,-116.6805419921875
7.851,136,3,0.0,0.0,611.09716796875,-116.6805419921875
7.851,136,3,0.0,0.0,611.09716796875,-116.6805419921875
7.867,136,3,0.0,0.0,611.09716796875,-116.6805419921875
7.891,136,3,0.0,0.0,611.09716796875,-116.6805419921875
7.892,136,3,0.0,0.0,611.09716796875,-116.6805419921875
7.892,136,3,0.0,0.0,611.09716796875,-116.6805419921875
7.931,136,3,0.0,0.0,611.09716796875,-116.6805419921875
7.931,136,3,0.0,0.0,611.09716796875,-116.6805419921875
7.931,136,3,0.0,0.0,611.09716796875,-116.6805419921875
7.982,136,3,0.0,0.0,611.09716796875,-116.6805419921875
8.011,136,3,0.0,0.0,611.09716796875,-116.6805419921875
8.011,136,3,0.0,0.0,611.09716796875,-116.6805419921875
8.011,136,3,0.0,0.0,611.09716796875,-116.6805419921875
8.05,136,3,0.0,0.0,611.09716796875,-116.6805419921875
8.051,136,3,0.0,0.0,611.09716796875,-116.6805419921875
8.051,136,3,0.0,0.0,611.09716796875,-116.6805419921875
8.067,136,3,0.0,0.0,611.09716796875,-116.6805419921875
8.091,136,3,0.0,0.0,611.09716796875,-116.6805419921875
8.091,136,3,0.0,0.0,611.09716796875,-116.6805419921875
8.092,136,3,0.0,0.0,611.09716796875,-116.6805419921875
8.116,136,3,0.0,0.0,611.09716796875,-116.6805419921875
8.131,136,3,0.0,0.0,611.09716796875,-116.6805419921875
8.131,136,3,0.0,0.0,611.09716796875,-116.6805419921875
8.131,136,3,0.0,0.0,611.09716796875,-116.6805419921875
8.166,136,3,0.0,0.0,611.09716796875,-116.6805419921875
8.211,136,3,0.0,0.0,611.09716796875,-116.6805419921875
8.211,136,3,0.0,0.0,611.09716796875,-116.6805419921875
8.211,136,3,0.0,0.0,611.09716796875,-116.6805419921875
8.25,136,3,0.0,0.0,611.09716796875,-116.6805419921875
8.251,136,3,0.0,0.0,611.09716796875,-116.6805419921875
8.251,136,3,0.0,0.0,611.09716796875,-116.6805419921875
8.269,136,3,0.0,0.0,611.09716796875,-116.6805419921875
8.291,136,3,0.0,0.0,611.09716796875,-116.6805419921875
8.291,136,3,0.0,0.0,611.09716796875,-116.6805419921875
8.292,136,3,0.0,0.0,611.09716796875,-116.6805419921875
8.331,136,3,0.0,0.0,611.09716796875,-116.6805419921875
8.331,136,3,0.0,0.0,611.09716796875,-116.6805419921875
8.332,136,3,0.0,0.0,611.09716796875,-116.6805419921875
8.368,136,3,0.0,0.0,611.09716796875,-116.6805419921875
8.411,136,3,0.0,0.0,611.09716796875,-116.6805419921875
8.411,136,3,0.0,0.0,611.09716796875,-116.6805419921875
8.411,136,3,0.0,0.0,611.09716796875,-116.6805419921875
8.451,136,3,0.0,0.0,611.09716796875,-116.6805419921875
8.451,136,3,0.0,0.0,611.09716796875,-116.6805419921875
8.451,136,3,0.0,0.0,611.09716796875,-116.6805419921875
8.467,136,3,0.0,0.0,611.09716796875,-116.6805419921875
8.492,136,3,0.0,0.0,611.09716796875,-116.6805419921875
8.492,136,3,0.0,0.0,611.09716796875,-116.6805419921875
8.492,136,3,0.0,0.0,611.09716796875,-116.6805419921875
8.532,136,3,0.0,0.0,611.09716796875,-116.6805419921875
8.532,136,3,0.0,0.0,611.09716796875,-116.6805419921875
8.532,136,3,0.0,0.0,611.09716796875,-116.6805419921875
8.565,136,3,0.0,0.0,611.09716796875,-116.6805419921875
8.611,136,3,0.0,0.0,611.09716796875,-116.6805419921875
8.611,136,3,0.0,0.0,611.09716796875,-116.6805419921875
8.611,136,3,0.0,0.0,611.09716796875,-116.6805419921875
8.651,136,3,0.0,0.0,611.09716796875,-116.6805419921875
8.651,136,3,0.0,0.0,611.09716796875,-116.6805419921875
8.651,136,3,0.0,0.0,611.09716796875,-116.6805419921875
8.665,136,3,0.0,0.0,611.09716796875,-116.6805419921875
8.691,136,3,0.0,0.0,611.09716796875,-116.6805419921875
8.691,136,3,0.0,0.0,611.09716796875,-116.6805419921875
8.691,136,3,0.0,0.0,611.09716796875,-116.6805419921875
8.722,136,3,0.0,0.0,611.09716796875,-116.6805419921875
8.731,136,3,0.0,0.0,611.09716796875,-116.6805419921875
8.731,136,3,0.0,0.0,611.09716796875,-116.6805419921875
8.731,136,3,0.0,0.0,611.09716796875,-116.6805419921875
8.77,136,3,0.0,0.0,611.09716796875,-116.6805419921875
8.811,136,3,0.0,0.0,611.09716796875,-116.6805419921875
8.811,136,3,0.0,0.0,611.09716796875,-116.6805419921875
8.811,136,3,0.0,0.0,611.09716796875,-116.6805419921875
8.851,136,3,0.0,0.0,611.09716796875,-116.6805419921875
8.851,136,3,0.0,0.0,611.09716796875,-116.6805419921875
8.851,136,3,0.0,0.0,611.09716796875,-116.6805419921875
8.867,136,3,0.0,0.0,611.09716796875,-116.6805419921875
8.891,136,3,0.0,0.0,611.09716796875,-116.6805419921875
8.891,136,3,0.0,0.0,611.09716796875,-116.6805419921875
8.892,136,3,0.0,0.0,611.09716796875,-116.6805419921875
8.931,136,3,0.0,0.0,611.09716796875,-116.6805419921875
8.931,136,3,0.0,0.0,611.09716796875,-116.6805419921875
8.932,136,3,0.0,0.0,611.09716796875,-116.6805419921875
8.971,136,3,0.0,0.0,611.09716796875,-116.6805419921875
9.011,136,3,0.0,0.0,611.09716796875,-116.6805419921875
9.011,136,3,0.0,0.0,611.09716796875,-116.6805419921875
9.011,136,3,0.0,0.0,611.09716796875,-116.6805419921875
9.051,136,3,0.0,0.0,611.09716796875,-116.6805419921875
9.051,136,3,0.0,0.0,611.09716796875,-116.6805419921875
9.051,136,3,0.0,0.0,611.09716796875,-116.6805419921875
9.068,136,3,0.0,0.0,611.09716796875,-116.6805419921875
9.092,136,3,0.0,0.0,611.09716796875,-116.6805419921875
9.092,136,3,0.0,0.0,611.09716796875,-116.6805419921875
9.092,136,3,0.0,0.0,611.09716796875,-116.6805419921875
9.119,136,3,0.0,0.0,611.09716796875,-116.6805419921875
9.131,136,3,0.0,0.0,611.09716796875,-116.6805419921875
9.131,136,3,0.0,0.0,611.09716796875,-116.6805419921875
9.132,136,3,0.0,0.0,611.09716796875,-116.6805419921875
9.182,136,3,0.0,0.0,611.09716796875,-116.6805419921875
9.211,136,3,0.0,0.0,611.09716796875,-116.6805419921875
9.212,136,3,0.0,0.0,611.09716796875,-116.6805419921875
9.212,136,3,0.0,0.0,611.09716796875,-116.6805419921875
9.251,136,3,0.0,0.0,611.09716796875,-116.6805419921875
9.252,136,3,0.0,0.0,611.09716796875,-116.6805419921875
9.252,136,3,0.0,0.0,611.09716796875,-116.6805419921875
9.291,136,3,0.0,0.0,611.09716796875,-116.6805419921875
9.292,136,3,0.0,0.0,611.09716796875,-116.6805419921875
9.292,136,3,0.0,0.0,611.09716796875,-116.6805419921875
9.331,136,3,0.0,0.0,611.09716796875,-116.6805419921875
9.331,136,3,0.0,0.0,611.09716796875,-116.6805419921875
9.331,136,3,0.0,0.0,611.09716796875,-116.6805419921875
9.365,136,3,0.0,0.0,611.09716796875,-116.6805419921875
9.411,136,3,0.0,0.0,611.09716796875,-116.6805419921875
9.411,136,3,0.0,0.0,611.09716796875,-116.6805419921875
9.411,136,3,0.0,0.0,611.09716796875,-116.6805419921875
9.451,136,3,0.0,0.0,611.09716796875,-116.6805419921875
9.452,136,3,0.0,0.0,611.09716796875,-116.6805419921875
9.452,136,3,0.0,0.0,611.09716796875,-116.6805419921875
9.468,136,3,0.0,0.0,611.09716796875,-116.6805419921875
9.493,136,3,0.0,0.0,611.09716796875,-116.6805419921875
9.493,136,3,0.0,0.0,611.09716796875,-116.6805419921875
9.494,136,3,0.0,0.0,611.09716796875,-116.6805419921875
9.516,136,3,0.0,0.0,611.09716796875,-116.6805419921875
9.531,136,3,0.0,0.0,611.09716796875,-116.6805419921875
9.532,136,3,0.0,0.0,611.09716796875,-116.6805419921875
9.533,136,3,0.0,0.0,611.09716796875,-116.6805419921875
9.566,136,3,0.0,0.0,611.09716796875,-116.6805419921875
9.611,136,3,0.0,0.0,611.09716796875,-116.6805419921875
9.612,136,3,0.0,0.0,611.09716796875,-116.6805419921875
9.612,136,3,0.0,0.0,611.09716796875,-116.6805419921875
9.651,136,3,0.0,0.0,611.09716796875,-116.6805419921875
9.652,136,3,0.0,0.0,611.09716796875,-116.6805419921875
9.652,136,3,0.0,0.0,611.09716796875,-116.6805419921875
9.691,136,3,0.0,0.0,611.09716796875,-116.6805419921875
9.691,136,3,0.0,0.0,611.09716796875,-116.6805419921875
9.694,136,3,0.0,0.0,611.09716796875,-116.6805419921875
9.731,136,3,0.0,0.0,611.09716796875,-116.6805419921875
9.731,136,3,0.0,0.0,611.09716796875,-116.6805419921875
9.732,136,3,0.0,0.0,611.09716796875,-116.6805419921875
9.782,136,3,0.0,0.0,611.09716796875,-116.6805419921875
9.811,136,3,0.0,0.0,611.09716796875,-116.6805419921875
9.811,136,3,0.0,0.0,611.09716796875,-116.6805419921875
9.812,136,3,0.0,0.0,611.09716796875,-116.6805419921875
9.851,136,3,0.0,0.0,611.09716796875,-116.6805419921875
9.851,136,3,0.0,0.0,611.09716796875,-116.6805419921875
9.851,136,3,0.0,0.0,611.09716796875,-116.6805419921875
9.867,136,3,0.0,0.0,611.09716796875,-116.6805419921875
9.892,136,3,0.0,0.0,611.09716796875,-116.6805419921875
9.892,136,3,0.0,0.0,611.09716796875,-116.6805419921875
9.893,136,3,0.0,0.0,611.09716796875,-116.6805419921875
9.931,136,3,0.0,0.0,611.09716796875,-116.6805419921875
9.932,136,3,0.0,0.0,611.09716796875,-116.6805419921875
9.932,136,3,0.0,0.0,611.09716796875,-116.6805419921875
9.982,136,3,0.0,0.0,611.09716796875,-116.6805419921875
10.011,136,3,0.0,0.0,611.09716796875,-116.6805419921875
10.011,136,3,0.0,0.0,611.09716796875,-116.6805419921875
10.012,136,3,0.0,0.0,611.09716796875,-116.6805419921875
10.051,136,3,0.0,0.0,611.09716796875,-116.6805419921875
10.051,136,3,0.0,0.0,611.09716796875,-116.6805419921875
10.052,136,3,0.0,0.0,611.09716796875,-116.6805419921875
10.071,136,3,0.0,0.0,611.09716796875,-116.6805419921875
10.091,136,3,0.0,0.0,611.09716796875,-116.6805419921875
10.091,136,3,0.0,0.0,611.09716796875,-116.6805419921875
10.092,136,3,0.0,0.0,611.09716796875,-116.6805419921875
10.119,136,3,0.0,0.0,611.09716796875,-116.6805419921875
10.132,136,3,0.0,0.0,611.09716796875,-116.6805419921875
10.132,136,3,0.0,0.0,611.09716796875,-116.6805419921875
10.133,136,3,0.0,0.0,611.09716796875,-116.6805419921875
10.183,136,3,0.0,0.0,611.09716796875,-116.6805419921875
10.212,136,3,0.0,0.0,611.09716796875,-116.6805419921875
10.212,136,3,0.0,0.0,611.09716796875,-116.6805419921875
10.212,136,3,0.0,0.0,611.09716796875,-116.6805419921875
10.252,136,3,0.0,0.0,611.09716796875,-116.6805419921875
10.252,136,3,0.0,0.0,611.09716796875,-116.6805419921875
10.253,136,3,0.0,0.0,611.09716796875,-116.6805419921875
10.292,136,3,0.0,0.0,611.09716796875,-116.6805419921875
10.292,136,3,0.0,0.0,611.09716796875,-116.6805419921875
10.292,136,3,0.0,0.0,611.09716796875,-116.6805419921875
10.317,136,3,0.0,0.0,611.09716796875,-116.6805419921875
10.332,136,3,0.0,0.0,611.09716796875,-116.6805419921875
10.332,136,3,0.0,0.0,611.09716796875,-116.6805419921875
10.332,136,3,0.0,0.0,611.09716796875,-116.6805419921875
10.382,136,3,0.0,0.0,611.09716796875,-116.6805419921875
10.414,136,3,0.0,0.0,611.09716796875,-116.6805419921875
10.414,136,3,0.0,0.0,611.09716796875,-116.6805419921875
10.414,136,3,0.0,0.0,611.09716796875,-116.6805419921875
10.451,136,3,0.0,0.0,611.09716796875,-116.6805419921875
10.452,136,3,0.0,0.0,611.09716796875,-116.6805419921875
10.452,136,3,0.0,0.0,611.09716796875,-116.6805419921875
10.491,136,3,0.0,0.0,611.09716796875,-116.6805419921875
10.491,136,3,0.0,0.0,611.09716796875,-116.6805419921875
10.492,136,3,0.0,0.0,611.09716796875,-116.6805419921875
10.521,136,3,0.0,0.0,611.09716796875,-116.6805419921875
10.532,136,3,0.0,0.0,611.09716796875,-116.6805419921875
10.532,136,3,0.0,0.0,611.09716796875,-116.6805419921875
10.532,136,3,0.0,0.0,611.09716796875,-116.6805419921875
10.582,136,3,0.0,0.0,611.09716796875,-116.6805419921875
10.611,136,3,0.0,0.0,611.09716796875,-116.6805419921875
10.611,136,3,0.0,0.0,611.09716796875,-116.6805419921875
10.613,136,3,0.0,0.0,611.09716796875,-116.6805419921875
10.652,136,3,0.0,0.0,611.09716796875,-116.6805419921875
10.652,136,3,0.0,0.0,611.09716796875,-116.6805419921875
10.652,136,3,0.0,0.0,611.09716796875,-116.6805419921875
10.692,136,3,0.0,0.0,611.09716796875,-116.6805419921875
10.692,136,3,0.0,0.0,611.09716796875,-116.6805419921875
10.692,136,3,0.0,0.0,611.09716796875,-116.6805419921875
10.732,136,3,0.0,0.0,611.09716796875,-116.6805419921875
10.732,136,3,0.0,0.0,611.09716796875,-116.6805419921875
10.732,136,3,0.0,0.0,611.09716796875,-116.6805419921875
10.771,136,3,0.0,0.0,611.09716796875,-116.6805419921875
10.811,136,3,0.0,0.0,611.09716796875,-116.6805419921875
10.811,136,3,0.0,0.0,611.09716796875,-116.6805419921875
10.812,136,3,0.0,0.0,611.09716796875,-116.6805419921875
10.853,136,3,0.0,0.0,611.09716796875,-116.6805419921875
10.853,136,3,0.0,0.0,611.09716796875,-116.6805419921875
10.854,136,3,0.0,0.0,611.09716796875,-116.6805419921875
10.893,136,3,0.0,0.0,611.09716796875,-116.6805419921875
10.893,136,3,0.0,0.0,611.09716796875,-116.6805419921875
10.893,136,3,0.0,0.0,611.09716796875,-116.6805419921875
10.926,136,3,0.0,0.0,611.09716796875,-116.6805419921875
10.932,136,3,0.0,0.0,611.09716796875,-116.6805419921875
10.933,136,3,0.0,0.0,611.09716796875,-116.6805419921875
10.933,136,3,0.0,0.0,611.09716796875,-116.6805419921875
10.983,136,3,0.0,0.0,611.09716796875,-116.6805419921875
11.012,136,3,0.0,0.0,611.09716796875,-116.6805419921875
11.012,136,3,0.0,0.0,611.09716796875,-116.6805419921875
11.012,136,3,0.0,0.0,611.09716796875,-116.6805419921875
11.052,136,3,0.0,0.0,611.09716796875,-116.6805419921875
11.052,136,3,0.0,0.0,611.09716796875,-116.6805419921875
11.053,136,3,0.0,0.0,611.09716796875,-116.6805419921875
11.066,136,3,0.0,0.0,611.09716796875,-116.6805419921875
11.093,136,3,0.0,0.0,611.09716796875,-116.6805419921875
11.093,136,3,0.0,0.0,611.09716796875,-116.6805419921875
11.093,136,3,0.0,0.0,611.09716796875,-116.6805419921875
11.131,136,3,0.0,0.0,611.09716796875,-116.6805419921875
11.132,136,3,0.0,0.0,611.09716796875,-116.6805419921875
11.133,136,3,0.0,0.0,611.09716796875,-116.6805419921875
11.165,136,3,0.0,0.0,611.09716796875,-116.6805419921875
11.212,136,3,0.0,0.0,611.09716796875,-116.6805419921875
11.212,136,3,0.0,0.0,611.09716796875,-116.6805419921875
11.212,136,3,0.0,0.0,611.09716796875,-116.6805419921875
11.254,136,3,0.0,0.0,611.09716796875,-116.6805419921875
11.254,136,3,0.0,0.0,611.09716796875,-116.6805419921875
11.254,136,3,0.0,0.0,611.09716796875,-116.6805419921875
11.266,136,3,0.0,0.0,611.09716796875,-116.6805419921875
11.292,136,3,0.0,0.0,611.09716796875,-116.6805419921875
11.292,136,3,0.0,0.0,611.09716796875,-116.6805419921875
11.293,136,3,0.0,0.0,611.09716796875,-116.6805419921875
11.331,136,3,0.0,0.0,611.09716796875,-116.6805419921875
11.331,136,3,0.0,0.0,611.09716796875,-116.6805419921875
11.332,136,3,0.0,0.0,611.09716796875,-116.6805419921875
11.366,136,3,0.0,0.0,611.09716796875,-116.6805419921875
11.412,136,3,0.0,0.0,611.09716796875,-116.6805419921875
11.412,136,3,0.0,0.0,611.09716796875,-116.6805419921875
11.412,136,3,0.0,0.0,611.09716796875,-116.6805419921875
11.451,136,3,0.0,0.0,611.09716796875,-116.6805419921875
11.451,136,3,0.0,0.0,611.09716796875,-116.6805419921875
11.451,136,3,0.0,0.0,611.09716796875,-116.6805419921875
11.465,136,3,0.0,0.0,611.09716796875,-116.6805419921875
11.491,136,3,0.0,0.0,611.09716796875,-116.6805419921875
11.492,136,3,0.0,0.0,611.09716796875,-116.6805419921875
11.494,136,3,0.0,0.0,611.09716796875,-116.6805419921875
11.517,136,3,0.0,0.0,611.09716796875,-116.6805419921875
11.531,136,3,0.0,0.0,611.09716796875,-116.6805419921875
11.531,136,3,0.0,0.0,611.09716796875,-116.6805419921875
11.532,136,3,0.0,0.0,611.09716796875,-116.6805419921875
11.566,136,3,0.0,0.0,611.09716796875,-116.6805419921875
11.611,136,3,0.0,0.0,611.09716796875,-116.6805419921875
11.611,136,3,0.0,0.0,611.09716796875,-116.6805419921875
11.612,136,3,0.0,0.0,611.09716796875,-116.6805419921875
11.651,136,3,0.0,0.0,611.09716796875,-116.6805419921875
11.652,136,3,0.0,0.0,611.09716796875,-116.6805419921875
11.652,136,3,0.0,0.0,611.09716796875,-116.6805419921875
11.691,136,3,0.0,0.0,611.09716796875,-116.6805419921875
11.692,136,3,0.0,0.0,611.09716796875,-116.6805419921875
11.692,136,3,0.0,0.0,611.09716796875,-116.6805419921875
11.716,136,3,0.0,0.0,611.09716796875,-116.6805419921875
11.731,136,3,0.0,0.0,611.09716796875,-116.6805419921875
11.732,136,3,0.0,0.0,611.09716796875,-116.6805419921875
11.732,136,3,0.0,0.0,611.09716796875,-116.6805419921875
11.782,136,3,0.0,0.0,611.09716796875,-116.6805419921875
11.812,136,3,0.0,0.0,611.09716796875,-116.6805419921875
11.812,136,3,0.0,0.0,611.09716796875,-116.6805419921875
11.812,136,3,0.0,0.0,611.09716796875,-116.6805419921875
11.852,136,3,0.0,0.0,611.09716796875,-116.6805419921875
11.852,136,3,0.0,0.0,611.09716796875,-116.6805419921875
11.852,136,3,0.0,0.0,611.09716796875,-116.6805419921875
11.867,136,3,0.0,0.0,611.09716796875,-116.6805419921875
11.891,136,3,0.0,0.0,611.09716796875,-116.6805419921875
11.891,136,3,0.0,0.0,611.09716796875,-116.6805419921875
11.892,136,3,0.0,0.0,611.09716796875,-116.6805419921875
11.918,136,3,0.0,0.0,611.09716796875,-116.6805419921875
11.932,136,3,0.0,0.0,611.09716796875,-116.6805419921875
11.932,136,3,0.0,0.0,611.09716796875,-116.6805419921875
11.932,136,3,0.0,0.0,611.09716796875,-116.6805419921875
11.982,136,3,0.0,0.0,611.09716796875,-116.6805419921875
12.011,136,3,0.0,0.0,611.09716796875,-116.6805419921875
12.012,136,3,0.0,0.0,611.09716796875,-116.6805419921875
12.012,136,3,0.0,0.0,611.09716796875,-116.6805419921875
12.051,136,3,0.0,0.0,611.09716796875,-116.6805419921875
12.052,136,3,0.0,0.0,611.09716796875,-116.6805419921875
12.052,136,3,0.0,0.0,611.09716796875,-116.6805419921875
12.069,136,3,0.0,0.0,611.09716796875,-116.6805419921875
12.091,136,3,0.0,0.0,611.09716796875,-116.6805419921875
12.092,136,3,0.0,0.0,611.09716796875,-116.6805419921875
12.092,136,3,0.0,0.0,611.09716796875,-116.6805419921875
12.132,136,3,0.0,0.0,611.09716796875,-116.6805419921875
12.132,136,3,0.0,0.0,611.09716796875,-116.6805419921875
12.133,136,3,0.0,0.0,611.09716796875,-116.6805419921875
12.168,136,3,0.0,0.0,611.09716796875,-116.6805419921875
12.211,136,3,0.0,0.0,611.09716796875,-116.6805419921875
12.211,136,3,0.0,0.0,611.09716796875,-116.6805419921875
12.211,136,3,0.0,0.0,611.09716796875,-116.6805419921875
12.254,136,3,0.0,0.0,611.09716796875,-116.6805419921875
12.254,136,3,0.0,0.0,611.09716796875,-116.6805419921875
12.254,136,3,0.0,0.0,611.09716796875,-116.6805419921875
12.268,136,3,0.0,0.0,611.09716796875,-116.6805419921875
12.292,136,3,0.0,0.0,611.09716796875,-116.6805419921875
12.292,136,3,0.0,0.0,611.09716796875,-116.6805419921875
12.292,136,3,0.0,0.0,611.09716796875,-116.6805419921875
12.332,136,2,0.0,0.0,611.09716796875,-116.6805419921875
12.332,136,2,0.0,0.0,611.09716796875,-116.6805419921875
12.333,136,2,0.0,0.0,611.09716796875,-116.6805419921875
12.383,136,2,0.0,0.0,611.09716796875,-116.6805419921875
12.411,136,2,0.0,0.0,611.09716796875,-116.6805419921875
12.411,136,2,0.0,0.0,611.09716796875,-116.6805419921875
12.411,136,2,0.0,0.0,611.09716796875,-116.6805419921875
12.451,136,2,0.0,0.0,611.09716796875,-116.6805419921875
12.451,136,2,0.0,0.0,611.09716796875,-116.6805419921875
12.451,136,2,0.0,0.0,611.09716796875,-116.6805419921875
12.468,136,2,0.0,0.0,611.09716796875,-116.6805419921875
12.491,136,2,0.0,0.0,611.09716796875,-116.6805419921875
12.492,136,2,0.0,0.0,611.09716796875,-116.6805419921875
12.493,136,2,0.0,0.0,611.09716796875,-116.6805419921875
12.517,136,2,0.0,0.0,611.09716796875,-116.6805419921875
12.532,136,2,0.0,0.0,611.09716796875,-116.6805419921875
12.532,136,2,0.0,0.0,611.09716796875,-116.6805419921875
12.532,136,2,0.0,0.0,611.09716796875,-116.6805419921875
12.57,136,2,0.0,0.0,611.09716796875,-116.6805419921875
12.611,136,2,0.0,0.0,611.09716796875,-116.6805419921875
12.612,136,2,0.0,0.0,611.09716796875,-116.6805419921875
12.612,136,2,0.0,0.0,611.09716796875,-116.6805419921875
12.651,136,2,0.0,0.0,611.09716796875,-116.6805419921875
12.652,136,2,0.0,0.0,611.09716796875,-116.6805419921875
12.652,136,2,0.0,0.0,611.09716796875,-116.6805419921875
12.667,136,2,0.0,0.0,611.09716796875,-116.6805419921875
12.692,136,2,0.0,0.0,611.09716796875,-116.6805419921875
12.692,136,2,0.0,0.0,611.09716796875,-116.6805419921875
12.692,136,2,0.0,0.0,611.09716796875,-116.6805419921875
12.718,136,2,0.0,0.0,611.09716796875,-116.6805419921875
12.732,136,2,0.0,0.0,611.09716796875,-116.6805419921875
12.732,136,2,0.0,0.0,611.09716796875,-116.6805419921875
12.732,136,2,0.0,0.0,611.09716796875,-116.6805419921875
12.783,136,2,0.0,0.0,611.09716796875,-116.6805419921875
12.811,136,2,0.0,0.0,611.09716796875,-116.6805419921875
12.812,136,2,0.0,0.0,611.09716796875,-116.6805419921875
12.812,136,2,0.0,0.0,611.09716796875,-116.6805419921875
12.851,136,2,0.0,0.0,611.09716796875,-116.6805419921875
12.851,136,2,0.0,0.0,611.09716796875,-116.6805419921875
12.851,136,2,0.0,0.0,611.09716796875,-116.6805419921875
12.891,136,2,0.0,0.0,611.09716796875,-116.6805419921875
12.891,136,2,0.0,0.0,611.09716796875,-116.6805419921875
12.891,136,2,0.0,0.0,611.09716796875,-116.6805419921875
12.931,136,2,0.0,0.0,611.09716796875,-116.6805419921875
12.932,136,2,0.0,0.0,611.09716796875,-116.6805419921875
12.932,136,2,0.0,0.0,611.09716796875,-116.6805419921875
12.982,136,2,0.0,0.0,611.09716796875,-116.6805419921875
13.011,136,2,0.0,0.0,611.09716796875,-116.6805419921875
13.011,136,2,0.0,0.0,611.09716796875,-116.6805419921875
13.011,136,2,0.0,0.0,611.09716796875,-116.6805419921875
13.051,136,2,0.0,0.0,611.09716796875,-116.6805419921875
13.051,136,2,0.0,0.0,611.09716796875,-116.6805419921875
13.051,136,2,0.0,0.0,611.09716796875,-116.6805419921875
13.068,136,2,0.0,0.0,611.09716796875,-116.6805419921875
13.091,136,2,0.0,0.0,611.09716796875,-116.6805419921875
13.091,136,2,0.0,0.0,611.09716796875,-116.6805419921875
13.091,136,2,0.0,0.0,611.09716796875,-116.6805419921875
13.132,136,2,0.0,0.0,611.09716796875,-116.6805419921875
13.132,136,2,0.0,0.0,611.09716796875,-116.6805419921875
13.132,136,2,0.0,0.0,611.09716796875,-116.6805419921875
13.17,136,2,0.0,0.0,611.09716796875,-116.6805419921875
13.212,136,2,0.0,0.0,611.09716796875,-116.6805419921875
13.212,136,2,0.0,0.0,611.09716796875,-116.6805419921875
13.212,136,2,0.0,0.0,611.09716796875,-116.6805419921875
13.252,136,2,0.0,0.0,611.09716796875,-116.6805419921875
13.252,136,2,0.0,0.0,611.09716796875,-116.6805419921875
13.253,136,2,0.0,0.0,611.09716796875,-116.6805419921875
13.292,136,2,0.0,0.0,611.09716796875,-116.6805419921875
13.292,136,2,0.0,0.0,611.09716796875,-116.6805419921875
13.293,136,2,0.0,0.0,611.09716796875,-116.6805419921875
13.331,136,2,0.0,0.0,611.09716796875,-116.6805419921875
13.333,136,2,0.0,0.0,611.09716796875,-116.6805419921875
13.333,136,2,0.0,0.0,611.09716796875,-116.6805419921875
13.367,136,2,0.0,0.0,611.09716796875,-116.6805419921875
13.412,136,2,0.0,0.0,611.09716796875,-116.6805419921875
13.412,136,2,0.0,0.0,611.09716796875,-116.6805419921875
13.412,136,2,0.0,0.0,611.09716796875,-116.6805419921875
13.452,136,2,0.0,0.0,611.09716796875,-116.6805419921875
13.452,136,2,0.0,0.0,611.09716796875,-116.6805419921875
13.452,136,2,0.0,0.0,611.09716796875,-116.6805419921875
13.466,136,2,0.0,0.0,611.09716796875,-116.6805419921875
13.491,136,2,0.0,0.0,611.09716796875,-116.6805419921875
13.492,136,2,0.0,0.0,611.09716796875,-116.6805419921875
13.492,136,2,0.0,0.0,611.09716796875,-116.6805419921875
13.531,136,2,0.0,0.0,611.09716796875,-116.6805419921875
13.531,136,2,0.0,0.0,611.09716796875,-116.6805419921875
13.531,136,2,0.0,0.0,611.09716796875,-116.6805419921875
13.567,136,2,0.0,0.0,611.09716796875,-116.6805419921875
13.611,136,2,0.0,0.0,611.09716796875,-116.6805419921875
13.611,136,2,0.0,0.0,611.09716796875,-116.6805419921875
13.611,136,2,0.0,0.0,611.09716796875,-116.6805419921875
13.651,136,2,0.0,0.0,611.09716796875,-116.6805419921875
13.652,136,2,0.0,0.0,611.09716796875,-116.6805419921875
13.652,136,2,0.0,0.0,611.09716796875,-116.6805419921875
13.667,136,2,0.0,0.0,611.09716796875,-116.6805419921875
13.691,136,2,0.0,0.0,611.09716796875,-116.6805419921875
13.691,136,2,0.0,0.0,611.09716796875,-116.6805419921875
13.692,136,2,0.0,0.0,611.09716796875,-116.6805419921875
13.717,136,2,0.0,0.0,611.09716796875,-116.6805419921875
13.731,136,2,0.0,0.0,611.09716796875,-116.6805419921875
13.731,136,2,0.0,0.0,611.09716796875,-116.6805419921875
13.732,136,2,0.0,0.0,611.09716796875,-116.6805419921875
13.77,136,2,0.0,0.0,611.09716796875,-116.6805419921875
13.813,136,2,0.0,0.0,611.09716796875,-116.6805419921875
13.813,136,2,0.0,0.0,611.09716796875,-116.6805419921875
13.814,136,2,0.0,0.0,611.09716796875,-116.6805419921875
13.852,136,2,0.0,0.0,611.09716796875,-116.6805419921875
13.852,136,2,0.0,0.0,611.09716796875,-116.6805419921875
13.853,136,2,0.0,0.0,611.09716796875,-116.6805419921875
13.891,136,2,0.0,0.0,611.09716796875,-116.6805419921875
13.891,136,2,0.0,0.0,611.09716796875,-116.6805419921875
13.891,136,2,0.0,0.0,611.09716796875,-116.6805419921875
13.922,136,2,0.0,0.0,611.09716796875,-116.6805419921875
13.932,136,2,0.0,0.0,611.09716796875,-116.6805419921875
13.932,136,2,0.0,0.0,611.09716796875,-116.6805419921875
13.932,136,2,0.0,0.0,611.09716796875,-116.6805419921875
13.983,136,2,0.0,0.0,611.09716796875,-116.6805419921875
14.011,136,2,0.0,0.0,611.09716796875,-116.6805419921875
14.011,136,2,0.0,0.0,611.09716796875,-116.6805419921875
14.013,136,2,0.0,0.0,611.09716796875,-116.6805419921875
14.051,136,2,0.0,0.0,611.09716796875,-116.6805419921875
14.051,136,2,0.0,0.0,611.09716796875,-116.6805419921875
14.052,136,2,0.0,0.0,611.09716796875,-116.6805419921875
14.091,136,2,0.0,0.0,611.09716796875,-116.6805419921875
14.091,136,2,0.0,0.0,611.09716796875,-116.6805419921875
14.092,136,2,0.0,0.0,611.09716796875,-116.6805419921875
14.117,136,2,0.0,0.0,611.09716796875,-116.6805419921875
14.131,136,2,0.0,0.0,611.09716796875,-116.6805419921875
14.131,136,2,0.0,0.0,611.09716796875,-116.6805419921875
14.132,136,2,0.0,0.0,611.09716796875,-116.6805419921875
14.182,136,2,0.0,0.0,611.09716796875,-116.6805419921875
14.211,136,2,0.0,0.0,611.09716796875,-116.6805419921875
14.211,136,2,0.0,0.0,611.09716796875,-116.6805419921875
14.212,136,2,0.0,0.0,611.09716796875,-116.6805419921875
14.251,136,2,0.0,0.0,611.09716796875,-116.6805419921875
14.252,136,2,0.0,0.0,611.09716796875,-116.6805419921875
14.252,136,2,0.0,0.0,611.09716796875,-116.6805419921875
14.291,136,2,0.0,0.0,611.09716796875,-116.6805419921875
14.292,136,2,0.0,0.0,611.09716796875,-116.6805419921875
14.292,136,2,0.0,0.0,611.09716796875,-116.6805419921875
14.331,136,2,0.0,0.0,611.09716796875,-116.6805419921875
14.331,136,2,0.0,0.0,611.09716796875,-116.6805419921875
14.332,136,2,0.0,0.0,611.09716796875,-116.6805419921875
14.382,136,2,0.0,0.0,611.09716796875,-116.6805419921875
14.411,136,2,0.0,0.0,611.09716796875,-116.6805419921875
14.411,136,2,0.0,0.0,611.09716796875,-116.6805419921875
14.411,136,2,0.0,0.0,611.09716796875,-116.6805419921875
14.451,136,2,0.0,0.0,611.09716796875,-116.6805419921875
14.452,136,2,0.0,0.0,611.09716796875,-116.6805419921875
14.452,136,2,0.0,0.0,611.09716796875,-116.6805419921875
14.491,136,2,0.0,0.0,611.09716796875,-116.6805419921875
14.492,136,2,0.0,0.0,611.09716796875,-116.6805419921875
14.492,136,2,0.0,0.0,611.09716796875,-116.6805419921875
14.531,136,2,0.0,0.0,611.09716796875,-116.6805419921875
14.532,136,2,0.0,0.0,611.09716796875,-116.6805419921875
14.532,136,2,0.0,0.0,611.09716796875,-116.6805419921875
14.583,136,2,0.0,0.0,611.09716796875,-116.6805419921875
14.611,136,2,0.0,0.0,611.09716796875,-116.6805419921875
14.611,136,2,0.0,0.0,611.09716796875,-116.6805419921875
14.612,136,2,0.0,0.0,611.09716796875,-116.6805419921875
14.651,136,2,0.0,0.0,611.09716796875,-116.6805419921875
14.651,136,2,0.0,0.0,611.09716796875,-116.6805419921875
14.652,136,2,0.0,0.0,611.09716796875,-116.6805419921875
14.665,136,2,0.0,0.0,611.09716796875,-116.6805419921875
14.691,136,2,0.0,0.0,611.09716796875,-116.6805419921875
14.691,136,2,0.0,0.0,611.09716796875,-116.6805419921875
14.691,136,2,0.0,0.0,611.09716796875,-116.6805419921875
14.731,136,2,0.0,0.0,611.09716796875,-116.6805419921875
14.731,136,2,0.0,0.0,611.09716796875,-116.6805419921875
14.732,136,2,0.0,0.0,611.09716796875,-116.6805419921875
14.782,136,2,0.0,0.0,611.09716796875,-116.6805419921875
14.811,136,2,0.0,0.0,611.09716796875,-116.6805419921875
14.812,136,2,0.0,0.0,611.09716796875,-116.6805419921875
14.812,136,2,0.0,0.0,611.09716796875,-116.6805419921875
14.851,136,2,0.0,0.0,611.09716796875,-116.6805419921875
14.852,136,2,0.0,0.0,611.09716796875,-116.6805419921875
14.852,136,2,0.0,0.0,611.09716796875,-116.6805419921875
14.891,136,2,0.0,0.0,611.09716796875,-116.6805419921875
14.891,136,2,0.0,0.0,611.09716796875,-116.6805419921875
14.892,136,2,0.0,0.0,611.09716796875,-116.6805419921875
14.915,136,2,0.0,0.0,611.09716796875,-116.6805419921875
14.932,136,2,0.0,0.0,611.09716796875,-116.6805419921875
14.932,136,2,0.0,0.0,611.09716796875,-116.6805419921875
14.932,136,2,0.0,0.0,611.09716796875,-116.6805419921875
14.982,136,2,0.0,0.0,611.09716796875,-116.6805419921875
15.011,136,2,0.0,0.0,611.09716796875,-116.6805419921875
15.011,136,2,0.0,0.0,611.09716796875,-116.6805419921875
15.011,136,2,0.0,0.0,611.09716796875,-116.6805419921875
15.051,136,2,0.0,0.0,611.09716796875,-116.6805419921875
15.052,136,2,0.0,0.0,611.09716796875,-116.6805419921875
15.052,136,2,0.0,0.0,611.09716796875,-116.6805419921875
15.069,136,2,0.0,0.0,611.09716796875,-116.6805419921875
15.091,136,2,0.0,0.0,611.09716796875,-116.6805419921875
15.091,136,2,0.0,0.0,611.09716796875,-116.6805419921875
15.092,136,2,0.0,0.0,611.09716796875,-116.6805419921875
15.131,136,2,0.0,0.0,611.09716796875,-116.6805419921875
15.132,136,2,0.0,0.0,611.09716796875,-116.6805419921875
15.132,136,2,0.0,0.0,611.09716796875,-116.6805419921875
15.167,136,2,0.0,0.0,611.09716796875,-116.6805419921875
15.211,136,2,0.0,0.0,611.09716796875,-116.6805419921875
15.211,136,2,0.0,0.0,611.09716796875,-116.6805419921875
15.212,136,2,0.0,0.0,611.09716796875,-116.6805419921875
15.252,136,2,0.0,0.0,611.09716796875,-116.6805419921875
15.252,136,2,0.0,0.0,611.09716796875,-116.6805419921875
15.253,136,2,0.0,0.0,611.09716796875,-116.6805419921875
15.291,136,2,0.0,0.0,611.09716796875,-116.6805419921875
15.291,136,2,0.0,0.0,611.09716796875,-116.6805419921875
15.292,136,2,0.0,0.0,611.09716796875,-116.6805419921875
15.332,136,1,0.0,0.0,611.09716796875,-116.6805419921875
15.332,136,1,0.0,0.0,611.09716796875,-116.6805419921875
15.332,136,1,0.0,0.0,611.09716796875,-116.6805419921875
15.383,136,1,0.0,0.0,611.09716796875,-116.6805419921875
15.411,136,1,0.0,0.0,611.09716796875,-116.6805419921875
15.412,136,1,0.0,0.0,611.09716796875,-116.6805419921875
15.412,136,1,0.0,0.0,611.09716796875,-116.6805419921875
15.451,136,1,0.0,0.0,611.09716796875,-116.6805419921875
15.451,136,1,0.0,0.0,611.09716796875,-116.6805419921875
15.452,136,1,0.0,0.0,611.09716796875,-116.6805419921875
15.465,136,1,0.0,0.0,611.09716796875,-116.6805419921875
15.492,136,1,0.0,0.0,611.09716796875,-116.6805419921875
15.492,136,1,0.0,0.0,611.09716796875,-116.6805419921875
15.494,136,1,0.0,0.0,611.09716796875,-116.6805419921875
15.531,136,1,0.0,0.0,611.09716796875,-116.6805419921875
15.532,136,1,0.0,0.0,611.09716796875,-116.6805419921875
15.532,136,1,0.0,0.0,611.09716796875,-116.6805419921875
15.568,136,1,0.0,0.0,611.09716796875,-116.6805419921875
15.611,136,1,0.0,0.0,611.09716796875,-116.6805419921875
15.611,136,1,0.0,0.0,611.09716796875,-116.6805419921875
15.612,136,1,0.0,0.0,611.09716796875,-116.6805419921875
15.651,136,1,0.0,0.0,611.09716796875,-116.6805419921875
15.652,136,1,0.0,0.0,611.09716796875,-116.6805419921875
15.652,136,1,0.0,0.0,611.09716796875,-116.6805419921875
15.667,136,1,0.0,0.0,611.09716796875,-116.6805419921875
15.691,136,1,0.0,0.0,611.09716796875,-116.6805419921875
15.692,136,1,0.0,0.0,611.09716796875,-116.6805419921875
15.692,136,1,0.0,0.0,611.09716796875,-116.6805419921875
15.731,136,1,0.0,0.0,611.09716796875,-116.6805419921875
15.732,136,1,0.0,0.0,611.09716796875,-116.6805419921875
15.732,136,1,0.0,0.0,611.09716796875,-116.6805419921875
15.766,136,1,0.0,0.0,611.09716796875,-116.6805419921875
15.811,136,1,0.0,0.0,611.09716796875,-116.6805419921875
15.811,136,1,0.0,0.0,611.09716796875,-116.6805419921875
15.811,136,1,0.0,0.0,611.09716796875,-116.6805419921875
15.852,136,1,0.0,0.0,611.09716796875,-116.6805419921875
15.852,136,1,0.0,0.0,611.09716796875,-116.6805419921875
15.852,136,1,0.0,0.0,611.09716796875,-116.6805419921875
15.892,136,1,0.0,0.0,611.09716796875,-116.6805419921875
15.892,136,1,0.0,0.0,611.09716796875,-116.6805419921875
15.892,136,1,0.0,0.0,611.09716796875,-116.6805419921875
15.916,136,1,0.0,0.0,611.09716796875,-116.6805419921875
15.931,136,1,0.0,0.0,611.09716796875,-116.6805419921875
15.932,136,1,0.0,0.0,611.09716796875,-116.6805419921875
15.932,136,1,0.0,0.0,611.09716796875,-116.6805419921875
15.967,136,1,0.0,0.0,611.09716796875,-116.6805419921875
16.011,136,1,0.0,0.0,611.09716796875,-116.6805419921875
16.011,136,1,0.0,0.0,611.09716796875,-116.6805419921875
16.011,136,1,0.0,0.0,611.09716796875,-116.6805419921875
16.051,136,1,0.0,0.0,611.09716796875,-116.6805419921875
16.052,136,1,0.0,0.0,611.09716796875,-116.6805419921875
16.052,136,1,0.0,0.0,611.09716796875,-116.6805419921875
16.069,136,1,0.0,0.0,611.09716796875,-116.6805419921875
16.091,136,1,0.0,0.0,611.09716796875,-116.6805419921875
16.091,136,1,0.0,0.0,611.09716796875,-116.6805419921875
16.092,136,1,0.0,0.0,611.09716796875,-116.6805419921875
16.116,136,1,0.0,0.0,611.09716796875,-116.6805419921875
16.132,136,1,0.0,0.0,611.09716796875,-116.6805419921875
16.132,136,1,0.0,0.0,611.09716796875,-116.6805419921875
16.132,136,1,0.0,0.0,611.09716796875,-116.6805419921875
16.167,136,1,0.0,0.0,611.09716796875,-116.6805419921875
16.211,136,1,0.0,0.0,611.09716796875,-116.6805419921875
16.212,136,1,0.0,0.0,611.09716796875,-116.6805419921875
16.212,136,1,0.0,0.0,611.09716796875,-116.6805419921875
16.252,136,1,0.0,0.0,611.09716796875,-116.6805419921875
16.252,136,1,0.0,0.0,611.09716796875,-116.6805419921875
16.252,136,1,0.0,0.0,611.09716796875,-116.6805419921875
16.292,136,1,0.0,0.0,611.09716796875,-116.6805419921875
16.292,136,1,0.0,0.0,611.09716796875,-116.6805419921875
16.292,136,1,0.0,0.0,611.09716796875,-116.6805419921875
16.331,136,1,0.0,0.0,611.09716796875,-116.6805419921875
16.331,136,1,0.0,0.0,611.09716796875,-116.6805419921875
16.332,136,1,0.0,0.0,611.09716796875,-116.6805419921875
16.368,136,1,0.0,0.0,611.09716796875,-116.6805419921875
16.411,136,1,0.0,0.0,611.09716796875,-116.6805419921875
16.411,136,1,0.0,0.0,611.09716796875,-116.6805419921875
16.412,136,1,0.0,0.0,611.09716796875,-116.6805419921875
16.451,136,1,0.0,0.0,611.09716796875,-116.6805419921875
16.451,136,1,0.0,0.0,611.09716796875,-116.6805419921875
16.452,136,1,0.0,0.0,611.09716796875,-116.6805419921875
16.468,136,1,0.0,0.0,611.09716796875,-116.6805419921875
16.491,136,1,0.0,0.0,611.09716796875,-116.6805419921875
16.492,136,1,0.0,0.0,611.09716796875,-116.6805419921875
16.493,136,1,0.0,0.0,611.09716796875,-116.6805419921875
16.531,136,1,0.0,0.0,611.09716796875,-116.6805419921875
16.532,136,1,0.0,0.0,611.09716796875,-116.6805419921875
16.532,136,1,0.0,0.0,611.09716796875,-116.6805419921875
16.582,136,1,0.0,0.0,611.09716796875,-116.6805419921875
16.612,136,1,0.0,0.0,611.09716796875,-116.6805419921875
16.612,136,1,0.0,0.0,611.09716796875,-116.6805419921875
16.612,136,1,0.0,0.0,611.09716796875,-116.6805419921875
16.651,136,1,0.0,0.0,611.09716796875,-116.6805419921875
16.651,136,1,0.0,0.0,611.09716796875,-116.6805419921875
16.651,136,1,0.0,0.0,611.09716796875,-116.6805419921875
16.667,136,1,0.0,0.0,611.09716796875,-116.6805419921875
16.692,136,1,0.0,0.0,611.09716796875,-116.6805419921875
16.692,136,1,0.0,0.0,611.09716796875,-116.6805419921875
16.692,136,1,0.0,0.0,611.09716796875,-116.6805419921875
16.718,136,1,0.0,0.0,611.09716796875,-116.6805419921875
16.731,136,1,0.0,0.0,611.09716796875,-116.6805419921875
16.731,136,1,0.0,0.0,611.09716796875,-116.6805419921875
16.731,136,1,0.0,0.0,611.09716796875,-116.6805419921875
16.782,136,1,0.0,0.0,611.09716796875,-116.6805419921875
16.811,136,1,0.0,0.0,611.09716796875,-116.6805419921875
16.811,136,1,0.0,0.0,611.09716796875,-116.6805419921875
16.811,136,1,0.0,0.0,611.09716796875,-116.6805419921875
16.851,136,1,0.0,0.0,611.09716796875,-116.6805419921875
16.852,136,1,0.0,0.0,611.09716796875,-116.6805419921875
16.852,136,1,0.0,0.0,611.09716796875,-116.6805419921875
16.866,136,1,0.0,0.0,611.09716796875,-116.6805419921875
16.891,136,1,0.0,0.0,611.09716796875,-116.6805419921875
16.891,136,1,0.0,0.0,611.09716796875,-116.6805419921875
16.892,136,1,0.0,0.0,611.09716796875,-116.6805419921875
16.917,136,1,0.0,0.0,611.09716796875,-116.6805419921875
16.931,136,1,0.0,0.0,611.09716796875,-116.6805419921875
16.932,136,1,0.0,0.0,611.09716796875,-116.6805419921875
16.932,136,1,0.0,0.0,611.09716796875,-116.6805419921875
16.966,136,1,0.0,0.0,611.09716796875,-116.6805419921875
17.011,136,1,0.0,0.0,611.09716796875,-116.6805419921875
17.011,136,1,0.0,0.0,611.09716796875,-116.6805419921875
17.012,136,1,0.0,0.0,611.09716796875,-116.6805419921875
17.051,136,1,0.0,0.0,611.09716796875,-116.6805419921875
17.052,136,1,0.0,0.0,611.09716796875,-116.6805419921875
17.052,136,1,0.0,0.0,611.09716796875,-116.6805419921875
17.092,136,1,0.0,0.0,611.09716796875,-116.6805419921875
17.092,136,1,0.0,0.0,611.09716796875,-116.6805419921875
17.093,136,1,0.0,0.0,611.09716796875,-116.6805419921875
17.132,136,1,0.0,0.0,611.09716796875,-116.6805419921875
17.132,136,1,0.0,0.0,611.09716796875,-116.6805419921875
17.132,136,1,0.0,0.0,611.09716796875,-116.6805419921875
17.182,136,1,0.0,0.0,611.09716796875,-116.6805419921875
17.212,136,1,0.0,0.0,611.09716796875,-116.6805419921875
17.212,136,1,0.0,0.0,611.09716796875,-116.6805419921875
17.212,136,1,0.0,0.0,611.09716796875,-116.6805419921875
17.251,136,1,0.0,0.0,611.09716796875,-116.6805419921875
17.252,136,1,0.0,0.0,611.09716796875,-116.6805419921875
17.252,136,1,0.0,0.0,611.09716796875,-116.6805419921875
17.291,136,1,0.0,0.0,611.09716796875,-116.6805419921875
17.291,136,1,0.0,0.0,611.09716796875,-116.6805419921875
17.291,136,1,0.0,0.0,611.09716796875,-116.6805419921875
17.321,136,1,0.0,0.0,611.09716796875,-116.6805419921875
17.333,136,1,0.0,0.0,611.09716796875,-116.6805419921875
17.333,136,1,0.0,0.0,611.09716796875,-116.6805419921875
17.333,136,1,0.0,0.0,611.09716796875,-116.6805419921875
17.383,136,1,0.0,0.0,611.09716796875,-116.6805419921875
17.412,136,1,0.0,0.0,611.09716796875,-116.6805419921875
17.412,136,1,0.0,0.0,611.09716796875,-116.6805419921875
17.412,136,1,0.0,0.0,611.09716796875,-116.6805419921875
17.451,136,1,0.0,0.0,611.09716796875,-116.6805419921875
17.451,136,1,0.0,0.0,611.09716796875,-116.6805419921875
17.451,136,1,0.0,0.0,611.09716796875,-116.6805419921875
17.491,136,1,0.0,0.0,611.09716796875,-116.6805419921875
17.492,136,1,0.0,0.0,611.09716796875,-116.6805419921875
17.492,136,1,0.0,0.0,611.09716796875,-116.6805419921875
17.531,136,1,0.0,0.0,611.09716796875,-116.6805419921875
17.531,136,1,0.0,0.0,611.09716796875,-116.6805419921875
17.534,136,1,0.0,0.0,611.09716796875,-116.6805419921875
17.567,136,1,0.0,0.0,611.09716796875,-116.6805419921875
17.611,136,1,0.0,0.0,611.09716796875,-116.6805419921875
17.612,136,1,0.0,0.0,611.09716796875,-116.6805419921875
17.612,136,1,0.0,0.0,611.09716796875,-116.6805419921875
17.651,136,1,0.0,0.0,611.09716796875,-116.6805419921875
17.651,136,1,0.0,0.0,611.09716796875,-116.6805419921875
17.651,136,1,0.0,0.0,611.09716796875,-116.6805419921875
17.692,136,1,0.0,0.0,611.09716796875,-116.6805419921875
17.692,136,1,0.0,0.0,611.09716796875,-116.6805419921875
17.692,136,1,0.0,0.0,611.09716796875,-116.6805419921875
17.717,136,1,0.0,0.0,611.09716796875,-116.6805419921875
17.732,136,1,0.0,0.0,611.09716796875,-116.6805419921875
17.732,136,1,0.0,0.0,611.09716796875,-116.6805419921875
17.732,136,1,0.0,0.0,611.09716796875,-116.6805419921875
17.77,136,1,0.0,0.0,611.09716796875,-116.6805419921875
17.811,136,1,0.0,0.0,611.09716796875,-116.6805419921875
17.811,136,1,0.0,0.0,611.09716796875,-116.6805419921875
17.811,136,1,0.0,0.0,611.09716796875,-116.6805419921875
17.851,136,1,0.0,0.0,611.09716796875,-116.6805419921875
17.852,136,1,0.0,0.0,611.09716796875,-116.6805419921875
17.852,136,1,0.0,0.0,611.09716796875,-116.6805419921875
17.868,136,1,0.0,0.0,611.09716796875,-116.6805419921875
17.891,136,1,0.0,0.0,611.09716796875,-116.6805419921875
17.891,136,1,0.0,0.0,611.09716796875,-116.6805419921875
17.892,136,1,0.0,0.0,611.09716796875,-116.6805419921875
17.931,136,1,0.0,0.0,611.09716796875,-116.6805419921875
17.931,136,1,0.0,0.0,611.09716796875,-116.6805419921875
17.932,136,1,0.0,0.0,611.09716796875,-116.6805419921875
17.969,136,1,0.0,0.0,611.09716796875,-116.6805419921875
18.011,136,1,0.0,0.0,611.09716796875,-116.6805419921875
18.012,136,1,0.0,0.0,611.09716796875,-116.6805419921875
18.012,136,1,0.0,0.0,611.09716796875,-116.6805419921875
18.051,136,1,0.0,0.0,611.09716796875,-116.6805419921875
18.051,136,1,0.0,0.0,611.09716796875,-116.6805419921875
18.051,136,1,0.0,0.0,611.09716796875,-116.6805419921875
18.068,136,1,0.0,0.0,611.09716796875,-116.6805419921875
18.091,136,1,0.0,0.0,611.09716796875,-116.6805419921875
18.092,136,1,0.0,0.0,611.09716796875,-116.6805419921875
18.094,136,1,0.0,0.0,611.09716796875,-116.6805419921875
18.12,136,1,0.0,0.0,611.09716796875,-116.6805419921875
18.131,136,1,0.0,0.0,611.09716796875,-116.6805419921875
18.131,136,1,0.0,0.0,611.09716796875,-116.6805419921875
18.131,136,1,0.0,0.0,611.09716796875,-116.6805419921875
18.17,136,1,0.0,0.0,611.09716796875,-116.6805419921875
18.211,136,1,0.0,0.0,611.09716796875,-116.6805419921875
18.212,136,1,0.0,0.0,611.09716796875,-116.6805419921875
18.212,136,1,0.0,0.0,611.09716796875,-116.6805419921875
18.253,136,1,0.0,0.0,611.09716796875,-116.6805419921875
18.253,136,1,0.0,0.0,611.09716796875,-116.6805419921875
18.254,136,1,0.0,0.0,611.09716796875,-116.6805419921875
18.292,136,1,0.0,0.0,611.09716796875,-116.6805419921875
18.292,136,1,0.0,0.0,611.09716796875,-116.6805419921875
18.293,136,1,0.0,0.0,611.09716796875,-116.6805419921875
18.32,136,1,0.0,0.0,611.09716796875,-116.6805419921875
18.331,136,1,0.0,0.0,611.09716796875,-116.6805419921875
18.331,136,1,0.0,0.0,611.09716796875,-116.6805419921875
18.332,136,1,0.0,0.0,611.09716796875,-116.6805419921875
18.382,136,1,0.0,0.0,611.09716796875,-116.6805419921875
18.412,136,1,0.0,0.0,611.09716796875,-116.6805419921875
18.412,136,1,0.0,0.0,611.09716796875,-116.6805419921875
18.412,136,1,0.0,0.0,611.09716796875,-116.6805419921875
18.451,136,1,0.0,0.0,611.09716796875,-116.6805419921875
18.452,136,1,0.0,0.0,611.09716796875,-116.6805419921875
18.452,136,1,0.0,0.0,611.09716796875,-116.6805419921875
18.467,136,1,0.0,0.0,611.09716796875,-116.6805419921875
18.492,136,1,0.0,0.0,611.09716796875,-116.6805419921875
18.492,136,1,0.0,0.0,611.09716796875,-116.6805419921875
18.492,136,1,0.0,0.0,611.09716796875,-116.6805419921875
18.532,136,1,0.0,0.0,611.09716796875,-116.6805419921875
18.532,136,1,0.0,0.0,611.09716796875,-116.6805419921875
18.532,136,1,0.0,0.0,611.09716796875,-116.6805419921875
18.583,136,1,0.0,0.0,611.09716796875,-116.6805419921875
18.611,136,1,0.0,0.0,611.09716796875,-116.6805419921875
18.611,136,1,0.0,0.0,611.09716796875,-116.6805419921875
18.612,136,1,0.0,0.0,611.09716796875,-116.6805419921875
18.652,136,1,0.0,0.0,611.09716796875,-116.6805419921875
18.652,136,1,0.0,0.0,611.09716796875,-116.6805419921875
18.652,136,1,0.0,0.0,611.09716796875,-116.6805419921875
18.667,136,1,0.0,0.0,611.09716796875,-116.6805419921875
18.692,136,1,0.0,0.0,611.09716796875,-116.6805419921875
18.693,136,1,0.0,0.0,611.09716796875,-116.6805419921875
18.693,136,1,0.0,0.0,611.09716796875,-116.6805419921875
18.72,136,1,0.0,0.0,611.09716796875,-116.6805419921875
18.732,136,1,0.0,0.0,611.09716796875,-116.6805419921875
18.732,136,1,0.0,0.0,611.09716796875,-116.6805419921875
18.732,136,1,0.0,0.0,611.09716796875,-116.6805419921875
18.782,136,1,0.0,0.0,611.09716796875,-116.6805419921875
18.811,136,1,0.0,0.0,611.09716796875,-116.6805419921875
18.812,136,1,0.0,0.0,611.09716796875,-116.6805419921875
18.812,136,1,0.0,0.0,611.09716796875,-116.6805419921875
18.851,136,1,0.0,0.0,611.09716796875,-116.6805419921875
18.852,136,1,0.0,0.0,611.09716796875,-116.6805419921875
18.852,136,1,0.0,0.0,611.09716796875,-116.6805419921875
18.867,136,1,0.0,0.0,611.09716796875,-116.6805419921875
18.892,136,1,0.0,0.0,611.09716796875,-116.6805419921875
18.892,136,1,0.0,0.0,611.09716796875,-116.6805419921875
18.892,136,1,0.0,0.0,611.09716796875,-116.6805419921875
18.917,136,1,0.0,0.0,611.09716796875,-116.6805419921875
18.932,136,1,0.0,0.0,611.09716796875,-116.6805419921875
18.932,136,1,0.0,0.0,611.09716796875,-116.6805419921875
18.933,136,1,0.0,0.0,611.09716796875,-116.6805419921875
18.968,136,1,0.0,0.0,611.09716796875,-116.6805419921875
19.011,136,1,0.0,0.0,611.09716796875,-116.6805419921875
19.012,136,1,0.0,0.0,611.09716796875,-116.6805419921875
19.012,136,1,0.0,0.0,611.09716796875,-116.6805419921875
19.051,136,1,0.0,0.0,611.09716796875,-116.6805419921875
19.051,136,1,0.0,0.0,611.09716796875,-116.6805419921875
19.051,136,1,0.0,0.0,611.09716796875,-116.6805419921875
19.091,136,1,0.0,0.0,611.09716796875,-116.6805419921875
19.091,136,1,0.0,0.0,611.09716796875,-116.6805419921875
19.091,136,1,0.0,0.0,611.09716796875,-116.6805419921875
19.131,136,1,0.0,0.0,611.09716796875,-116.6805419921875
19.131,136,1,0.0,0.0,611.09716796875,-116.6805419921875
19.132,136,1,0.0,0.0,611.09716796875,-116.6805419921875
19.182,136,1,0.0,0.0,611.09716796875,-116.6805419921875
19.211,136,1,0.0,0.0,611.09716796875,-116.6805419921875
19.211,136,1,0.0,0.0,611.09716796875,-116.6805419921875
19.211,136,1,0.0,0.0,611.09716796875,-116.6805419921875
19.251,136,1,0.0,0.0,611.09716796875,-116.6805419921875
19.252,136,1,0.0,0.0,611.09716796875,-116.6805419921875
19.252,136,1,0.0,0.0,611.09716796875,-116.6805419921875
19.291,136,1,0.0,0.0,611.09716796875,-116.6805419921875
19.292,136,1,0.0,0.0,611.09716796875,-116.6805419921875
19.292,136,1,0.0,0.0,611.09716796875,-116.6805419921875
19.316,136,1,0.0,0.0,611.09716796875,-116.6805419921875
19.331,136,1,0.0,0.0,611.09716796875,-116.6805419921875
19.331,136,1,0.0,0.0,611.09716796875,-116.6805419921875
19.332,136,1,0.0,0.0,611.09716796875,-116.6805419921875
19.382,136,1,0.0,0.0,611.09716796875,-116.6805419921875
19.411,136,1,0.0,0.0,611.09716796875,-116.6805419921875
19.412,136,1,0.0,0.0,611.09716796875,-116.6805419921875
19.412,136,1,0.0,0.0,611.09716796875,-116.6805419921875
19.452,136,1,0.0,0.0,611.09716796875,-116.6805419921875
19.452,136,1,0.0,0.0,611.09716796875,-116.6805419921875
19.452,136,1,0.0,0.0,611.09716796875,-116.6805419921875
19.465,136,1,0.0,0.0,611.09716796875,-116.6805419921875
19.492,136,1,0.0,0.0,611.09716796875,-116.6805419921875
19.492,136,1,0.0,0.0,611.09716796875,-116.6805419921875
19.493,136,1,0.0,0.0,611.09716796875,-116.6805419921875
19.532,136,1,0.0,0.0,611.09716796875,-116.6805419921875
19.532,136,1,0.0,0.0,611.09716796875,-116.6805419921875
19.532,136,1,0.0,0.0,611.09716796875,-116.6805419921875
19.568,136,1,0.0,0.0,611.09716796875,-116.6805419921875
19.611,136,1,0.0,0.0,611.09716796875,-116.6805419921875
19.611,136,1,0.0,0.0,611.09716796875,-116.6805419921875
19.612,136,1,0.0,0.0,611.09716796875,-116.6805419921875
19.651,136,1,0.0,0.0,611.09716796875,-116.6805419921875
19.651,136,1,0.0,0.0,611.09716796875,-116.6805419921875
19.652,136,1,0.0,0.0,611.09716796875,-116.6805419921875
19.691,136,1,0.0,0.0,611.09716796875,-116.6805419921875
19.691,136,1,0.0,0.0,611.09716796875,-116.6805419921875
19.692,136,1,0.0,0.0,611.09716796875,-116.6805419921875
19.716,136,1,0.0,0.0,611.09716796875,-116.6805419921875
19.731,136,1,0.0,0.0,611.09716796875,-116.6805419921875
19.732,136,1,0.0,0.0,611.09716796875,-116.6805419921875
19.733,136,1,0.0,0.0,611.09716796875,-116.6805419921875
19.783,136,1,0.0,0.0,611.09716796875,-116.6805419921875
19.811,136,1,0.0,0.0,611.09716796875,-116.6805419921875
19.812,136,1,0.0,0.0,611.09716796875,-116.6805419921875
19.812,136,1,0.0,0.0,611.09716796875,-116.6805419921875
19.851,136,1,0.0,0.0,611.09716796875,-116.6805419921875
19.851,136,1,0.0,0.0,611.09716796875,-116.6805419921875
19.851,136,1,0.0,0.0,611.09716796875,-116.6805419921875
19.87,136,1,0.0,0.0,611.09716796875,-116.6805419921875
19.891,136,1,0.0,0.0,611.09716796875,-116.6805419921875
19.891,136,1,0.0,0.0,611.09716796875,-116.6805419921875
19.892,136,1,0.0,0.0,611.09716796875,-116.6805419921875
19.931,136,1,0.0,0.0,611.09716796875,-116.6805419921875
19.931,136,1,0.0,0.0,611.09716796875,-116.6805419921875
19.931,136,1,0.0,0.0,611.09716796875,-116.6805419921875
19.965,136,1,0.0,0.0,611.09716796875,-116.6805419921875
20.012,136,1,0.0,0.0,611.09716796875,-116.6805419921875
20.012,136,1,0.0,0.0,611.09716796875,-116.6805419921875
20.012,136,1,0.0,0.0,611.09716796875,-116.6805419921875
20.052,136,1,0.0,0.0,611.09716796875,-116.6805419921875
20.053,136,1,0.0,0.0,611.09716796875,-116.6805419921875
20.053,136,1,0.0,0.0,611.09716796875,-116.6805419921875
20.066,136,1,0.0,0.0,611.09716796875,-116.6805419921875
20.091,136,1,0.0,0.0,611.09716796875,-116.6805419921875
20.091,136,1,0.0,0.0,611.09716796875,-116.6805419921875
20.091,136,1,0.0,0.0,611.09716796875,-116.6805419921875
20.131,136,1,0.0,0.0,611.09716796875,-116.6805419921875
20.132,136,1,0.0,0.0,611.09716796875,-116.6805419921875
20.132,136,1,0.0,0.0,611.09716796875,-116.6805419921875
20.167,136,1,0.0,0.0,611.09716796875,-116.6805419921875
20.211,136,1,0.0,0.0,611.09716796875,-116.6805419921875
20.211,136,1,0.0,0.0,611.09716796875,-116.6805419921875
20.212,136,1,0.0,0.0,611.09716796875,-116.6805419921875
20.251,136,1,0.0,0.0,611.09716796875,-116.6805419921875
20.252,136,1,0.0,0.0,611.09716796875,-116.6805419921875
20.252,136,1,0.0,0.0,611.09716796875,-116.6805419921875
20.291,136,1,0.0,0.0,611.09716796875,-116.6805419921875
20.292,136,1,0.0,0.0,611.09716796875,-116.6805419921875
20.292,136,1,0.0,0.0,611.09716796875,-116.6805419921875
20.331,136,1,0.0,0.0,611.09716796875,-116.6805419921875
20.331,136,1,0.0,0.0,611.09716796875,-116.6805419921875
20.331,136,1,0.0,0.0,611.09716796875,-116.6805419921875
20.369,136,1,0.0,0.0,611.09716796875,-116.6805419921875
20.412,136,1,0.0,0.0,611.09716796875,-116.6805419921875
20.412,136,1,0.0,0.0,611.09716796875,-116.6805419921875
20.412,136,1,0.0,0.0,611.09716796875,-116.6805419921875
20.451,136,1,0.0,0.0,611.09716796875,-116.6805419921875
20.451,136,1,0.0,0.0,611.09716796875,-116.6805419921875
20.452,136,1,0.0,0.0,611.09716796875,-116.6805419921875
20.468,136,1,0.0,0.0,611.09716796875,-116.6805419921875
20.491,136,1,0.0,0.0,611.09716796875,-116.6805419921875
20.491,136,1,0.0,0.0,611.09716796875,-116.6805419921875
20.491,136,1,0.0,0.0,611.09716796875,-116.6805419921875
20.531,136,1,0.0,0.0,611.09716796875,-116.6805419921875
20.531,136,1,0.0,0.0,611.09716796875,-116.6805419921875
20.532,136,1,0.0,0.0,611.09716796875,-116.6805419921875
20.566,136,1,0.0,0.0,611.09716796875,-116.6805419921875
20.612,136,1,0.0,0.0,611.09716796875,-116.6805419921875
20.612,136,1,0.0,0.0,611.09716796875,-116.6805419921875
20.612,136,1,0.0,0.0,611.09716796875,-116.6805419921875
20.652,136,1,0.0,0.0,611.09716796875,-116.6805419921875
20.652,136,1,0.0,0.0,611.09716796875,-116.6805419921875
20.655,136,1,0.0,0.0,611.09716796875,-116.6805419921875
20.668,136,1,0.0,0.0,611.09716796875,-116.6805419921875
20.691,136,1,0.0,0.0,611.09716796875,-116.6805419921875
20.692,136,1,0.0,0.0,611.09716796875,-116.6805419921875
20.692,136,1,0.0,0.0,611.09716796875,-116.6805419921875
20.731,136,1,0.0,0.0,611.09716796875,-116.6805419921875
20.731,136,1,0.0,0.0,611.09716796875,-116.6805419921875
20.732,136,1,0.0,0.0,611.09716796875,-116.6805419921875
20.767,136,1,0.0,0.0,611.09716796875,-116.6805419921875
20.811,136,1,0.0,0.0,611.09716796875,-116.6805419921875
20.811,136,1,0.0,0.0,611.09716796875,-116.6805419921875
20.811,136,1,0.0,0.0,611.09716796875,-116.6805419921875
20.851,136,1,0.0,0.0,611.09716796875,-116.6805419921875
20.851,136,1,0.0,0.0,611.09716796875,-116.6805419921875
20.851,136,1,0.0,0.0,611.09716796875,-116.6805419921875
20.891,136,1,0.0,0.0,611.09716796875,-116.6805419921875
20.892,136,1,0.0,0.0,611.09716796875,-116.6805419921875
20.892,136,1,0.0,0.0,611.09716796875,-116.6805419921875
20.932,136,1,0.0,0.0,611.09716796875,-116.6805419921875
20.932,136,1,0.0,0.0,611.09716796875,-116.6805419921875
20.932,136,1,0.0,0.0,611.09716796875,-116.6805419921875
20.982,136,1,0.0,0.0,611.09716796875,-116.6805419921875
21.011,136,1,0.0,0.0,611.09716796875,-116.6805419921875
21.011,136,1,0.0,0.0,611.09716796875,-116.6805419921875
21.011,136,1,0.0,0.0,611.09716796875,-116.6805419921875
21.052,136,1,0.0,0.0,611.09716796875,-116.6805419921875
21.052,136,1,0.0,0.0,611.09716796875,-116.6805419921875
21.052,136,1,0.0,0.0,611.09716796875,-116.6805419921875
21.092,136,1,0.0,0.0,611.09716796875,-116.6805419921875
21.092,136,1,0.0,0.0,611.09716796875,-116.6805419921875
21.092,136,1,0.0,0.0,611.09716796875,-116.6805419921875
21.117,136,1,0.0,0.0,611.09716796875,-116.6805419921875
21.131,136,1,0.0,0.0,611.09716796875,-116.6805419921875
21.131,136,1,0.0,0.0,611.09716796875,-116.6805419921875
21.131,136,1,0.0,0.0,611.09716796875,-116.6805419921875
21.166,136,1,0.0,0.0,611.09716796875,-116.6805419921875
21.211,136,1,0.0,0.0,611.09716796875,-116.6805419921875
21.211,136,1,0.0,0.0,611.09716796875,-116.6805419921875
21.212,136,1,0.0,0.0,611.09716796875,-116.6805419921875
21.252,136,1,0.0,0.0,611.09716796875,-116.6805419921875
21.252,136,1,0.0,0.0,611.09716796875,-116.6805419921875
21.253,136,1,0.0,0.0,611.09716796875,-116.6805419921875
21.291,136,1,0.0,0.0,611.09716796875,-116.6805419921875
21.291,136,1,0.0,0.0,611.09716796875,-116.6805419921875
21.293,136,1,0.0,0.0,611.09716796875,-116.6805419921875
21.331,136,1,0.0,0.0,611.09716796875,-116.6805419921875
21.331,136,1,0.0,0.0,611.09716796875,-116.6805419921875
21.332,136,1,0.0,0.0,611.09716796875,-116.6805419921875
21.382,136,1,0.0,0.0,611.09716796875,-116.6805419921875
21.411,136,1,0.0,0.0,611.09716796875,-116.6805419921875
21.412,136,1,0.0,0.0,611.09716796875,-116.6805419921875
21.412,136,1,0.0,0.0,611.09716796875,-116.6805419921875
21.452,136,1,0.0,0.0,611.09716796875,-116.6805419921875
21.452,136,1,0.0,0.0,611.09716796875,-116.6805419921875
21.452,136,1,0.0,0.0,611.09716796875,-116.6805419921875
21.469,136,1,0.0,0.0,611.09716796875,-116.6805419921875
21.491,136,1,0.0,0.0,611.09716796875,-116.6805419921875
21.491,136,1,0.0,0.0,611.09716796875,-116.6805419921875
21.491,136,1,0.0,0.0,611.09716796875,-116.6805419921875
21.531,136,1,0.0,0.0,611.09716796875,-116.6805419921875
21.531,136,1,0.0,0.0,611.09716796875,-116.6805419921875
21.531,136,1,0.0,0.0,611.09716796875,-116.6805419921875
21.582,136,1,0.0,0.0,611.09716796875,-116.6805419921875
21.611,136,1,0.0,0.0,611.09716796875,-116.6805419921875
21.611,136,1,0.0,0.0,611.09716796875,-116.6805419921875
21.611,136,1,0.0,0.0,611.09716796875,-116.6805419921875
21.652,136,1,0.0,0.0,611.09716796875,-116.6805419921875
21.652,136,1,0.0,0.0,611.09716796875,-116.6805419921875
21.653,136,1,0.0,0.0,611.09716796875,-116.6805419921875
21.692,136,1,0.0,0.0,611.09716796875,-116.6805419921875
21.692,136,1,0.0,0.0,611.09716796875,-116.6805419921875
21.692,136,1,0.0,0.0,611.09716796875,-116.6805419921875
21.718,136,1,0.0,0.0,611.09716796875,-116.6805419921875
21.731,136,1,0.0,0.0,611.09716796875,-116.6805419921875
21.731,136,1,0.0,0.0,611.09716796875,-116.6805419921875
21.731,136,1,0.0,0.0,611.09716796875,-116.6805419921875
21.766,136,1,0.0,0.0,611.09716796875,-116.6805419921875
21.811,136,1,0.0,0.0,611.09716796875,-116.6805419921875
21.811,136,1,0.0,0.0,611.09716796875,-116.6805419921875
21.812,136,1,0.0,0.0,611.09716796875,-116.6805419921875
21.852,136,1,0.0,0.0,611.09716796875,-116.6805419921875
21.852,136,1,0.0,0.0,611.09716796875,-116.6805419921875
21.852,136,1,0.0,0.0,611.09716796875,-116.6805419921875
21.867,136,1,0.0,0.0,611.09716796875,-116.6805419921875
21.891,136,1,0.0,0.0,611.09716796875,-116.6805419921875
21.891,136,1,0.0,0.0,611.09716796875,-116.6805419921875
21.891,136,1,0.0,0.0,611.09716796875,-116.6805419921875
21.916,136,1,0.0,0.0,611.09716796875,-116.6805419921875
21.931,136,1,0.0,0.0,611.09716796875,-116.6805419921875
21.931,136,1,0.0,0.0,611.09716796875,-116.6805419921875
21.931,136,1,0.0,0.0,611.09716796875,-116.6805419921875
21.97,136,1,0.0,0.0,611.09716796875,-116.6805419921875
22.011,136,1,0.0,0.0,611.09716796875,-116.6805419921875
22.011,136,1,0.0,0.0,611.09716796875,-116.6805419921875
22.011,136,1,0.0,0.0,611.09716796875,-116.6805419921875
22.053,136,1,0.0,0.0,611.09716796875,-116.6805419921875
22.053,136,1,0.0,0.0,611.09716796875,-116.6805419921875
22.053,136,1,0.0,0.0,611.09716796875,-116.6805419921875
22.091,136,1,0.0,0.0,611.09716796875,-116.6805419921875
22.092,136,1,0.0,0.0,611.09716796875,-116.6805419921875
22.092,136,1,0.0,0.0,611.09716796875,-116.6805419921875
22.132,136,1,0.0,0.0,611.09716796875,-116.6805419921875
22.132,136,1,0.0,0.0,611.09716796875,-116.6805419921875
22.132,136,1,0.0,0.0,611.09716796875,-116.6805419921875
22.182,136,1,0.0,0.0,611.09716796875,-116.6805419921875
22.211,136,1,0.0,0.0,611.09716796875,-116.6805419921875
22.211,136,1,0.0,0.0,611.09716796875,-116.6805419921875
22.211,136,1,0.0,0.0,611.09716796875,-116.6805419921875
22.252,136,1,0.0,0.0,611.09716796875,-116.6805419921875
22.252,136,1,0.0,0.0,611.09716796875,-116.6805419921875
22.252,136,1,0.0,0.0,611.09716796875,-116.6805419921875
22.268,136,1,0.0,0.0,611.09716796875,-116.6805419921875
22.291,136,1,0.0,0.0,611.09716796875,-116.6805419921875
22.291,136,1,0.0,0.0,611.09716796875,-116.6805419921875
22.292,136,1,0.0,0.0,611.09716796875,-116.6805419921875
22.318,136,1,0.0,0.0,611.09716796875,-116.6805419921875
22.332,136,1,0.0,0.0,611.09716796875,-116.6805419921875
22.332,136,1,0.0,0.0,611.09716796875,-116.6805419921875
22.333,136,1,0.0,0.0,611.09716796875,-116.6805419921875
22.366,136,1,0.0,0.0,611.09716796875,-116.6805419921875
22.412,136,1,0.0,0.0,611.09716796875,-116.6805419921875
22.412,136,1,0.0,0.0,611.09716796875,-116.6805419921875
22.412,136,1,0.0,0.0,611.09716796875,-116.6805419921875
22.451,136,1,0.0,0.0,611.09716796875,-116.6805419921875
22.451,136,1,0.0,0.0,611.09716796875,-116.6805419921875
22.452,136,1,0.0,0.0,611.09716796875,-116.6805419921875
22.469,136,1,0.0,0.0,611.09716796875,-116.6805419921875
22.491,136,1,0.0,0.0,611.09716796875,-116.6805419921875
22.492,136,1,0.0,0.0,611.09716796875,-116.6805419921875
22.492,136,1,0.0,0.0,611.09716796875,-116.6805419921875
22.516,136,1,0.0,0.0,611.09716796875,-116.6805419921875
22.531,136,1,0.0,0.0,611.09716796875,-116.6805419921875
22.531,136,1,0.0,0.0,611.09716796875,-116.6805419921875
22.532,136,1,0.0,0.0,611.09716796875,-116.6805419921875
22.582,136,1,0.0,0.0,611.09716796875,-116.6805419921875
22.611,136,1,0.0,0.0,611.09716796875,-116.6805419921875
22.611,136,1,0.0,0.0,611.09716796875,-116.6805419921875
22.612,136,1,0.0,0.0,611.09716796875,-116.6805419921875
22.651,136,1,0.0,0.0,611.09716796875,-116.6805419921875
22.651,136,1,0.0,0.0,611.09716796875,-116.6805419921875
22.651,136,1,0.0,0.0,611.09716796875,-116.6805419921875
22.691,136,1,0.0,0.0,611.09716796875,-116.6805419921875
22.691,136,1,0.0,0.0,611.09716796875,-116.6805419921875
22.692,136,1,0.0,0.0,611.09716796875,-116.6805419921875
22.735,136,1,0.0,0.0,611.09716796875,-116.6805419921875
22.735,136,1,0.0,0.0,611.09716796875,-116.6805419921875
22.736,136,1,0.0,0.0,611.09716796875,-116.6805419921875
22.786,136,1,0.0,0.0,611.09716796875,-116.6805419921875
22.811,136,1,0.0,0.0,611.09716796875,-116.6805419921875
22.811,136,1,0.0,0.0,611.09716796875,-116.6805419921875
22.811,136,1,0.0,0.0,611.09716796875,-116.6805419921875
22.852,136,1,0.0,0.0,611.09716796875,-116.6805419921875
22.852,136,1,0.0,0.0,611.09716796875,-116.6805419921875
22.853,136,1,0.0,0.0,611.09716796875,-116.6805419921875
22.866,136,1,0.0,0.0,611.09716796875,-116.6805419921875
22.892,136,1,0.0,0.0,611.09716796875,-116.6805419921875
22.892,136,1,0.0,0.0,611.09716796875,-116.6805419921875
22.892,136,1,0.0,0.0,611.09716796875,-116.6805419921875
22.915,136,1,0.0,0.0,611.09716796875,-116.6805419921875
22.931,136,1,0.0,0.0,611.09716796875,-116.6805419921875
22.931,136,1,0.0,0.0,611.09716796875,-116.6805419921875
22.932,136,1,0.0,0.0,611.09716796875,-116.6805419921875
22.971,136,1,0.0,0.0,611.09716796875,-116.6805419921875
23.011,136,1,0.0,0.0,611.09716796875,-116.6805419921875
23.011,136,1,0.0,0.0,611.09716796875,-116.6805419921875
23.014,136,1,0.0,0.0,611.09716796875,-116.6805419921875
23.051,136,1,0.0,0.0,611.09716796875,-116.6805419921875
23.051,136,1,0.0,0.0,611.09716796875,-116.6805419921875
23.052,136,1,0.0,0.0,611.09716796875,-116.6805419921875
23.07,136,1,0.0,0.0,611.09716796875,-116.6805419921875
23.092,136,1,0.0,0.0,611.09716796875,-116.6805419921875
23.092,136,1,0.0,0.0,611.09716796875,-116.6805419921875
23.093,136,1,0.0,0.0,611.09716796875,-116.6805419921875
23.12,136,1,0.0,0.0,611.09716796875,-116.6805419921875
23.131,136,1,0.0,0.0,611.09716796875,-116.6805419921875
23.131,136,1,0.0,0.0,611.09716796875,-116.6805419921875
23.131,136,1,0.0,0.0,611.09716796875,-116.6805419921875
23.166,136,1,0.0,0.0,611.09716796875,-116.6805419921875
23.211,136,1,0.0,0.0,611.09716796875,-116.6805419921875
23.212,136,1,0.0,0.0,611.09716796875,-116.6805419921875
23.212,136,1,0.0,0.0,611.09716796875,-116.6805419921875
23.252,136,1,0.0,0.0,611.09716796875,-116.6805419921875
23.252,136,1,0.0,0.0,611.09716796875,-116.6805419921875
23.253,136,1,0.0,0.0,611.09716796875,-116.6805419921875
23.267,136,1,0.0,0.0,611.09716796875,-116.6805419921875
23.291,136,1,0.0,0.0,611.09716796875,-116.6805419921875
23.291,136,1,0.0,0.0,611.09716796875,-116.6805419921875
23.291,136,1,0.0,0.0,611.09716796875,-116.6805419921875
23.333,136,1,0.0,0.0,611.09716796875,-116.6805419921875
23.333,136,1,0.0,0.0,611.09716796875,-116.6805419921875
23.336,136,1,0.0,0.0,611.09716796875,-116.6805419921875
23.367,136,1,0.0,0.0,611.09716796875,-116.6805419921875
23.411,136,1,0.0,0.0,611.09716796875,-116.6805419921875
23.412,136,1,0.0,0.0,611.09716796875,-116.6805419921875
23.412,136,1,0.0,0.0,611.09716796875,-116.6805419921875
23.451,136,1,0.0,0.0,611.09716796875,-116.6805419921875
23.451,136,1,0.0,0.0,611.09716796875,-116.6805419921875
23.452,136,1,0.0,0.0,611.09716796875,-116.6805419921875
23.47,136,1,0.0,0.0,611.09716796875,-116.6805419921875
23.491,136,1,0.0,0.0,611.09716796875,-116.6805419921875
23.491,136,1,0.0,0.0,611.09716796875,-116.6805419921875
23.492,136,1,0.0,0.0,611.09716796875,-116.6805419921875
23.518,136,1,0.0,0.0,611.09716796875,-116.6805419921875
23.531,136,1,0.0,0.0,611.09716796875,-116.6805419921875
23.531,136,1,0.0,0.0,611.09716796875,-116.6805419921875
23.532,136,1,0.0,0.0,611.09716796875,-116.6805419921875
23.582,136,1,0.0,0.0,611.09716796875,-116.6805419921875
23.612,136,1,0.0,0.0,611.09716796875,-116.6805419921875
23.612,136,1,0.0,0.0,611.09716796875,-116.6805419921875
23.612,136,1,0.0,0.0,611.09716796875,-116.6805419921875
23.652,136,1,0.0,0.0,611.09716796875,-116.6805419921875
23.653,136,1,0.0,0.0,611.09716796875,-116.6805419921875
23.654,136,1,0.0,0.0,611.09716796875,-116.6805419921875
23.669,136,1,0.0,0.0,611.09716796875,-116.6805419921875
23.691,136,1,0.0,0.0,611.09716796875,-116.6805419921875
23.691,136,1,0.0,0.0,611.09716796875,-116.6805419921875
23.691,136,1,0.0,0.0,611.09716796875,-116.6805419921875
23.731,136,1,0.0,0.0,611.09716796875,-116.6805419921875
23.731,136,1,0.0,0.0,611.09716796875,-116.6805419921875
23.731,136,1,0.0,0.0,611.09716796875,-116.6805419921875
23.782,136,1,0.0,0.0,611.09716796875,-116.6805419921875
23.812,136,1,0.0,0.0,611.09716796875,-116.6805419921875
23.812,136,1,0.0,0.0,611.09716796875,-116.6805419921875
23.812,136,1,0.0,0.0,611.09716796875,-116.6805419921875
23.851,136,1,0.0,0.0,611.09716796875,-116.6805419921875
23.852,136,1,0.0,0.0,611.09716796875,-116.6805419921875
23.857,136,1,0.0,0.0,611.09716796875,-116.6805419921875
23.867,136,1,0.0,0.0,611.09716796875,-116.6805419921875
23.891,136,1,0.0,0.0,611.09716796875,-116.6805419921875
23.891,136,1,0.0,0.0,611.09716796875,-116.6805419921875
23.892,136,1,0.0,0.0,611.09716796875,-116.6805419921875
23.916,136,1,0.0,0.0,611.09716796875,-116.6805419921875
23.931,136,1,0.0,0.0,611.09716796875,-116.6805419921875
23.932,136,1,0.0,0.0,611.09716796875,-116.6805419921875
23.932,136,1,0.0,0.0,611.09716796875,-116.6805419921875
23.967,136,1,0.0,0.0,611.09716796875,-116.6805419921875
24.012,136,1,0.0,0.0,611.09716796875,-116.6805419921875
24.012,136,1,0.0,0.0,611.09716796875,-116.6805419921875
24.013,136,1,0.0,0.0,611.09716796875,-116.6805419921875
24.052,136,1,0.0,0.0,611.09716796875,-116.6805419921875
24.052,136,1,0.0,0.0,611.09716796875,-116.6805419921875
24.052,136,1,0.0,0.0,611.09716796875,-116.6805419921875
24.068,136,1,0.0,0.0,611.09716796875,-116.6805419921875
24.091,136,1,0.0,0.0,611.09716796875,-116.6805419921875
24.092,136,1,0.0,0.0,611.09716796875,-116.6805419921875
24.092,136,1,0.0,0.0,611.09716796875,-116.6805419921875
24.119,136,1,0.0,0.0,611.09716796875,-116.6805419921875
24.132,136,1,0.0,0.0,611.09716796875,-116.6805419921875
24.133,136,1,0.0,0.0,611.09716796875,-116.6805419921875
24.133,136,1,0.0,0.0,611.09716796875,-116.6805419921875
24.167,136,1,0.0,0.0,611.09716796875,-116.6805419921875
24.211,136,1,0.0,0.0,611.09716796875,-116.6805419921875
24.212,136,1,0.0,0.0,611.09716796875,-116.6805419921875
24.212,136,1,0.0,0.0,611.09716796875,-116.6805419921875
24.252,136,1,0.0,0.0,611.09716796875,-116.6805419921875
24.252,136,1,0.0,0.0,611.09716796875,-116.6805419921875
24.252,136,1,0.0,0.0,611.09716796875,-116.6805419921875
24.291,136,1,0.0,0.0,611.09716796875,-116.6805419921875
24.291,136,1,0.0,0.0,611.09716796875,-116.6805419921875
24.291,136,1,0.0,0.0,611.09716796875,-116.6805419921875
24.331,136,1,0.0,0.0,611.09716796875,-116.6805419921875
24.331,136,1,0.0,0.0,611.09716796875,-116.6805419921875
24.332,136,1,0.0,0.0,611.09716796875,-116.6805419921875
24.382,136,1,0.0,0.0,611.09716796875,-116.6805419921875
24.411,136,1,0.0,0.0,611.09716796875,-116.6805419921875
24.411,136,1,0.0,0.0,611.09716796875,-116.6805419921875
24.411,136,1,0.0,0.0,611.09716796875,-116.6805419921875
24.452,136,1,0.0,0.0,611.09716796875,-116.6805419921875
24.452,136,1,0.0,0.0,611.09716796875,-116.6805419921875
24.453,136,1,0.0,0.0,611.09716796875,-116.6805419921875
24.468,136,1,0.0,0.0,611.09716796875,-116.6805419921875
24.492,136,1,0.0,0.0,611.09716796875,-116.6805419921875
24.492,136,1,0.0,0.0,611.09716796875,-116.6805419921875
24.493,136,1,0.0,0.0,611.09716796875,-116.6805419921875
24.531,136,1,0.0,0.0,611.09716796875,-116.6805419921875
24.531,136,1,0.0,0.0,611.09716796875,-116.6805419921875
24.531,136,1,0.0,0.0,611.09716796875,-116.6805419921875
24.568,136,1,0.0,0.0,611.09716796875,-116.6805419921875
24.611,136,1,0.0,0.0,611.09716796875,-116.6805419921875
24.611,136,1,0.0,0.0,611.09716796875,-116.6805419921875
24.612,136,1,0.0,0.0,611.09716796875,-116.6805419921875
24.651,136,1,0.0,0.0,611.09716796875,-116.6805419921875
24.651,136,1,0.0,0.0,611.09716796875,-116.6805419921875
24.651,136,1,0.0,0.0,611.09716796875,-116.6805419921875
24.691,136,1,0.0,0.0,611.09716796875,-116.6805419921875
24.691,136,1,0.0,0.0,611.09716796875,-116.6805419921875
24.692,136,1,0.0,0.0,611.09716796875,-116.6805419921875
24.732,136,1,0.0,0.0,611.09716796875,-116.6805419921875
24.732,136,1,0.0,0.0,611.09716796875,-116.6805419921875
24.732,136,1,0.0,0.0,611.09716796875,-116.6805419921875
24.768,136,1,0.0,0.0,611.09716796875,-116.6805419921875
24.811,136,1,0.0,0.0,611.09716796875,-116.6805419921875
24.811,136,1,0.0,0.0,611.09716796875,-116.6805419921875
24.812,136,1,0.0,0.0,611.09716796875,-116.6805419921875
24.851,136,1,0.0,0.0,611.09716796875,-116.6805419921875
24.851,136,1,0.0,0.0,611.09716796875,-116.6805419921875
24.851,136,1,0.0,0.0,611.09716796875,-116.6805419921875
24.869,136,1,0.0,0.0,611.09716796875,-116.6805419921875
24.892,136,1,0.0,0.0,611.09716796875,-116.6805419921875
24.892,136,1,0.0,0.0,611.09716796875,-116.6805419921875
24.892,136,1,0.0,0.0,611.09716796875,-116.6805419921875
24.932,136,1,0.0,0.0,611.09716796875,-116.6805419921875
24.932,136,1,0.0,0.0,611.09716796875,-116.6805419921875
24.932,136,1,0.0,0.0,611.09716796875,-116.6805419921875
24.982,136,1,0.0,0.0,611.09716796875,-116.6805419921875
25.011,136,1,0.0,0.0,611.09716796875,-116.6805419921875
25.011,136,1,0.0,0.0,611.09716796875,-116.6805419921875
25.012,136,1,0.0,0.0,611.09716796875,-116.6805419921875
25.051,136,1,0.0,0.0,611.09716796875,-116.6805419921875
25.052,136,1,0.0,0.0,611.09716796875,-116.6805419921875
25.052,136,1,0.0,0.0,611.09716796875,-116.6805419921875
25.067,136,1,0.0,0.0,611.09716796875,-116.6805419921875
25.09,136,1,0.0,0.0,611.09716796875,-116.6805419921875
25.091,136,1,0.0,0.0,611.09716796875,-116.6805419921875
25.091,136,1,0.0,0.0,611.09716796875,-116.6805419921875
25.117,136,1,0.0,0.0,611.09716796875,-116.6805419921875
25.131,136,1,0.0,0.0,611.09716796875,-116.6805419921875
25.131,136,1,0.0,0.0,611.09716796875,-116.6805419921875
25.131,136,1,0.0,0.0,611.09716796875,-116.6805419921875
25.168,136,1,0.0,0.0,611.09716796875,-116.6805419921875
25.211,136,1,0.0,0.0,611.09716796875,-116.6805419921875
25.212,136,1,0.0,0.0,611.09716796875,-116.6805419921875
25.212,136,1,0.0,0.0,611.09716796875,-116.6805419921875
25.251,136,1,0.0,0.0,611.09716796875,-116.6805419921875
25.252,136,1,0.0,0.0,611.09716796875,-116.6805419921875
25.252,136,1,0.0,0.0,611.09716796875,-116.6805419921875
25.266,136,1,0.0,0.0,611.09716796875,-116.6805419921875
25.294,136,1,0.0,0.0,611.09716796875,-116.6805419921875
25.294,136,1,0.0,0.0,611.09716796875,-116.6805419921875
25.294,136,1,0.0,0.0,611.09716796875,-116.6805419921875
25.331,136,1,0.0,0.0,611.09716796875,-116.6805419921875
25.332,136,1,0.0,0.0,611.09716796875,-116.6805419921875
25.332,136,1,0.0,0.0,611.09716796875,-116.6805419921875
25.37,136,1,0.0,0.0,611.09716796875,-116.6805419921875
25.411,136,1,0.0,0.0,611.09716796875,-116.6805419921875
25.411,136,1,0.0,0.0,611.09716796875,-116.6805419921875
25.411,136,1,0.0,0.0,611.09716796875,-116.6805419921875
25.451,136,1,0.0,0.0,611.09716796875,-116.6805419921875
25.451,136,1,0.0,0.0,611.09716796875,-116.6805419921875
25.451,136,1,0.0,0.0,611.09716796875,-116.6805419921875
25.467,136,1,0.0,0.0,611.09716796875,-116.6805419921875
25.492,136,1,0.0,0.0,611.09716796875,-116.6805419921875
25.493,136,1,0.0,0.0,611.09716796875,-116.6805419921875
25.493,136,1,0.0,0.0,611.09716796875,-116.6805419921875
25.518,136,1,0.0,0.0,611.09716796875,-116.6805419921875
25.532,136,1,0.0,0.0,611.09716796875,-116.6805419921875
25.532,136,1,0.0,0.0,611.09716796875,-116.6805419921875
25.532,136,1,0.0,0.0,611.09716796875,-116.6805419921875
25.573,136,1,0.0,0.0,611.09716796875,-116.6805419921875
25.612,136,1,0.0,0.0,611.09716796875,-116.6805419921875
25.612,136,1,0.0,0.0,611.09716796875,-116.6805419921875
25.612,136,1,0.0,0.0,611.09716796875,-116.6805419921875
25.651,136,1,0.0,0.0,611.09716796875,-116.6805419921875
25.651,136,1,0.0,0.0,611.09716796875,-116.6805419921875
25.652,136,1,0.0,0.0,611.09716796875,-116.6805419921875
25.667,136,1,0.0,0.0,611.09716796875,-116.6805419921875
25.692,136,1,0.0,0.0,611.09716796875,-116.6805419921875
25.695,136,1,0.0,0.0,611.09716796875,-116.6805419921875
25.695,136,1,0.0,0.0,611.09716796875,-116.6805419921875
25.732,136,1,0.0,0.0,611.09716796875,-116.6805419921875
25.732,136,1,0.0,0.0,611.09716796875,-116.6805419921875
25.732,136,1,0.0,0.0,611.09716796875,-116.6805419921875
25.771,136,1,0.0,0.0,611.09716796875,-116.6805419921875
25.811,136,1,0.0,0.0,611.09716796875,-116.6805419921875
25.811,136,1,0.0,0.0,611.09716796875,-116.6805419921875
25.811,136,1,0.0,0.0,611.09716796875,-116.6805419921875
25.851,136,1,0.0,0.0,611.09716796875,-116.6805419921875
25.852,136,1,0.0,0.0,611.09716796875,-116.6805419921875
25.852,136,1,0.0,0.0,611.09716796875,-116.6805419921875
25.868,136,1,0.0,0.0,611.09716796875,-116.6805419921875
25.891,136,1,0.0,0.0,611.09716796875,-116.6805419921875
25.891,136,1,0.0,0.0,611.09716796875,-116.6805419921875
25.891,136,1,0.0,0.0,611.09716796875,-116.6805419921875
25.917,136,1,0.0,0.0,611.09716796875,-116.6805419921875
25.931,136,1,0.0,0.0,611.09716796875,-116.6805419921875
25.931,136,1,0.0,0.0,611.09716796875,-116.6805419921875
25.932,136,1,0.0,0.0,611.09716796875,-116.6805419921875
25.982,136,1,0.0,0.0,611.09716796875,-116.6805419921875
26.011,136,1,0.0,0.0,611.09716796875,-116.6805419921875
26.011,136,1,0.0,0.0,611.09716796875,-116.6805419921875
26.011,136,1,0.0,0.0,611.09716796875,-116.6805419921875
26.051,136,1,0.0,0.0,611.09716796875,-116.6805419921875
26.052,136,1,0.0,0.0,611.09716796875,-116.6805419921875
26.052,136,1,0.0,0.0,611.09716796875,-116.6805419921875
26.071,136,1,0.0,0.0,611.09716796875,-116.6805419921875
26.092,136,1,0.0,0.0,611.09716796875,-116.6805419921875
26.092,136,1,0.0,0.0,611.09716796875,-116.6805419921875
26.092,136,1,0.0,0.0,611.09716796875,-116.6805419921875
26.131,136,1,0.0,0.0,611.09716796875,-116.6805419921875
26.132,136,1,0.0,0.0,611.09716796875,-116.6805419921875
26.132,136,1,0.0,0.0,611.09716796875,-116.6805419921875
26.169,136,1,0.0,0.0,611.09716796875,-116.6805419921875
26.211,136,1,0.0,0.0,611.09716796875,-116.6805419921875
26.211,136,1,0.0,0.0,611.09716796875,-116.6805419921875
26.212,136,1,0.0,0.0,611.09716796875,-116.6805419921875
26.251,136,1,0.0,0.0,611.09716796875,-116.6805419921875
26.252,136,1,0.0,0.0,611.09716796875,-116.6805419921875
26.252,136,1,0.0,0.0,611.09716796875,-116.6805419921875
26.269,136,1,0.0,0.0,611.09716796875,-116.6805419921875
26.291,136,1,0.0,0.0,611.09716796875,-116.6805419921875
26.291,136,1,0.0,0.0,611.09716796875,-116.6805419921875
26.292,136,1,0.0,0.0,611.09716796875,-116.6805419921875
26.315,136,1,0.0,0.0,611.09716796875,-116.6805419921875
26.331,136,1,0.0,0.0,611.09716796875,-116.6805419921875
26.331,136,1,0.0,0.0,611.09716796875,-116.6805419921875
26.332,136,1,0.0,0.0,611.09716796875,-116.6805419921875
26.382,136,1,0.0,0.0,611.09716796875,-116.6805419921875
26.412,136,1,0.0,0.0,611.09716796875,-116.6805419921875
26.412,136,1,0.0,0.0,611.09716796875,-116.6805419921875
26.412,136,1,0.0,0.0,611.09716796875,-116.6805419921875
26.452,136,1,0.0,0.0,611.09716796875,-116.6805419921875
26.452,136,1,0.0,0.0,611.09716796875,-116.6805419921875
26.452,136,1,0.0,0.0,611.09716796875,-116.6805419921875
26.466,136,1,0.0,0.0,611.09716796875,-116.6805419921875
26.491,136,1,0.0,0.0,611.09716796875,-116.6805419921875
26.491,136,1,0.0,0.0,611.09716796875,-116.6805419921875
26.491,136,1,0.0,0.0,611.09716796875,-116.6805419921875
26.531,136,1,0.0,0.0,611.09716796875,-116.6805419921875
26.532,136,1,0.0,0.0,611.09716796875,-116.6805419921875
26.533,136,1,0.0,0.0,611.09716796875,-116.6805419921875
26.568,136,1,0.0,0.0,611.09716796875,-116.6805419921875
26.611,136,1,0.0,0.0,611.09716796875,-116.6805419921875
26.611,136,1,0.0,0.0,611.09716796875,-116.6805419921875
26.611,136,1,0.0,0.0,611.09716796875,-116.6805419921875
26.651,136,1,0.0,0.0,611.09716796875,-116.6805419921875
26.651,136,1,0.0,0.0,611.09716796875,-116.6805419921875
26.652,136,1,0.0,0.0,611.09716796875,-116.6805419921875
26.691,136,1,0.0,0.0,611.09716796875,-116.6805419921875
26.691,136,1,0.0,0.0,611.09716796875,-116.6805419921875
26.692,136,1,0.0,0.0,611.09716796875,-116.6805419921875
26.72,136,1,0.0,0.0,611.09716796875,-116.6805419921875
26.731,136,1,0.0,0.0,611.09716796875,-116.6805419921875
26.731,136,1,0.0,0.0,611.09716796875,-116.6805419921875
26.731,136,1,0.0,0.0,611.09716796875,-116.6805419921875
26.767,136,1,0.0,0.0,611.09716796875,-116.6805419921875
26.811,136,1,0.0,0.0,611.09716796875,-116.6805419921875
26.811,136,1,0.0,0.0,611.09716796875,-116.6805419921875
26.811,136,1,0.0,0.0,611.09716796875,-116.6805419921875
26.851,136,1,0.0,0.0,611.09716796875,-116.6805419921875
26.852,136,1,0.0,0.0,611.09716796875,-116.6805419921875
26.852,136,1,0.0,0.0,611.09716796875,-116.6805419921875
26.892,136,1,0.0,0.0,611.09716796875,-116.6805419921875
26.892,136,1,0.0,0.0,611.09716796875,-116.6805419921875
26.893,136,1,0.0,0.0,611.09716796875,-116.6805419921875
26.919,136,1,0.0,0.0,611.09716796875,-116.6805419921875
26.933,136,1,0.0,0.0,611.09716796875,-116.6805419921875
26.933,136,1,0.0,0.0,611.09716796875,-116.6805419921875
26.933,136,1,0.0,0.0,611.09716796875,-116.6805419921875
26.967,136,1,0.0,0.0,611.09716796875,-116.6805419921875
27.011,136,1,0.0,0.0,611.09716796875,-116.6805419921875
27.011,136,1,0.0,0.0,611.09716796875,-116.6805419921875
27.011,136,1,0.0,0.0,611.09716796875,-116.6805419921875
27.051,136,1,0.0,0.0,611.09716796875,-116.6805419921875
27.051,136,1,0.0,0.0,611.09716796875,-116.6805419921875
27.051,136,1,0.0,0.0,611.09716796875,-116.6805419921875
27.091,136,1,0.0,0.0,611.09716796875,-116.6805419921875
27.093,136,1,0.0,0.0,611.09716796875,-116.6805419921875
27.093,136,1,0.0,0.0,611.09716796875,-116.6805419921875
27.116,136,1,0.0,0.0,611.09716796875,-116.6805419921875
27.132,136,1,0.0,0.0,611.09716796875,-116.6805419921875
27.132,136,1,0.0,0.0,611.09716796875,-116.6805419921875
27.132,136,1,0.0,0.0,611.09716796875,-116.6805419921875
27.169,136,1,0.0,0.0,611.09716796875,-116.6805419921875
27.211,136,1,0.0,0.0,611.09716796875,-116.6805419921875
27.212,136,1,0.0,0.0,611.09716796875,-116.6805419921875
27.212,136,1,0.0,0.0,611.09716796875,-116.6805419921875
27.252,136,1,0.0,0.0,611.09716796875,-116.6805419921875
27.252,136,1,0.0,0.0,611.09716796875,-116.6805419921875
27.255,136,1,0.0,0.0,611.09716796875,-116.6805419921875
27.266,136,1,0.0,0.0,611.09716796875,-116.6805419921875
27.292,136,1,0.0,0.0,611.09716796875,-116.6805419921875
27.292,136,1,0.0,0.0,611.09716796875,-116.6805419921875
27.293,136,1,0.0,0.0,611.09716796875,-116.6805419921875
27.319,136,1,0.0,0.0,611.09716796875,-116.6805419921875
27.331,136,1,0.0,0.0,611.09716796875,-116.6805419921875
27.331,136,1,0.0,0.0,611.09716796875,-116.6805419921875
27.332,136,1,0.0,0.0,611.09716796875,-116.6805419921875
27.371,136,1,0.0,0.0,611.09716796875,-116.6805419921875
27.412,136,1,0.0,0.0,611.09716796875,-116.6805419921875
27.412,136,1,0.0,0.0,611.09716796875,-116.6805419921875
27.413,136,1,0.0,0.0,611.09716796875,-116.6805419921875
27.451,136,1,0.0,0.0,611.09716796875,-116.6805419921875
27.451,136,1,0.0,0.0,611.09716796875,-116.6805419921875
27.454,136,1,0.0,0.0,611.09716796875,-116.6805419921875
27.468,136,1,0.0,0.0,611.09716796875,-116.6805419921875
27.491,136,1,0.0,0.0,611.09716796875,-116.6805419921875
27.491,136,1,0.0,0.0,611.09716796875,-116.6805419921875
27.491,136,1,0.0,0.0,611.09716796875,-116.6805419921875
27.519,136,1,0.0,0.0,611.09716796875,-116.6805419921875
27.531,136,1,0.0,0.0,611.09716796875,-116.6805419921875
27.531,136,1,0.0,0.0,611.09716796875,-116.6805419921875
27.531,136,1,0.0,0.0,611.09716796875,-116.6805419921875
27.582,136,1,0.0,0.0,611.09716796875,-116.6805419921875
27.611,136,1,0.0,0.0,611.09716796875,-116.6805419921875
27.611,136,1,0.0,0.0,611.09716796875,-116.6805419921875
27.611,136,1,0.0,0.0,611.09716796875,-116.6805419921875
27.652,136,1,0.0,0.0,611.09716796875,-116.6805419921875
27.652,136,1,0.0,0.0,611.09716796875,-116.6805419921875
27.652,136,1,0.0,0.0,611.09716796875,-116.6805419921875
27.669,136,1,0.0,0.0,611.09716796875,-116.6805419921875
27.691,136,1,0.0,0.0,611.09716796875,-116.6805419921875
27.691,136,1,0.0,0.0,611.09716796875,-116.6805419921875
27.691,136,1,0.0,0.0,611.09716796875,-116.6805419921875
27.715,136,1,0.0,0.0,611.09716796875,-116.6805419921875
27.731,136,1,0.0,0.0,611.09716796875,-116.6805419921875
27.731,136,1,0.0,0.0,611.09716796875,-116.6805419921875
27.731,136,1,0.0,0.0,611.09716796875,-116.6805419921875
27.782,136,1,0.0,0.0,611.09716796875,-116.6805419921875
27.811,136,1,0.0,0.0,611.09716796875,-116.6805419921875
27.811,136,1,0.0,0.0,611.09716796875,-116.6805419921875
27.811,136,1,0.0,0.0,611.09716796875,-116.6805419921875
27.851,136,1,0.0,0.0,611.09716796875,-116.6805419921875
27.851,136,1,0.0,0.0,611.09716796875,-116.6805419921875
27.852,136,1,0.0,0.0,611.09716796875,-116.6805419921875
27.891,136,1,0.0,0.0,611.09716796875,-116.6805419921875
27.891,136,1,0.0,0.0,611.09716796875,-116.6805419921875
27.892,136,1,0.0,0.0,611.09716796875,-116.6805419921875
27.931,136,1,0.0,0.0,611.09716796875,-116.6805419921875
27.932,136,1,0.0,0.0,611.09716796875,-116.6805419921875
27.932,136,1,0.0,0.0,611.09716796875,-116.6805419921875
27.967,136,1,0.0,0.0,611.09716796875,-116.6805419921875
28.011,136,1,0.0,0.0,611.09716796875,-116.6805419921875
28.011,136,1,0.0,0.0,611.09716796875,-116.6805419921875
28.012,136,1,0.0,0.0,611.09716796875,-116.6805419921875
28.051,136,1,0.0,0.0,611.09716796875,-116.6805419921875
28.051,136,1,0.0,0.0,611.09716796875,-116.6805419921875
28.051,136,1,0.0,0.0,611.09716796875,-116.6805419921875
28.091,136,1,0.0,0.0,611.09716796875,-116.6805419921875
28.092,136,1,0.0,0.0,611.09716796875,-116.6805419921875
28.092,136,1,0.0,0.0,611.09716796875,-116.6805419921875
28.119,136,1,0.0,0.0,611.09716796875,-116.6805419921875
28.131,136,1,0.0,0.0,611.09716796875,-116.6805419921875
28.132,136,1,0.0,0.0,611.09716796875,-116.6805419921875
28.132,136,1,0.0,0.0,611.09716796875,-116.6805419921875
28.166,136,1,0.0,0.0,611.09716796875,-116.6805419921875
28.211,136,1,0.0,0.0,611.09716796875,-116.6805419921875
28.212,136,1,0.0,0.0,611.09716796875,-116.6805419921875
28.212,136,1,0.0,0.0,611.09716796875,-116.6805419921875
28.251,136,1,0.0,0.0,611.09716796875,-116.6805419921875
28.252,136,1,0.0,0.0,611.09716796875,-116.6805419921875
28.252,136,1,0.0,0.0,611.09716796875,-116.6805419921875
28.269,136,1,0.0,0.0,611.09716796875,-116.6805419921875
28.292,136,1,0.0,0.0,611.09716796875,-116.6805419921875
28.292,136,1,0.0,0.0,611.09716796875,-116.6805419921875
28.293,136,1,0.0,0.0,611.09716796875,-116.6805419921875
28.319,136,1,0.0,0.0,611.09716796875,-116.6805419921875
28.332,136,1,0.0,0.0,611.09716796875,-116.6805419921875
28.332,136,1,0.0,0.0,611.09716796875,-116.6805419921875
28.333,136,1,0.0,0.0,611.09716796875,-116.6805419921875
28.383,136,1,0.0,0.0,611.09716796875,-116.6805419921875
28.411,136,1,0.0,0.0,611.09716796875,-116.6805419921875
28.412,136,1,0.0,0.0,611.09716796875,-116.6805419921875
28.412,136,1,0.0,0.0,611.09716796875,-116.6805419921875
28.451,136,1,0.0,0.0,611.09716796875,-116.6805419921875
28.452,136,1,0.0,0.0,611.09716796875,-116.6805419921875
28.452,136,1,0.0,0.0,611.09716796875,-116.6805419921875
28.468,136,1,0.0,0.0,611.09716796875,-116.6805419921875
28.491,136,1,0.0,0.0,611.09716796875,-116.6805419921875
28.491,136,1,0.0,0.0,611.09716796875,-116.6805419921875
28.491,136,1,0.0,0.0,611.09716796875,-116.6805419921875
28.519,136,1,0.0,0.0,611.09716796875,-116.6805419921875
28.531,136,1,0.0,0.0,611.09716796875,-116.6805419921875
28.531,136,1,0.0,0.0,611.09716796875,-116.6805419921875
28.531,136,1,0.0,0.0,611.09716796875,-116.6805419921875
28.568,136,1,0.0,0.0,611.09716796875,-116.6805419921875
28.611,136,1,0.0,0.0,611.09716796875,-116.6805419921875
28.611,136,1,0.0,0.0,611.09716796875,-116.6805419921875
28.611,136,1,0.0,0.0,611.09716796875,-116.6805419921875
28.651,136,1,0.0,0.0,611.09716796875,-116.6805419921875
28.651,136,1,0.0,0.0,611.09716796875,-116.6805419921875
28.651,136,1,0.0,0.0,611.09716796875,-116.6805419921875
28.669,136,1,0.0,0.0,611.09716796875,-116.6805419921875
28.691,136,1,0.0,0.0,611.09716796875,-116.6805419921875
28.692,136,1,0.0,0.0,611.09716796875,-116.6805419921875
28.693,136,1,0.0,0.0,611.09716796875,-116.6805419921875
28.718,136,1,0.0,0.0,611.09716796875,-116.6805419921875
28.731,136,1,0.0,0.0,611.09716796875,-116.6805419921875
28.731,136,1,0.0,0.0,611.09716796875,-116.6805419921875
28.731,136,1,0.0,0.0,611.09716796875,-116.6805419921875
28.782,136,1,0.0,0.0,611.09716796875,-116.6805419921875
28.812,136,1,0.0,0.0,611.09716796875,-116.6805419921875
28.812,136,1,0.0,0.0,611.09716796875,-116.6805419921875
28.812,136,1,0.0,0.0,611.09716796875,-116.6805419921875
28.851,136,1,0.0,0.0,611.09716796875,-116.6805419921875
28.851,136,1,0.0,0.0,611.09716796875,-116.6805419921875
28.854,136,1,0.0,0.0,611.09716796875,-116.6805419921875
28.867,136,1,0.0,0.0,611.09716796875,-116.6805419921875
28.891,136,1,0.0,0.0,611.09716796875,-116.6805419921875
28.891,136,1,0.0,0.0,611.09716796875,-116.6805419921875
28.892,136,1,0.0,0.0,611.09716796875,-116.6805419921875
28.917,136,1,0.0,0.0,611.09716796875,-116.6805419921875
28.932,136,1,0.0,0.0,611.09716796875,-116.6805419921875
28.932,136,1,0.0,0.0,611.09716796875,-116.6805419921875
28.932,136,1,0.0,0.0,611.09716796875,-116.6805419921875
28.967,136,1,0.0,0.0,611.09716796875,-116.6805419921875
29.011,136,1,0.0,0.0,611.09716796875,-116.6805419921875
29.012,136,1,0.0,0.0,611.09716796875,-116.6805419921875
29.012,136,1,0.0,0.0,611.09716796875,-116.6805419921875
29.052,136,1,0.0,0.0,611.09716796875,-116.6805419921875
29.052,136,1,0.0,0.0,611.09716796875,-116.6805419921875
29.053,136,1,0.0,0.0,611.09716796875,-116.6805419921875
29.067,136,1,0.0,0.0,611.09716796875,-116.6805419921875
29.092,136,1,0.0,0.0,611.09716796875,-116.6805419921875
29.092,136,1,0.0,0.0,611.09716796875,-116.6805419921875
29.094,136,1,0.0,0.0,611.09716796875,-116.6805419921875
29.131,136,1,0.0,0.0,611.09716796875,-116.6805419921875
29.131,136,1,0.0,0.0,611.09716796875,-116.6805419921875
29.132,136,1,0.0,0.0,611.09716796875,-116.6805419921875
29.182,136,1,0.0,0.0,611.09716796875,-116.6805419921875
29.211,136,1,0.0,0.0,611.09716796875,-116.6805419921875
29.211,136,1,0.0,0.0,611.09716796875,-116.6805419921875
29.211,136,1,0.0,0.0,611.09716796875,-116.6805419921875
29.251,136,1,0.0,0.0,611.09716796875,-116.6805419921875
29.252,136,1,0.0,0.0,611.09716796875,-116.6805419921875
29.252,136,1,0.0,0.0,611.09716796875,-116.6805419921875
29.266,136,1,0.0,0.0,611.09716796875,-116.6805419921875
29.291,136,1,0.0,0.0,611.09716796875,-116.6805419921875
29.291,136,1,0.0,0.0,611.09716796875,-116.6805419921875
29.291,136,1,0.0,0.0,611.09716796875,-116.6805419921875
29.317,136,1,0.0,0.0,611.09716796875,-116.6805419921875
29.331,136,1,0.0,0.0,611.09716796875,-116.6805419921875
29.332,136,1,0.0,0.0,611.09716796875,-116.6805419921875
29.332,136,1,0.0,0.0,611.09716796875,-116.6805419921875
29.367,136,1,0.0,0.0,611.09716796875,-116.6805419921875
29.411,136,1,0.0,0.0,611.09716796875,-116.6805419921875
29.412,136,1,0.0,0.0,611.09716796875,-116.6805419921875
29.412,136,1,0.0,0.0,611.09716796875,-116.6805419921875
29.451,136,1,0.0,0.0,611.09716796875,-116.6805419921875
29.451,136,1,0.0,0.0,611.09716796875,-116.6805419921875
29.452,136,1,0.0,0.0,611.09716796875,-116.6805419921875
29.475,136,1,0.0,0.0,611.09716796875,-116.6805419921875
29.491,136,1,0.0,0.0,611.09716796875,-116.6805419921875
29.491,136,1,0.0,0.0,611.09716796875,-116.6805419921875
29.491,136,1,0.0,0.0,611.09716796875,-116.6805419921875
29.531,136,1,0.0,0.0,611.09716796875,-116.6805419921875
29.531,136,1,0.0,0.0,611.09716796875,-116.6805419921875
29.531,136,1,0.0,0.0,611.09716796875,-116.6805419921875
29.568,136,1,0.0,0.0,611.09716796875,-116.6805419921875
29.611,136,1,0.0,0.0,611.09716796875,-116.6805419921875
29.611,136,1,0.0,0.0,611.09716796875,-116.6805419921875
29.611,136,1,0.0,0.0,611.09716796875,-116.6805419921875
29.651,136,1,0.0,0.0,611.09716796875,-116.6805419921875
29.652,136,1,0.0,0.0,611.09716796875,-116.6805419921875
29.652,136,1,0.0,0.0,611.09716796875,-116.6805419921875
29.666,136,1,0.0,0.0,611.09716796875,-116.6805419921875
29.691,136,1,0.0,0.0,611.09716796875,-116.6805419921875
29.692,136,1,0.0,0.0,611.09716796875,-116.6805419921875
29.692,136,1,0.0,0.0,611.09716796875,-116.6805419921875
29.717,136,1,0.0,0.0,611.09716796875,-116.6805419921875
29.732,136,1,0.0,0.0,611.09716796875,-116.6805419921875
29.732,136,1,0.0,0.0,611.09716796875,-116.6805419921875
29.732,136,1,0.0,0.0,611.09716796875,-116.6805419921875
29.766,136,1,0.0,0.0,611.09716796875,-116.6805419921875
29.812,136,1,0.0,0.0,611.09716796875,-116.6805419921875
29.812,136,1,0.0,0.0,611.09716796875,-116.6805419921875
29.812,136,1,0.0,0.0,611.09716796875,-116.6805419921875
29.851,136,1,0.0,0.0,611.09716796875,-116.6805419921875
29.851,136,1,0.0,0.0,611.09716796875,-116.6805419921875
29.851,136,1,0.0,0.0,611.09716796875,-116.6805419921875
29.891,136,1,0.0,0.0,611.09716796875,-116.6805419921875
29.891,136,1,0.0,0.0,611.09716796875,-116.6805419921875
29.891,136,1,0.0,0.0,611.09716796875,-116.6805419921875
29.918,136,1,0.0,0.0,611.09716796875,-116.6805419921875
29.931,136,1,0.0,0.0,611.09716796875,-116.6805419921875
29.931,136,1,0.0,0.0,611.09716796875,-116.6805419921875
29.932,136,1,0.0,0.0,611.09716796875,-116.6805419921875
29.968,136,1,0.0,0.0,611.09716796875,-116.6805419921875
30.012,136,1,0.0,0.0,611.09716796875,-116.6805419921875
30.012,136,1,0.0,0.0,611.09716796875,-116.6805419921875
30.012,136,1,0.0,0.0,611.09716796875,-116.6805419921875
30.052,136,1,0.0,0.0,611.09716796875,-116.6805419921875
30.052,136,1,0.0,0.0,611.09716796875,-116.6805419921875
30.052,136,1,0.0,0.0,611.09716796875,-116.6805419921875
30.065,136,1,0.0,0.0,611.09716796875,-116.6805419921875
30.092,136,1,0.0,0.0,611.09716796875,-116.6805419921875
30.092,136,1,0.0,0.0,611.09716796875,-116.6805419921875
30.092,136,1,0.0,0.0,611.09716796875,-116.6805419921875
30.119,136,1,0.0,0.0,611.09716796875,-116.6805419921875
30.131,136,1,0.0,0.0,611.09716796875,-116.6805419921875
30.131,136,1,0.0,0.0,611.09716796875,-116.6805419921875
30.131,136,1,0.0,0.0,611.09716796875,-116.6805419921875
30.167,136,1,0.0,0.0,611.09716796875,-116.6805419921875
30.211,136,1,0.0,0.0,611.09716796875,-116.6805419921875
30.212,136,1,0.0,0.0,611.09716796875,-116.6805419921875
30.212,136,1,0.0,0.0,611.09716796875,-116.6805419921875
30.251,136,1,0.0,0.0,611.09716796875,-116.6805419921875
30.252,136,1,0.0,0.0,611.09716796875,-116.6805419921875
30.252,136,1,0.0,0.0,611.09716796875,-116.6805419921875
30.268,136,1,0.0,0.0,611.09716796875,-116.6805419921875
30.291,136,1,0.0,0.0,611.09716796875,-116.6805419921875
30.291,136,1,0.0,0.0,611.09716796875,-116.6805419921875
30.291,136,1,0.0,0.0,611.09716796875,-116.6805419921875
30.317,136,1,0.0,0.0,611.09716796875,-116.6805419921875
30.341,136,1,0.0,0.0,611.09716796875,-116.6805419921875
30.342,136,1,0.0,0.0,611.09716796875,-116.6805419921875
30.342,136,1,0.0,0.0,611.09716796875,-116.6805419921875
30.392,136,1,0.0,0.0,611.09716796875,-116.6805419921875
30.411,136,1,0.0,0.0,611.09716796875,-116.6805419921875
30.411,136,1,0.0,0.0,611.09716796875,-116.6805419921875
30.411,136,1,0.0,0.0,611.09716796875,-116.6805419921875
30.451,136,1,0.0,0.0,611.09716796875,-116.6805419921875
30.452,136,1,0.0,0.0,611.09716796875,-116.6805419921875
30.452,136,1,0.0,0.0,611.09716796875,-116.6805419921875
30.469,136,1,0.0,0.0,611.09716796875,-116.6805419921875
30.491,136,1,0.0,0.0,611.09716796875,-116.6805419921875
30.491,136,1,0.0,0.0,611.09716796875,-116.6805419921875
30.492,136,1,0.0,0.0,611.09716796875,-116.6805419921875
30.519,136,1,0.0,0.0,611.09716796875,-116.6805419921875
30.531,136,1,0.0,0.0,611.09716796875,-116.6805419921875
30.532,136,1,0.0,0.0,611.09716796875,-116.6805419921875
30.532,136,1,0.0,0.0,611.09716796875,-116.6805419921875
30.57,136,1,0.0,0.0,611.09716796875,-116.6805419921875
30.611,136,1,0.0,0.0,611.09716796875,-116.6805419921875
30.611,136,1,0.0,0.0,611.09716796875,-116.6805419921875
30.612,136,1,0.0,0.0,611.09716796875,-116.6805419921875
30.651,136,1,0.0,0.0,611.09716796875,-116.6805419921875
30.651,136,1,0.0,0.0,611.09716796875,-116.6805419921875
30.651,136,1,0.0,0.0,611.09716796875,-116.6805419921875
30.667,136,1,0.0,0.0,611.09716796875,-116.6805419921875
30.692,136,1,0.0,0.0,611.09716796875,-116.6805419921875
30.692,136,1,0.0,0.0,611.09716796875,-116.6805419921875
30.692,136,1,0.0,0.0,611.09716796875,-116.6805419921875
30.718,136,1,0.0,0.0,611.09716796875,-116.6805419921875
30.731,136,1,0.0,0.0,611.09716796875,-116.6805419921875
30.731,136,1,0.0,0.0,611.09716796875,-116.6805419921875
30.732,136,1,0.0,0.0,611.09716796875,-116.6805419921875
30.768,136,1,0.0,0.0,611.09716796875,-116.6805419921875
30.811,136,1,0.0,0.0,611.09716796875,-116.6805419921875
30.811,136,1,0.0,0.0,611.09716796875,-116.6805419921875
30.811,136,1,0.0,0.0,611.09716796875,-116.6805419921875
30.854,136,1,0.0,0.0,611.09716796875,-116.6805419921875
30.854,136,1,0.0,0.0,611.09716796875,-116.6805419921875
30.854,136,1,0.0,0.0,611.09716796875,-116.6805419921875
30.867,136,1,0.0,0.0,611.09716796875,-116.6805419921875
30.891,136,1,0.0,0.0,611.09716796875,-116.6805419921875
30.891,136,1,0.0,0.0,611.09716796875,-116.6805419921875
30.891,136,1,0.0,0.0,611.09716796875,-116.6805419921875
30.918,136,1,0.0,0.0,611.09716796875,-116.6805419921875
30.931,136,1,0.0,0.0,611.09716796875,-116.6805419921875
30.931,136,1,0.0,0.0,611.09716796875,-116.6805419921875
30.931,136,1,0.0,0.0,611.09716796875,-116.6805419921875
30.967,136,1,0.0,0.0,611.09716796875,-116.6805419921875
31.011,136,1,0.0,0.0,611.09716796875,-116.6805419921875
31.012,136,1,0.0,0.0,611.09716796875,-116.6805419921875
31.012,136,1,0.0,0.0,611.09716796875,-116.6805419921875
31.051,136,1,0.0,0.0,611.09716796875,-116.6805419921875
31.052,136,1,0.0,0.0,611.09716796875,-116.6805419921875
31.052,136,1,0.0,0.0,611.09716796875,-116.6805419921875
31.066,136,1,0.0,0.0,611.09716796875,-116.6805419921875
31.091,136,1,0.0,0.0,611.09716796875,-116.6805419921875
31.091,136,1,0.0,0.0,611.09716796875,-116.6805419921875
31.092,136,1,0.0,0.0,611.09716796875,-116.6805419921875
31.131,136,1,0.0,0.0,611.09716796875,-116.6805419921875
31.131,136,1,0.0,0.0,611.09716796875,-116.6805419921875
31.131,136,1,0.0,0.0,611.09716796875,-116.6805419921875
31.182,136,1,0.0,0.0,611.09716796875,-116.6805419921875
31.211,136,1,0.0,0.0,611.09716796875,-116.6805419921875
31.214,136,1,0.0,0.0,611.09716796875,-116.6805419921875
31.214,136,1,0.0,0.0,611.09716796875,-116.6805419921875
31.252,136,1,0.0,0.0,611.09716796875,-116.6805419921875
31.253,136,1,0.0,0.0,611.09716796875,-116.6805419921875
31.253,136,1,0.0,0.0,611.09716796875,-116.6805419921875
31.269,136,1,0.0,0.0,611.09716796875,-116.6805419921875
31.291,136,1,0.0,0.0,611.09716796875,-116.6805419921875
31.291,136,1,0.0,0.0,611.09716796875,-116.6805419921875
31.291,136,1,0.0,0.0,611.09716796875,-116.6805419921875
31.322,136,1,0.0,0.0,611.09716796875,-116.6805419921875
31.331,136,1,0.0,0.0,611.09716796875,-116.6805419921875
31.331,136,1,0.0,0.0,611.09716796875,-116.6805419921875
31.331,136,1,0.0,0.0,611.09716796875,-116.6805419921875
31.367,136,1,0.0,0.0,611.09716796875,-116.6805419921875
31.412,136,1,0.0,0.0,611.09716796875,-116.6805419921875
31.412,136,1,0.0,0.0,611.09716796875,-116.6805419921875
31.412,136,1,0.0,0.0,611.09716796875,-116.6805419921875
31.452,136,1,0.0,0.0,611.09716796875,-116.6805419921875
31.452,136,1,0.0,0.0,611.09716796875,-116.6805419921875
31.453,136,1,0.0,0.0,611.09716796875,-116.6805419921875
31.467,136,1,0.0,0.0,611.09716796875,-116.6805419921875
31.494,136,1,0.0,0.0,611.09716796875,-116.6805419921875
31.494,136,1,0.0,0.0,611.09716796875,-116.6805419921875
31.495,136,1,0.0,0.0,611.09716796875,-116.6805419921875
31.516,136,1,0.0,0.0,611.09716796875,-116.6805419921875
31.53,136,1,0.0,0.0,611.09716796875,-116.6805419921875
31.531,136,1,0.0,0.0,611.09716796875,-116.6805419921875
31.531,136,1,0.0,0.0,611.09716796875,-116.6805419921875
31.568,136,1,0.0,0.0,611.09716796875,-116.6805419921875
31.612,136,1,0.0,0.0,611.09716796875,-116.6805419921875
31.612,136,1,0.0,0.0,611.09716796875,-116.6805419921875
31.612,136,1,0.0,0.0,611.09716796875,-116.6805419921875
31.651,136,1,0.0,0.0,611.09716796875,-116.6805419921875
31.652,136,1,0.0,0.0,611.09716796875,-116.6805419921875
31.652,136,1,0.0,0.0,611.09716796875,-116.6805419921875
31.691,136,1,0.0,0.0,611.09716796875,-116.6805419921875
31.692,136,1,0.0,0.0,611.09716796875,-116.6805419921875
31.692,136,1,0.0,0.0,611.09716796875,-116.6805419921875
31.719,136,1,0.0,0.0,611.09716796875,-116.6805419921875
31.732,136,1,0.0,0.0,611.09716796875,-116.6805419921875
31.732,136,1,0.0,0.0,611.09716796875,-116.6805419921875
31.732,136,1,0.0,0.0,611.09716796875,-116.6805419921875
31.768,136,1,0.0,0.0,611.09716796875,-116.6805419921875
31.811,136,1,0.0,0.0,611.09716796875,-116.6805419921875
31.811,136,1,0.0,0.0,611.09716796875,-116.6805419921875
31.812,136,1,0.0,0.0,611.09716796875,-116.6805419921875
31.851,136,1,0.0,0.0,611.09716796875,-116.6805419921875
31.852,136,1,0.0,0.0,611.09716796875,-116.6805419921875
31.852,136,1,0.0,0.0,611.09716796875,-116.6805419921875
31.894,136,1,0.0,0.0,611.09716796875,-116.6805419921875
31.894,136,1,0.0,0.0,611.09716796875,-116.6805419921875
31.894,136,1,0.0,0.0,611.09716796875,-116.6805419921875
31.931,136,1,0.0,0.0,611.09716796875,-116.6805419921875
31.931,136,1,0.0,0.0,611.09716796875,-116.6805419921875
31.932,136,1,0.0,0.0,611.09716796875,-116.6805419921875
31.965,136,1,0.0,0.0,611.09716796875,-116.6805419921875
32.011,136,1,0.0,0.0,611.09716796875,-116.6805419921875
32.012,136,1,0.0,0.0,611.09716796875,-116.6805419921875
32.012,136,1,0.0,0.0,611.09716796875,-116.6805419921875
32.052,136,1,0.0,0.0,611.09716796875,-116.6805419921875
32.052,136,1,0.0,0.0,611.09716796875,-116.6805419921875
32.052,136,1,0.0,0.0,611.09716796875,-116.6805419921875
32.091,136,1,0.0,0.0,611.09716796875,-116.6805419921875
32.091,136,1,0.0,0.0,611.09716796875,-116.6805419921875
32.091,136,1,0.0,0.0,611.09716796875,-116.6805419921875
32.115,136,1,0.0,0.0,611.09716796875,-116.6805419921875
32.131,136,1,0.0,0.0,611.09716796875,-116.6805419921875
32.131,136,1,0.0,0.0,611.09716796875,-116.6805419921875
32.132,136,1,0.0,0.0,611.09716796875,-116.6805419921875
32.169,136,1,0.0,0.0,611.09716796875,-116.6805419921875
32.211,136,1,0.0,0.0,611.09716796875,-116.6805419921875
32.211,136,1,0.0,0.0,611.09716796875,-116.6805419921875
32.212,136,1,0.0,0.0,611.09716796875,-116.6805419921875
32.251,136,1,0.0,0.0,611.09716796875,-116.6805419921875
32.251,136,1,0.0,0.0,611.09716796875,-116.6805419921875
32.252,136,1,0.0,0.0,611.09716796875,-116.6805419921875
32.302,136,1,0.0,0.0,611.09716796875,-116.6805419921875
32.302,136,1,0.0,0.0,611.09716796875,-116.6805419921875
32.302,136,1,0.0,0.0,611.09716796875,-116.6805419921875
32.316,136,1,0.0,0.0,611.09716796875,-116.6805419921875
32.332,136,1,0.0,0.0,611.09716796875,-116.6805419921875
32.332,136,1,0.0,0.0,611.09716796875,-116.6805419921875
32.335,136,1,0.0,0.0,611.09716796875,-116.6805419921875
32.386,136,1,0.0,0.0,611.09716796875,-116.6805419921875
32.411,136,1,0.0,0.0,611.09716796875,-116.6805419921875
32.411,136,1,0.0,0.0,611.09716796875,-116.6805419921875
32.412,136,1,0.0,0.0,611.09716796875,-116.6805419921875
32.452,136,1,0.0,0.0,611.09716796875,-116.6805419921875
32.452,136,1,0.0,0.0,611.09716796875,-116.6805419921875
32.452,136,1,0.0,0.0,611.09716796875,-116.6805419921875
32.468,136,1,0.0,0.0,611.09716796875,-116.6805419921875
32.491,136,1,0.0,0.0,611.09716796875,-116.6805419921875
32.491,136,1,0.0,0.0,611.09716796875,-116.6805419921875
32.492,136,1,0.0,0.0,611.09716796875,-116.6805419921875
32.518,136,1,0.0,0.0,611.09716796875,-116.6805419921875
32.531,136,1,0.0,0.0,611.09716796875,-116.6805419921875
32.531,136,1,0.0,0.0,611.09716796875,-116.6805419921875
32.531,136,1,0.0,0.0,611.09716796875,-116.6805419921875
32.581,136,1,0.0,0.0,611.09716796875,-116.6805419921875
32.612,136,1,0.0,0.0,611.09716796875,-116.6805419921875
32.612,136,1,0.0,0.0,611.09716796875,-116.6805419921875
32.612,136,1,0.0,0.0,611.09716796875,-116.6805419921875
32.651,136,1,0.0,0.0,611.09716796875,-116.6805419921875
32.652,136,1,0.0,0.0,611.09716796875,-116.6805419921875
32.652,136,1,0.0,0.0,611.09716796875,-116.6805419921875
32.692,136,1,0.0,0.0,611.09716796875,-116.6805419921875
32.692,136,1,0.0,0.0,611.09716796875,-116.6805419921875
32.692,136,1,0.0,0.0,611.09716796875,-116.6805419921875
32.731,136,1,0.0,0.0,611.09716796875,-116.6805419921875
32.731,136,1,0.0,0.0,611.09716796875,-116.6805419921875
32.731,136,1,0.0,0.0,611.09716796875,-116.6805419921875
32.767,136,1,0.0,0.0,611.09716796875,-116.6805419921875
32.811,136,1,0.0,0.0,611.09716796875,-116.6805419921875
32.811,136,1,0.0,0.0,611.09716796875,-116.6805419921875
32.811,136,1,0.0,0.0,611.09716796875,-116.6805419921875
32.851,136,1,0.0,0.0,611.09716796875,-116.6805419921875
32.852,136,1,0.0,0.0,611.09716796875,-116.6805419921875
32.852,136,1,0.0,0.0,611.09716796875,-116.6805419921875
32.867,136,1,0.0,0.0,611.09716796875,-116.6805419921875
32.892,136,1,0.0,0.0,611.09716796875,-116.6805419921875
32.893,136,1,0.0,0.0,611.09716796875,-116.6805419921875
32.893,136,1,0.0,0.0,611.09716796875,-116.6805419921875
32.932,136,1,0.0,0.0,611.09716796875,-116.6805419921875
32.932,136,1,0.0,0.0,611.09716796875,-116.6805419921875
32.932,136,1,0.0,0.0,611.09716796875,-116.6805419921875
32.968,136,1,0.0,0.0,611.09716796875,-116.6805419921875
33.011,136,1,0.0,0.0,611.09716796875,-116.6805419921875
33.012,136,1,0.0,0.0,611.09716796875,-116.6805419921875
33.012,136,1,0.0,0.0,611.09716796875,-116.6805419921875
33.051,136,1,0.0,0.0,611.09716796875,-116.6805419921875
33.051,136,1,0.0,0.0,611.09716796875,-116.6805419921875
33.051,136,1,0.0,0.0,611.09716796875,-116.6805419921875
33.092,136,1,0.0,0.0,611.09716796875,-116.6805419921875
33.093,136,1,0.0,0.0,611.09716796875,-116.6805419921875
33.095,136,1,0.0,0.0,611.09716796875,-116.6805419921875
33.131,136,1,0.0,0.0,611.09716796875,-116.6805419921875
33.131,136,1,0.0,0.0,611.09716796875,-116.6805419921875
33.132,136,1,0.0,0.0,611.09716796875,-116.6805419921875
33.182,136,1,0.0,0.0,611.09716796875,-116.6805419921875
33.211,136,1,0.0,0.0,611.09716796875,-116.6805419921875
33.211,136,1,0.0,0.0,611.09716796875,-116.6805419921875
33.212,136,1,0.0,0.0,611.09716796875,-116.6805419921875
33.251,136,1,0.0,0.0,611.09716796875,-116.6805419921875
33.252,136,1,0.0,0.0,611.09716796875,-116.6805419921875
33.252,136,1,0.0,0.0,611.09716796875,-116.6805419921875
33.291,136,1,0.0,0.0,611.09716796875,-116.6805419921875
33.291,136,1,0.0,0.0,611.09716796875,-116.6805419921875
33.292,136,1,0.0,0.0,611.09716796875,-116.6805419921875
33.317,136,1,0.0,0.0,611.09716796875,-116.6805419921875
33.332,136,1,0.0,0.0,611.09716796875,-116.6805419921875
33.332,136,1,0.0,0.0,611.09716796875,-116.6805419921875
33.334,136,1,0.0,0.0,611.09716796875,-116.6805419921875
33.384,136,1,0.0,0.0,611.09716796875,-116.6805419921875
33.411,136,3,0.0,0.0,611.09716796875,-116.6805419921875
33.411,136,3,0.0,0.0,611.09716796875,-116.6805419921875
33.412,136,3,0.0,0.0,611.09716796875,-116.6805419921875
33.452,136,3,0.0,0.0,611.09716796875,-116.6805419921875
33.452,136,3,0.0,0.0,611.09716796875,-116.6805419921875
33.452,136,3,0.0,0.0,611.09716796875,-116.6805419921875
33.491,136,3,0.0,0.0,611.09716796875,-116.6805419921875
33.491,136,3,0.0,0.0,611.09716796875,-116.6805419921875
33.491,136,3,0.0,0.0,611.09716796875,-116.6805419921875
33.521,136,3,0.0,0.0,611.09716796875,-116.6805419921875
33.531,136,3,0.0,0.0,611.09716796875,-116.6805419921875
33.531,136,3,0.0,0.0,611.09716796875,-116.6805419921875
33.531,136,3,0.0,0.0,611.09716796875,-116.6805419921875
33.566,136,3,0.0,0.0,611.09716796875,-116.6805419921875
33.611,136,3,0.0,0.0,611.09716796875,-116.6805419921875
33.612,136,3,0.0,0.0,611.09716796875,-116.6805419921875
33.612,136,3,0.0,0.0,611.09716796875,-116.6805419921875
33.651,136,3,0.0,0.0,611.09716796875,-116.6805419921875
33.652,136,3,0.0,0.0,611.09716796875,-116.6805419921875
33.652,136,3,0.0,0.0,611.09716796875,-116.6805419921875
33.667,136,3,0.0,0.0,611.09716796875,-116.6805419921875
33.691,136,3,0.0,0.0,611.09716796875,-116.6805419921875
33.691,136,3,0.0,0.0,611.09716796875,-116.6805419921875
33.692,136,3,0.0,0.0,611.09716796875,-116.6805419921875
33.719,136,3,0.0,0.0,611.09716796875,-116.6805419921875
33.731,136,3,0.0,0.0,611.09716796875,-116.6805419921875
33.731,136,3,0.0,0.0,611.09716796875,-116.6805419921875
33.731,136,3,0.0,0.0,611.09716796875,-116.6805419921875
33.782,136,3,0.0,0.0,611.09716796875,-116.6805419921875
33.811,136,3,0.0,0.0,611.09716796875,-116.6805419921875
33.812,136,3,0.0,0.0,611.09716796875,-116.6805419921875
33.812,136,3,0.0,0.0,611.09716796875,-116.6805419921875
33.851,136,3,0.0,0.0,611.09716796875,-116.6805419921875
33.851,136,3,0.0,0.0,611.09716796875,-116.6805419921875
33.851,136,3,0.0,0.0,611.09716796875,-116.6805419921875
33.867,136,3,0.0,0.0,611.09716796875,-116.6805419921875
33.892,136,3,0.0,0.0,611.09716796875,-116.6805419921875
33.892,136,3,0.0,0.0,611.09716796875,-116.6805419921875
33.894,136,3,0.0,0.0,611.09716796875,-116.6805419921875
33.916,136,3,0.0,0.0,611.09716796875,-116.6805419921875
33.931,136,3,0.0,0.0,611.09716796875,-116.6805419921875
33.932,136,3,0.0,0.0,611.09716796875,-116.6805419921875
33.932,136,3,0.0,0.0,611.09716796875,-116.6805419921875
33.982,136,3,0.0,0.0,611.09716796875,-116.6805419921875
34.011,136,3,0.0,0.0,611.09716796875,-116.6805419921875
34.011,136,3,0.0,0.0,611.09716796875,-116.6805419921875
34.013,136,3,0.0,0.0,611.09716796875,-116.6805419921875
34.051,136,3,0.0,0.0,611.09716796875,-116.6805419921875
34.051,136,3,0.0,0.0,611.09716796875,-116.6805419921875
34.051,136,3,0.0,0.0,611.09716796875,-116.6805419921875
34.065,136,3,0.0,0.0,611.09716796875,-116.6805419921875
34.091,136,3,0.0,0.0,611.09716796875,-116.6805419921875
34.091,136,3,0.0,0.0,611.09716796875,-116.6805419921875
34.091,136,3,0.0,0.0,611.09716796875,-116.6805419921875
34.115,136,3,0.0,0.0,611.09716796875,-116.6805419921875
34.132,136,3,0.0,0.0,611.09716796875,-116.6805419921875
34.132,136,3,0.0,0.0,611.09716796875,-116.6805419921875
34.132,136,3,0.0,0.0,611.09716796875,-116.6805419921875
34.166,136,3,0.0,0.0,611.09716796875,-116.6805419921875
34.211,136,3,0.0,0.0,611.09716796875,-116.6805419921875
34.211,136,3,0.0,0.0,611.09716796875,-116.6805419921875
34.211,136,3,0.0,0.0,611.09716796875,-116.6805419921875
34.251,136,3,0.0,0.0,611.09716796875,-116.6805419921875
34.251,136,3,0.0,0.0,611.09716796875,-116.6805419921875
34.252,136,3,0.0,0.0,611.09716796875,-116.6805419921875
34.27,136,3,0.0,0.0,611.09716796875,-116.6805419921875
34.291,136,3,0.0,0.0,611.09716796875,-116.6805419921875
34.291,136,3,0.0,0.0,611.09716796875,-116.6805419921875
34.292,136,3,0.0,0.0,611.09716796875,-116.6805419921875
34.317,136,3,0.0,0.0,611.09716796875,-116.6805419921875
34.332,136,3,0.0,0.0,611.09716796875,-116.6805419921875
34.332,136,3,0.0,0.0,611.09716796875,-116.6805419921875
34.332,136,3,0.0,0.0,611.09716796875,-116.6805419921875
34.382,136,3,0.0,0.0,611.09716796875,-116.6805419921875
34.411,136,3,0.0,0.0,611.09716796875,-116.6805419921875
34.412,136,3,0.0,0.0,611.09716796875,-116.6805419921875
34.412,136,3,0.0,0.0,611.09716796875,-116.6805419921875
34.451,136,3,0.0,0.0,611.09716796875,-116.6805419921875
34.452,136,3,0.0,0.0,611.09716796875,-116.6805419921875
34.452,136,3,0.0,0.0,611.09716796875,-116.6805419921875
34.466,136,3,0.0,0.0,611.09716796875,-116.6805419921875
34.492,136,3,0.0,0.0,611.09716796875,-116.6805419921875
34.493,136,3,0.0,0.0,611.09716796875,-116.6805419921875
34.493,136,3,0.0,0.0,611.09716796875,-116.6805419921875
34.519,136,3,0.0,0.0,611.09716796875,-116.6805419921875
34.532,136,3,0.0,0.0,611.09716796875,-116.6805419921875
34.533,136,3,0.0,0.0,611.09716796875,-116.6805419921875
34.533,136,3,0.0,0.0,611.09716796875,-116.6805419921875
34.569,136,3,0.0,0.0,611.09716796875,-116.6805419921875
34.611,136,3,0.0,0.0,611.09716796875,-116.6805419921875
34.612,136,3,0.0,0.0,611.09716796875,-116.6805419921875
34.612,136,3,0.0,0.0,611.09716796875,-116.6805419921875
34.651,136,3,0.0,0.0,611.09716796875,-116.6805419921875
34.652,136,3,0.0,0.0,611.09716796875,-116.6805419921875
34.652,136,3,0.0,0.0,611.09716796875,-116.6805419921875
34.691,136,3,0.0,0.0,611.09716796875,-116.6805419921875
34.692,136,3,0.0,0.0,611.09716796875,-116.6805419921875
34.692,136,3,0.0,0.0,611.09716796875,-116.6805419921875
34.731,136,3,0.0,0.0,611.09716796875,-116.6805419921875
34.731,136,3,0.0,0.0,611.09716796875,-116.6805419921875
34.731,136,3,0.0,0.0,611.09716796875,-116.6805419921875
34.767,136,3,0.0,0.0,611.09716796875,-116.6805419921875
34.811,136,3,0.0,0.0,611.09716796875,-116.6805419921875
34.812,136,3,0.0,0.0,611.09716796875,-116.6805419921875
34.812,136,3,0.0,0.0,611.09716796875,-116.6805419921875
34.851,136,3,0.0,0.0,611.09716796875,-116.6805419921875
34.851,136,3,0.0,0.0,611.09716796875,-116.6805419921875
34.852,136,3,0.0,0.0,611.09716796875,-116.6805419921875
34.868,136,3,0.0,0.0,611.09716796875,-116.6805419921875
34.892,136,3,0.0,0.0,611.09716796875,-116.6805419921875
34.892,136,3,0.0,0.0,611.09716796875,-116.6805419921875
34.892,136,3,0.0,0.0,611.09716796875,-116.6805419921875
34.915,136,3,0.0,0.0,611.09716796875,-116.6805419921875
34.931,136,3,0.0,0.0,611.09716796875,-116.6805419921875
34.931,136,3,0.0,0.0,611.09716796875,-116.6805419921875
34.932,136,3,0.0,0.0,611.09716796875,-116.6805419921875
34.973,136,3,0.0,0.0,611.09716796875,-116.6805419921875
35.012,136,3,0.0,0.0,611.09716796875,-116.6805419921875
35.012,136,3,0.0,0.0,611.09716796875,-116.6805419921875
35.012,136,3,0.0,0.0,611.09716796875,-116.6805419921875
35.051,136,3,0.0,0.0,611.09716796875,-116.6805419921875
35.051,136,3,0.0,0.0,611.09716796875,-116.6805419921875
35.052,136,3,0.0,0.0,611.09716796875,-116.6805419921875
35.091,136,3,0.0,0.0,611.09716796875,-116.6805419921875
35.092,136,3,0.0,0.0,611.09716796875,-116.6805419921875
35.092,136,3,0.0,0.0,611.09716796875,-116.6805419921875
35.117,136,3,0.0,0.0,611.09716796875,-116.6805419921875
35.131,136,3,0.0,0.0,611.09716796875,-116.6805419921875
35.131,136,3,0.0,0.0,611.09716796875,-116.6805419921875
35.132,136,3,0.0,0.0,611.09716796875,-116.6805419921875
35.166,136,3,0.0,0.0,611.09716796875,-116.6805419921875
35.211,136,3,0.0,0.0,611.09716796875,-116.6805419921875
35.212,136,3,0.0,0.0,611.09716796875,-116.6805419921875
35.212,136,3,0.0,0.0,611.09716796875,-116.6805419921875
35.251,136,3,0.0,0.0,611.09716796875,-116.6805419921875
35.251,136,3,0.0,0.0,611.09716796875,-116.6805419921875
35.252,136,3,0.0,0.0,611.09716796875,-116.6805419921875
35.265,136,3,0.0,0.0,611.09716796875,-116.6805419921875
35.291,136,3,0.0,0.0,611.09716796875,-116.6805419921875
35.292,136,3,0.0,0.0,611.09716796875,-116.6805419921875
35.292,136,3,0.0,0.0,611.09716796875,-116.6805419921875
35.317,136,3,0.0,0.0,611.09716796875,-116.6805419921875
35.331,136,3,0.0,0.0,611.09716796875,-116.6805419921875
35.331,136,3,0.0,0.0,611.09716796875,-116.6805419921875
35.331,136,3,0.0,0.0,611.09716796875,-116.6805419921875
35.367,136,3,0.0,0.0,611.09716796875,-116.6805419921875
35.412,136,3,0.0,0.0,611.09716796875,-116.6805419921875
35.412,136,3,0.0,0.0,611.09716796875,-116.6805419921875
35.412,136,3,0.0,0.0,611.09716796875,-116.6805419921875
35.45,136,3,0.0,0.0,611.09716796875,-116.6805419921875
35.451,136,3,0.0,0.0,611.09716796875,-116.6805419921875
35.451,136,3,0.0,0.0,611.09716796875,-116.6805419921875
35.492,136,3,0.0,0.0,611.09716796875,-116.6805419921875
35.492,136,3,0.0,0.0,611.09716796875,-116.6805419921875
35.492,136,3,0.0,0.0,611.09716796875,-116.6805419921875
35.517,136,3,0.0,0.0,611.09716796875,-116.6805419921875
35.531,136,3,0.0,0.0,611.09716796875,-116.6805419921875
35.531,136,3,0.0,0.0,611.09716796875,-116.6805419921875
35.531,136,3,0.0,0.0,611.09716796875,-116.6805419921875
35.582,136,3,0.0,0.0,611.09716796875,-116.6805419921875
35.612,136,3,0.0,0.0,611.09716796875,-116.6805419921875
35.612,136,3,0.0,0.0,611.09716796875,-116.6805419921875
35.612,136,3,0.0,0.0,611.09716796875,-116.6805419921875
35.654,136,3,0.0,0.0,611.09716796875,-116.6805419921875
35.654,136,3,0.0,0.0,611.09716796875,-116.6805419921875
35.655,136,3,0.0,0.0,611.09716796875,-116.6805419921875
35.692,136,3,0.0,0.0,611.09716796875,-116.6805419921875
35.692,136,3,0.0,0.0,611.09716796875,-116.6805419921875
35.692,136,3,0.0,0.0,611.09716796875,-116.6805419921875
35.715,136,3,0.0,0.0,611.09716796875,-116.6805419921875
35.731,136,3,0.0,0.0,611.09716796875,-116.6805419921875
35.731,136,3,0.0,0.0,611.09716796875,-116.6805419921875
35.731,136,3,0.0,0.0,611.09716796875,-116.6805419921875
35.782,136,3,0.0,0.0,611.09716796875,-116.6805419921875
35.812,136,3,0.0,0.0,611.09716796875,-116.6805419921875
35.812,136,3,0.0,0.0,611.09716796875,-116.6805419921875
35.812,136,3,0.0,0.0,611.09716796875,-116.6805419921875
35.851,136,3,0.0,0.0,611.09716796875,-116.6805419921875
35.852,136,3,0.0,0.0,611.09716796875,-116.6805419921875
35.852,136,3,0.0,0.0,611.09716796875,-116.6805419921875
35.868,136,3,0.0,0.0,611.09716796875,-116.6805419921875
35.892,136,3,0.0,0.0,611.09716796875,-116.6805419921875
35.892,136,3,0.0,0.0,611.09716796875,-116.6805419921875
35.892,136,3,0.0,0.0,611.09716796875,-116.6805419921875
35.92,136,3,0.0,0.0,611.09716796875,-116.6805419921875
35.931,136,3,0.0,0.0,611.09716796875,-116.6805419921875
35.931,136,3,0.0,0.0,611.09716796875,-116.6805419921875
35.931,136,3,0.0,0.0,611.09716796875,-116.6805419921875
35.982,136,3,0.0,0.0,611.09716796875,-116.6805419921875
36.012,136,3,0.0,0.0,611.09716796875,-116.6805419921875
36.012,136,3,0.0,0.0,611.09716796875,-116.6805419921875
36.012,136,3,0.0,0.0,611.09716796875,-116.6805419921875
36.051,136,3,0.0,0.0,611.09716796875,-116.6805419921875
36.052,136,3,0.0,0.0,611.09716796875,-116.6805419921875
36.052,136,3,0.0,0.0,611.09716796875,-116.6805419921875
36.069,136,3,0.0,0.0,611.09716796875,-116.6805419921875
36.093,136,3,0.0,0.0,611.09716796875,-116.6805419921875
36.093,136,3,0.0,0.0,611.09716796875,-116.6805419921875
36.093,136,3,0.0,0.0,611.09716796875,-116.6805419921875
36.116,136,3,0.0,0.0,611.09716796875,-116.6805419921875
36.131,136,3,0.0,0.0,611.09716796875,-116.6805419921875
36.132,136,3,0.0,0.0,611.09716796875,-116.6805419921875
36.132,136,3,0.0,0.0,611.09716796875,-116.6805419921875
36.169,136,3,0.0,0.0,611.09716796875,-116.6805419921875
36.211,136,3,0.0,0.0,611.09716796875,-116.6805419921875
36.211,136,3,0.0,0.0,611.09716796875,-116.6805419921875
36.212,136,3,0.0,0.0,611.09716796875,-116.6805419921875
36.251,136,3,0.0,0.0,611.09716796875,-116.6805419921875
36.252,136,3,0.0,0.0,611.09716796875,-116.6805419921875
36.252,136,3,0.0,0.0,611.09716796875,-116.6805419921875
36.292,136,3,0.0,0.0,611.09716796875,-116.6805419921875
36.292,136,3,0.0,0.0,611.09716796875,-116.6805419921875
36.294,136,3,0.0,0.0,611.09716796875,-116.6805419921875
36.331,136,3,0.0,0.0,611.09716796875,-116.6805419921875
36.331,136,3,0.0,0.0,611.09716796875,-116.6805419921875
36.331,136,3,0.0,0.0,611.09716796875,-116.6805419921875
36.382,136,3,0.0,0.0,611.09716796875,-116.6805419921875
36.411,136,3,0.0,0.0,611.09716796875,-116.6805419921875
36.411,136,3,0.0,0.0,611.09716796875,-116.6805419921875
36.411,136,3,0.0,0.0,611.09716796875,-116.6805419921875
36.451,136,3,0.0,0.0,611.09716796875,-116.6805419921875
36.451,136,3,0.0,0.0,611.09716796875,-116.6805419921875
36.452,136,3,0.0,0.0,611.09716796875,-116.6805419921875
36.491,136,3,0.0,0.0,611.09716796875,-116.6805419921875
36.492,136,3,0.0,0.0,611.09716796875,-116.6805419921875
36.493,136,3,0.0,0.0,611.09716796875,-116.6805419921875
36.516,136,3,0.0,0.0,611.09716796875,-116.6805419921875
36.531,136,3,0.0,0.0,611.09716796875,-116.6805419921875
36.531,136,3,0.0,0.0,611.09716796875,-116.6805419921875
36.532,136,3,0.0,0.0,611.09716796875,-116.6805419921875
36.567,136,3,0.0,0.0,611.09716796875,-116.6805419921875
36.611,136,3,0.0,0.0,611.09716796875,-116.6805419921875
36.611,136,3,0.0,0.0,611.09716796875,-116.6805419921875
36.611,136,3,0.0,0.0,611.09716796875,-116.6805419921875
36.652,136,3,0.0,0.0,611.09716796875,-116.6805419921875
36.652,136,3,0.0,0.0,611.09716796875,-116.6805419921875
36.653,136,3,0.0,0.0,611.09716796875,-116.6805419921875
36.691,136,3,0.0,0.0,611.09716796875,-116.6805419921875
36.692,136,3,0.0,0.0,611.09716796875,-116.6805419921875
36.692,136,3,0.0,0.0,611.09716796875,-116.6805419921875
36.719,136,3,0.0,0.0,611.09716796875,-116.6805419921875
36.731,136,3,0.0,0.0,611.09716796875,-116.6805419921875
36.731,136,3,0.0,0.0,611.09716796875,-116.6805419921875
36.731,136,3,0.0,0.0,611.09716796875,-116.6805419921875
36.766,136,3,0.0,0.0,611.09716796875,-116.6805419921875
36.811,136,3,0.0,0.0,611.09716796875,-116.6805419921875
36.811,136,3,0.0,0.0,611.09716796875,-116.6805419921875
36.812,136,3,0.0,0.0,611.09716796875,-116.6805419921875
36.851,136,3,0.0,0.0,611.09716796875,-116.6805419921875
36.852,136,3,0.0,0.0,611.09716796875,-116.6805419921875
36.852,136,3,0.0,0.0,611.09716796875,-116.6805419921875
36.891,136,3,0.0,0.0,611.09716796875,-116.6805419921875
36.891,136,3,0.0,0.0,611.09716796875,-116.6805419921875
36.892,136,3,0.0,0.0,611.09716796875,-116.6805419921875
36.917,136,3,0.0,0.0,611.09716796875,-116.6805419921875
36.931,136,3,0.0,0.0,611.09716796875,-116.6805419921875
36.931,136,3,0.0,0.0,611.09716796875,-116.6805419921875
36.932,136,3,0.0,0.0,611.09716796875,-116.6805419921875
36.967,136,3,0.0,0.0,611.09716796875,-116.6805419921875
37.012,136,3,0.0,0.0,611.09716796875,-116.6805419921875
37.012,136,3,0.0,0.0,611.09716796875,-116.6805419921875
37.012,136,3,0.0,0.0,611.09716796875,-116.6805419921875
37.052,136,3,0.0,0.0,611.09716796875,-116.6805419921875
37.052,136,3,0.0,0.0,611.09716796875,-116.6805419921875
37.052,136,3,0.0,0.0,611.09716796875,-116.6805419921875
37.068,136,3,0.0,0.0,611.09716796875,-116.6805419921875
37.092,136,3,0.0,0.0,611.09716796875,-116.6805419921875
37.092,136,3,0.0,0.0,611.09716796875,-116.6805419921875
37.092,136,3,0.0,0.0,611.09716796875,-116.6805419921875
37.118,136,3,0.0,0.0,611.09716796875,-116.6805419921875
37.131,136,3,0.0,0.0,611.09716796875,-116.6805419921875
37.131,136,3,0.0,0.0,611.09716796875,-116.6805419921875
37.131,136,3,0.0,0.0,611.09716796875,-116.6805419921875
37.167,136,3,0.0,0.0,611.09716796875,-116.6805419921875
37.212,136,3,0.0,0.0,611.09716796875,-116.6805419921875
37.212,136,3,0.0,0.0,611.09716796875,-116.6805419921875
37.212,136,3,0.0,0.0,611.09716796875,-116.6805419921875
37.251,136,3,0.0,0.0,611.09716796875,-116.6805419921875
37.251,136,3,0.0,0.0,611.09716796875,-116.6805419921875
37.253,136,3,0.0,0.0,611.09716796875,-116.6805419921875
37.269,136,3,0.0,0.0,611.09716796875,-116.6805419921875
37.292,136,3,0.0,0.0,611.09716796875,-116.6805419921875
37.293,136,3,0.0,0.0,611.09716796875,-116.6805419921875
37.293,136,3,0.0,0.0,611.09716796875,-116.6805419921875
37.332,136,3,0.0,0.0,611.09716796875,-116.6805419921875
37.332,136,3,0.0,0.0,611.09716796875,-116.6805419921875
37.332,136,3,0.0,0.0,611.09716796875,-116.6805419921875
37.367,136,3,0.0,0.0,611.09716796875,-116.6805419921875
37.412,136,3,0.0,0.0,611.09716796875,-116.6805419921875
37.412,136,3,0.0,0.0,611.09716796875,-116.6805419921875
37.412,136,3,0.0,0.0,611.09716796875,-116.6805419921875
37.451,136,3,0.0,0.0,611.09716796875,-116.6805419921875
37.451,136,3,0.0,0.0,611.09716796875,-116.6805419921875
37.452,136,3,0.0,0.0,611.09716796875,-116.6805419921875
37.465,136,3,0.0,0.0,611.09716796875,-116.6805419921875
37.491,136,3,0.0,0.0,611.09716796875,-116.6805419921875
37.491,136,3,0.0,0.0,611.09716796875,-116.6805419921875
37.491,136,3,0.0,0.0,611.09716796875,-116.6805419921875
37.516,136,3,0.0,0.0,611.09716796875,-116.6805419921875
37.531,136,3,0.0,0.0,611.09716796875,-116.6805419921875
37.531,136,3,0.0,0.0,611.09716796875,-116.6805419921875
37.531,136,3,0.0,0.0,611.09716796875,-116.6805419921875
37.568,136,3,0.0,0.0,611.09716796875,-116.6805419921875
37.611,136,3,0.0,0.0,611.09716796875,-116.6805419921875
37.612,136,3,0.0,0.0,611.09716796875,-116.6805419921875
37.612,136,3,0.0,0.0,611.09716796875,-116.6805419921875
37.651,136,3,0.0,0.0,611.09716796875,-116.6805419921875
37.652,136,3,0.0,0.0,611.09716796875,-116.6805419921875
37.652,136,3,0.0,0.0,611.09716796875,-116.6805419921875
37.669,136,3,0.0,0.0,611.09716796875,-116.6805419921875
37.692,136,3,0.0,0.0,611.09716796875,-116.6805419921875
37.693,136,3,0.0,0.0,611.09716796875,-116.6805419921875
37.694,136,3,0.0,0.0,611.09716796875,-116.6805419921875
37.717,136,3,0.0,0.0,611.09716796875,-116.6805419921875
37.731,136,3,0.0,0.0,611.09716796875,-116.6805419921875
37.731,136,3,0.0,0.0,611.09716796875,-116.6805419921875
37.731,136,3,0.0,0.0,611.09716796875,-116.6805419921875
37.767,136,3,0.0,0.0,611.09716796875,-116.6805419921875
37.811,136,3,0.0,0.0,611.09716796875,-116.6805419921875
37.811,136,3,0.0,0.0,611.09716796875,-116.6805419921875
37.811,136,3,0.0,0.0,611.09716796875,-116.6805419921875
37.851,136,3,0.0,0.0,611.09716796875,-116.6805419921875
37.851,136,3,0.0,0.0,611.09716796875,-116.6805419921875
37.851,136,3,0.0,0.0,611.09716796875,-116.6805419921875
37.867,136,3,0.0,0.0,611.09716796875,-116.6805419921875
37.891,136,3,0.0,0.0,611.09716796875,-116.6805419921875
37.891,136,3,0.0,0.0,611.09716796875,-116.6805419921875
37.891,136,3,0.0,0.0,611.09716796875,-116.6805419921875
37.931,136,3,0.0,0.0,611.09716796875,-116.6805419921875
37.931,136,3,0.0,0.0,611.09716796875,-116.6805419921875
37.931,136,3,0.0,0.0,611.09716796875,-116.6805419921875
37.982,136,3,0.0,0.0,611.09716796875,-116.6805419921875
38.011,136,3,0.0,0.0,611.09716796875,-116.6805419921875
38.011,136,3,0.0,0.0,611.09716796875,-116.6805419921875
38.012,136,3,0.0,0.0,611.09716796875,-116.6805419921875
38.051,136,3,0.0,0.0,611.09716796875,-116.6805419921875
38.052,136,3,0.0,0.0,611.09716796875,-116.6805419921875
38.052,136,3,0.0,0.0,611.09716796875,-116.6805419921875
38.091,136,3,0.0,0.0,611.09716796875,-116.6805419921875
38.091,136,3,0.0,0.0,611.09716796875,-116.6805419921875
38.092,136,3,0.0,0.0,611.09716796875,-116.6805419921875
38.119,136,3,0.0,0.0,611.09716796875,-116.6805419921875
38.131,136,3,0.0,0.0,611.09716796875,-116.6805419921875
38.131,136,3,0.0,0.0,611.09716796875,-116.6805419921875
38.132,136,3,0.0,0.0,611.09716796875,-116.6805419921875
38.166,136,3,0.0,0.0,611.09716796875,-116.6805419921875
38.212,136,3,0.0,0.0,611.09716796875,-116.6805419921875
38.212,136,3,0.0,0.0,611.09716796875,-116.6805419921875
38.212,136,3,0.0,0.0,611.09716796875,-116.6805419921875
38.251,136,3,0.0,0.0,611.09716796875,-116.6805419921875
38.251,136,3,0.0,0.0,611.09716796875,-116.6805419921875
38.251,136,3,0.0,0.0,611.09716796875,-116.6805419921875
38.267,136,3,0.0,0.0,611.09716796875,-116.6805419921875
38.291,136,3,0.0,0.0,611.09716796875,-116.6805419921875
38.291,136,3,0.0,0.0,611.09716796875,-116.6805419921875
38.292,136,3,0.0,0.0,611.09716796875,-116.6805419921875
38.317,136,3,0.0,0.0,611.09716796875,-116.6805419921875
38.331,136,3,0.0,0.0,611.09716796875,-116.6805419921875
38.331,136,3,0.0,0.0,611.09716796875,-116.6805419921875
38.332,136,3,0.0,0.0,611.09716796875,-116.6805419921875
38.37,136,3,0.0,0.0,611.09716796875,-116.6805419921875
38.411,136,3,0.0,0.0,611.09716796875,-116.6805419921875
38.412,136,3,0.0,0.0,611.09716796875,-116.6805419921875
38.412,136,3,0.0,0.0,611.09716796875,-116.6805419921875
38.451,136,3,0.0,0.0,611.09716796875,-116.6805419921875
38.451,136,3,0.0,0.0,611.09716796875,-116.6805419921875
38.451,136,3,0.0,0.0,611.09716796875,-116.6805419921875
38.467,136,3,0.0,0.0,611.09716796875,-116.6805419921875
38.492,136,3,0.0,0.0,611.09716796875,-116.6805419921875
38.493,136,3,0.0,0.0,611.09716796875,-116.6805419921875
38.493,136,3,0.0,0.0,611.09716796875,-116.6805419921875
38.531,136,3,0.0,0.0,611.09716796875,-116.6805419921875
38.532,136,3,0.0,0.0,611.09716796875,-116.6805419921875
38.532,136,3,0.0,0.0,611.09716796875,-116.6805419921875
38.573,136,3,0.0,0.0,611.09716796875,-116.6805419921875
38.612,136,3,0.0,0.0,611.09716796875,-116.6805419921875
38.612,136,3,0.0,0.0,611.09716796875,-116.6805419921875
38.612,136,3,0.0,0.0,611.09716796875,-116.6805419921875
38.651,136,3,0.0,0.0,611.09716796875,-116.6805419921875
38.652,136,3,0.0,0.0,611.09716796875,-116.6805419921875
38.652,136,3,0.0,0.0,611.09716796875,-116.6805419921875
38.667,136,3,0.0,0.0,611.09716796875,-116.6805419921875
38.691,136,3,0.0,0.0,611.09716796875,-116.6805419921875
38.692,136,3,0.0,0.0,611.09716796875,-116.6805419921875
38.694,136,3,0.0,0.0,611.09716796875,-116.6805419921875
38.717,136,3,0.0,0.0,611.09716796875,-116.6805419921875
38.731,136,3,0.0,0.0,611.09716796875,-116.6805419921875
38.731,136,3,0.0,0.0,611.09716796875,-116.6805419921875
38.731,136,3,0.0,0.0,611.09716796875,-116.6805419921875
38.768,136,3,0.0,0.0,611.09716796875,-116.6805419921875
38.811,136,3,0.0,0.0,611.09716796875,-116.6805419921875
38.811,136,3,0.0,0.0,611.09716796875,-116.6805419921875
38.812,136,3,0.0,0.0,611.09716796875,-116.6805419921875
38.851,136,3,0.0,0.0,611.09716796875,-116.6805419921875
38.851,136,3,0.0,0.0,611.09716796875,-116.6805419921875
38.851,136,3,0.0,0.0,611.09716796875,-116.6805419921875
38.891,136,3,0.0,0.0,611.09716796875,-116.6805419921875
38.892,136,3,0.0,0.0,611.09716796875,-116.6805419921875
38.892,136,3,0.0,0.0,611.09716796875,-116.6805419921875
38.92,136,3,0.0,0.0,611.09716796875,-116.6805419921875
38.932,136,3,0.0,0.0,611.09716796875,-116.6805419921875
38.932,136,3,0.0,0.0,611.09716796875,-116.6805419921875
38.932,136,3,0.0,0.0,611.09716796875,-116.6805419921875
38.983,136,3,0.0,0.0,611.09716796875,-116.6805419921875
39.011,136,3,0.0,0.0,611.09716796875,-116.6805419921875
39.011,136,3,0.0,0.0,611.09716796875,-116.6805419921875
39.012,136,3,0.0,0.0,611.09716796875,-116.6805419921875
39.052,136,3,0.0,0.0,611.09716796875,-116.6805419921875
39.052,136,3,0.0,0.0,611.09716796875,-116.6805419921875
39.052,136,3,0.0,0.0,611.09716796875,-116.6805419921875
39.067,136,3,0.0,0.0,611.09716796875,-116.6805419921875
39.091,136,3,0.0,0.0,611.09716796875,-116.6805419921875
39.092,136,3,0.0,0.0,611.09716796875,-116.6805419921875
39.092,136,3,0.0,0.0,611.09716796875,-116.6805419921875
39.118,136,3,0.0,0.0,611.09716796875,-116.6805419921875
39.132,136,3,0.0,0.0,611.09716796875,-116.6805419921875
39.132,136,3,0.0,0.0,611.09716796875,-116.6805419921875
39.132,136,3,0.0,0.0,611.09716796875,-116.6805419921875
39.168,136,3,0.0,0.0,611.09716796875,-116.6805419921875
39.212,136,3,0.0,0.0,611.09716796875,-116.6805419921875
39.212,136,3,0.0,0.0,611.09716796875,-116.6805419921875
39.213,136,3,0.0,0.0,611.09716796875,-116.6805419921875
39.251,136,3,0.0,0.0,611.09716796875,-116.6805419921875
39.252,136,3,0.0,0.0,611.09716796875,-116.6805419921875
39.252,136,3,0.0,0.0,611.09716796875,-116.6805419921875
39.268,136,3,0.0,0.0,611.09716796875,-116.6805419921875
39.292,136,3,0.0,0.0,611.09716796875,-116.6805419921875
39.292,136,3,0.0,0.0,611.09716796875,-116.6805419921875
39.292,136,3,0.0,0.0,611.09716796875,-116.6805419921875
39.318,136,3,0.0,0.0,611.09716796875,-116.6805419921875
39.33,136,3,0.0,0.0,611.09716796875,-116.6805419921875
39.33,136,3,0.0,0.0,611.09716796875,-116.6805419921875
39.331,136,3,0.0,0.0,611.09716796875,-116.6805419921875
39.367,136,3,0.0,0.0,611.09716796875,-116.6805419921875
39.412,136,3,0.0,0.0,611.09716796875,-116.6805419921875
39.412,136,3,0.0,0.0,611.09716796875,-116.6805419921875
39.412,136,3,0.0,0.0,611.09716796875,-116.6805419921875
39.451,136,3,0.0,0.0,611.09716796875,-116.6805419921875
39.452,136,3,0.0,0.0,611.09716796875,-116.6805419921875
39.452,136,3,0.0,0.0,611.09716796875,-116.6805419921875
39.492,136,3,0.0,0.0,611.09716796875,-116.6805419921875
39.492,136,3,0.0,0.0,611.09716796875,-116.6805419921875
39.493,136,3,0.0,0.0,611.09716796875,-116.6805419921875
39.514,136,3,0.0,0.0,611.09716796875,-116.6805419921875
39.532,136,3,0.0,0.0,611.09716796875,-116.6805419921875
39.532,136,3,0.0,0.0,611.09716796875,-116.6805419921875
39.532,136,3,0.0,0.0,611.09716796875,-116.6805419921875
39.568,136,3,0.0,0.0,611.09716796875,-116.6805419921875
39.611,136,3,0.0,0.0,611.09716796875,-116.6805419921875
39.612,136,3,0.0,0.0,611.09716796875,-116.6805419921875
39.612,136,3,0.0,0.0,611.09716796875,-116.6805419921875
39.651,136,3,0.0,0.0,611.09716796875,-116.6805419921875
39.651,136,3,0.0,0.0,611.09716796875,-116.6805419921875
39.654,136,3,0.0,0.0,611.09716796875,-116.6805419921875
39.691,136,3,0.0,0.0,611.09716796875,-116.6805419921875
39.692,136,3,0.0,0.0,611.09716796875,-116.6805419921875
39.692,136,3,0.0,0.0,611.09716796875,-116.6805419921875
39.733,136,3,0.0,0.0,611.09716796875,-116.6805419921875
39.733,136,3,0.0,0.0,611.09716796875,-116.6805419921875
39.733,136,3,0.0,0.0,611.09716796875,-116.6805419921875
39.784,136,3,0.0,0.0,611.09716796875,-116.6805419921875
39.811,136,3,0.0,0.0,611.09716796875,-116.6805419921875
39.812,136,3,0.0,0.0,611.09716796875,-116.6805419921875
39.812,136,3,0.0,0.0,611.09716796875,-116.6805419921875
39.851,136,3,0.0,0.0,611.09716796875,-116.6805419921875
39.851,136,3,0.0,0.0,611.09716796875,-116.6805419921875
39.851,136,3,0.0,0.0,611.09716796875,-116.6805419921875
39.891,136,3,0.0,0.0,611.09716796875,-116.6805419921875
39.891,136,3,0.0,0.0,611.09716796875,-116.6805419921875
39.892,136,3,0.0,0.0,611.09716796875,-116.6805419921875
39.915,136,3,0.0,0.0,611.09716796875,-116.6805419921875
39.931,136,3,0.0,0.0,611.09716796875,-116.6805419921875
39.931,136,3,0.0,0.0,611.09716796875,-116.6805419921875
39.931,136,3,0.0,0.0,611.09716796875,-116.6805419921875
39.982,136,3,0.0,0.0,611.09716796875,-116.6805419921875
40.011,136,3,0.0,0.0,611.09716796875,-116.6805419921875
40.011,136,3,0.0,0.0,611.09716796875,-116.6805419921875
40.011,136,3,0.0,0.0,611.09716796875,-116.6805419921875
40.052,136,3,0.0,0.0,611.09716796875,-116.6805419921875
40.053,136,3,0.0,0.0,611.09716796875,-116.6805419921875
40.053,136,3,0.0,0.0,611.09716796875,-116.6805419921875
40.065,136,3,0.0,0.0,611.09716796875,-116.6805419921875
40.092,136,3,0.0,0.0,611.09716796875,-116.6805419921875
40.092,136,3,0.0,0.0,611.09716796875,-116.6805419921875
40.092,136,3,0.0,0.0,611.09716796875,-116.6805419921875
40.131,136,3,0.0,0.0,611.09716796875,-116.6805419921875
40.131,136,3,0.0,0.0,611.09716796875,-116.6805419921875
40.131,136,3,0.0,0.0,611.09716796875,-116.6805419921875
40.182,136,3,0.0,0.0,611.09716796875,-116.6805419921875
40.211,136,3,0.0,0.0,611.09716796875,-116.6805419921875
40.212,136,3,0.0,0.0,611.09716796875,-116.6805419921875
40.212,136,3,0.0,0.0,611.09716796875,-116.6805419921875
40.251,136,3,0.0,0.0,611.09716796875,-116.6805419921875
40.251,136,3,0.0,0.0,611.09716796875,-116.6805419921875
40.252,136,3,0.0,0.0,611.09716796875,-116.6805419921875
40.268,136,3,0.0,0.0,611.09716796875,-116.6805419921875
40.291,136,3,0.0,0.0,611.09716796875,-116.6805419921875
40.292,136,3,0.0,0.0,611.09716796875,-116.6805419921875
40.292,136,3,0.0,0.0,611.09716796875,-116.6805419921875
40.316,136,3,0.0,0.0,611.09716796875,-116.6805419921875
40.332,136,3,0.0,0.0,611.09716796875,-116.6805419921875
40.332,136,3,0.0,0.0,611.09716796875,-116.6805419921875
40.332,136,3,0.0,0.0,611.09716796875,-116.6805419921875
40.382,136,3,0.0,0.0,611.09716796875,-116.6805419921875
40.411,136,3,0.0,0.0,611.09716796875,-116.6805419921875
40.412,136,3,0.0,0.0,611.09716796875,-116.6805419921875
40.412,136,3,0.0,0.0,611.09716796875,-116.6805419921875
40.451,136,3,0.0,0.0,611.09716796875,-116.6805419921875
40.451,136,3,0.0,0.0,611.09716796875,-116.6805419921875
40.452,136,3,0.0,0.0,611.09716796875,-116.6805419921875
40.468,136,3,0.0,0.0,611.09716796875,-116.6805419921875
40.491,136,3,0.0,0.0,611.09716796875,-116.6805419921875
40.492,136,3,0.0,0.0,611.09716796875,-116.6805419921875
40.492,136,3,0.0,0.0,611.09716796875,-116.6805419921875
40.532,136,3,0.0,0.0,611.09716796875,-116.6805419921875
40.532,136,3,0.0,0.0,611.09716796875,-116.6805419921875
40.532,136,3,0.0,0.0,611.09716796875,-116.6805419921875
40.566,136,3,0.0,0.0,611.09716796875,-116.6805419921875
40.611,136,3,0.0,0.0,611.09716796875,-116.6805419921875
40.611,136,3,0.0,0.0,611.09716796875,-116.6805419921875
40.611,136,3,0.0,0.0,611.09716796875,-116.6805419921875
40.652,136,3,0.0,0.0,611.09716796875,-116.6805419921875
40.652,136,3,0.0,0.0,611.09716796875,-116.6805419921875
40.652,136,3,0.0,0.0,611.09716796875,-116.6805419921875
40.668,136,3,0.0,0.0,611.09716796875,-116.6805419921875
40.691,136,3,0.0,0.0,611.09716796875,-116.6805419921875
40.692,136,3,0.0,0.0,611.09716796875,-116.6805419921875
40.692,136,3,0.0,0.0,611.09716796875,-116.6805419921875
40.716,136,3,0.0,0.0,611.09716796875,-116.6805419921875
40.731,136,3,0.0,0.0,611.09716796875,-116.6805419921875
40.731,136,3,0.0,0.0,611.09716796875,-116.6805419921875
40.732,136,3,0.0,0.0,611.09716796875,-116.6805419921875
40.769,136,3,0.0,0.0,611.09716796875,-116.6805419921875
40.811,136,3,0.0,0.0,611.09716796875,-116.6805419921875
40.811,136,3,0.0,0.0,611.09716796875,-116.6805419921875
40.811,136,3,0.0,0.0,611.09716796875,-116.6805419921875
40.852,136,3,0.0,0.0,611.09716796875,-116.6805419921875
40.852,136,3,0.0,0.0,611.09716796875,-116.6805419921875
40.853,136,3,0.0,0.0,611.09716796875,-116.6805419921875
40.865,136,3,0.0,0.0,611.09716796875,-116.6805419921875
40.891,136,3,0.0,0.0,611.09716796875,-116.6805419921875
40.891,136,3,0.0,0.0,611.09716796875,-116.6805419921875
40.891,136,3,0.0,0.0,611.09716796875,-116.6805419921875
40.931,136,3,0.0,0.0,611.09716796875,-116.6805419921875
40.932,136,3,0.0,0.0,611.09716796875,-116.6805419921875
40.932,136,3,0.0,0.0,611.09716796875,-116.6805419921875
40.982,136,3,0.0,0.0,611.09716796875,-116.6805419921875
41.011,136,3,0.0,0.0,611.09716796875,-116.6805419921875
41.011,136,3,0.0,0.0,611.09716796875,-116.6805419921875
41.011,136,3,0.0,0.0,611.09716796875,-116.6805419921875
41.051,136,3,0.0,0.0,611.09716796875,-116.6805419921875
41.052,136,3,0.0,0.0,611.09716796875,-116.6805419921875
41.052,136,3,0.0,0.0,611.09716796875,-116.6805419921875
41.091,136,3,0.0,0.0,611.09716796875,-116.6805419921875
41.092,136,3,0.0,0.0,611.09716796875,-116.6805419921875
41.092,136,3,0.0,0.0,611.09716796875,-116.6805419921875
41.119,136,3,0.0,0.0,611.09716796875,-116.6805419921875
41.131,136,3,0.0,0.0,611.09716796875,-116.6805419921875
41.131,136,3,0.0,0.0,611.09716796875,-116.6805419921875
41.131,136,3,0.0,0.0,611.09716796875,-116.6805419921875
41.166,136,3,0.0,0.0,611.09716796875,-116.6805419921875
41.212,136,3,0.0,0.0,611.09716796875,-116.6805419921875
41.212,136,3,0.0,0.0,611.09716796875,-116.6805419921875
41.212,136,3,0.0,0.0,611.09716796875,-116.6805419921875
41.251,136,3,0.0,0.0,611.09716796875,-116.6805419921875
41.251,136,3,0.0,0.0,611.09716796875,-116.6805419921875
41.251,136,3,0.0,0.0,611.09716796875,-116.6805419921875
41.269,136,3,0.0,0.0,611.09716796875,-116.6805419921875
41.291,136,3,0.0,0.0,611.09716796875,-116.6805419921875
41.291,136,3,0.0,0.0,611.09716796875,-116.6805419921875
41.292,136,3,0.0,0.0,611.09716796875,-116.6805419921875
41.317,136,3,0.0,0.0,611.09716796875,-116.6805419921875
41.331,136,3,0.0,0.0,611.09716796875,-116.6805419921875
41.331,136,3,0.0,0.0,611.09716796875,-116.6805419921875
41.331,136,3,0.0,0.0,611.09716796875,-116.6805419921875
41.369,136,3,0.0,0.0,611.09716796875,-116.6805419921875
41.411,136,3,0.0,0.0,611.09716796875,-116.6805419921875
41.411,136,3,0.0,0.0,611.09716796875,-116.6805419921875
41.412,136,3,0.0,0.0,611.09716796875,-116.6805419921875
41.452,136,3,0.0,0.0,611.09716796875,-116.6805419921875
41.452,136,3,0.0,0.0,611.09716796875,-116.6805419921875
41.455,136,3,0.0,0.0,611.09716796875,-116.6805419921875
41.492,136,3,0.0,0.0,611.09716796875,-116.6805419921875
41.492,136,3,0.0,0.0,611.09716796875,-116.6805419921875
41.493,136,3,0.0,0.0,611.09716796875,-116.6805419921875
41.516,136,3,0.0,0.0,611.09716796875,-116.6805419921875
41.532,136,3,0.0,0.0,611.09716796875,-116.6805419921875
41.532,136,3,0.0,0.0,611.09716796875,-116.6805419921875
41.532,136,3,0.0,0.0,611.09716796875,-116.6805419921875
41.567,136,3,0.0,0.0,611.09716796875,-116.6805419921875
41.611,136,3,0.0,0.0,611.09716796875,-116.6805419921875
41.612,136,3,0.0,0.0,611.09716796875,-116.6805419921875
41.612,136,3,0.0,0.0,611.09716796875,-116.6805419921875
41.651,136,3,0.0,0.0,611.09716796875,-116.6805419921875
41.651,136,3,0.0,0.0,611.09716796875,-116.6805419921875
41.651,136,3,0.0,0.0,611.09716796875,-116.6805419921875
41.668,136,3,0.0,0.0,611.09716796875,-116.6805419921875
41.691,136,3,0.0,0.0,611.09716796875,-116.6805419921875
41.692,136,3,0.0,0.0,611.09716796875,-116.6805419921875
41.692,136,3,0.0,0.0,611.09716796875,-116.6805419921875
41.715,136,3,0.0,0.0,611.09716796875,-116.6805419921875
41.731,136,3,0.0,0.0,611.09716796875,-116.6805419921875
41.731,136,3,0.0,0.0,611.09716796875,-116.6805419921875
41.731,136,3,0.0,0.0,611.09716796875,-116.6805419921875
41.782,136,3,0.0,0.0,611.09716796875,-116.6805419921875
41.811,136,3,0.0,0.0,611.09716796875,-116.6805419921875
41.811,136,3,0.0,0.0,611.09716796875,-116.6805419921875
41.812,136,3,0.0,0.0,611.09716796875,-116.6805419921875
41.851,136,3,0.0,0.0,611.09716796875,-116.6805419921875
41.852,136,3,0.0,0.0,611.09716796875,-116.6805419921875
41.852,136,3,0.0,0.0,611.09716796875,-116.6805419921875
41.869,136,3,0.0,0.0,611.09716796875,-116.6805419921875
41.891,136,3,0.0,0.0,611.09716796875,-116.6805419921875
41.891,136,3,0.0,0.0,611.09716796875,-116.6805419921875
41.894,136,3,0.0,0.0,611.09716796875,-116.6805419921875
41.916,136,3,0.0,0.0,611.09716796875,-116.6805419921875
41.93,136,3,0.0,0.0,611.09716796875,-116.6805419921875
41.931,136,3,0.0,0.0,611.09716796875,-116.6805419921875
41.931,136,3,0.0,0.0,611.09716796875,-116.6805419921875
41.965,136,3,0.0,0.0,611.09716796875,-116.6805419921875
42.011,136,3,0.0,0.0,611.09716796875,-116.6805419921875
42.011,136,3,0.0,0.0,611.09716796875,-116.6805419921875
42.011,136,3,0.0,0.0,611.09716796875,-116.6805419921875
42.052,136,3,0.0,0.0,611.09716796875,-116.6805419921875
42.053,136,3,0.0,0.0,611.09716796875,-116.6805419921875
42.053,136,3,0.0,0.0,611.09716796875,-116.6805419921875
42.068,136,3,0.0,0.0,611.09716796875,-116.6805419921875
42.092,136,3,0.0,0.0,611.09716796875,-116.6805419921875
42.093,136,3,0.0,0.0,611.09716796875,-116.6805419921875
42.093,136,3,0.0,0.0,611.09716796875,-116.6805419921875
42.116,136,3,0.0,0.0,611.09716796875,-116.6805419921875
42.131,136,3,0.0,0.0,611.09716796875,-116.6805419921875
42.131,136,3,0.0,0.0,611.09716796875,-116.6805419921875
42.132,136,3,0.0,0.0,611.09716796875,-116.6805419921875
42.182,136,3,0.0,0.0,611.09716796875,-116.6805419921875
42.212,136,3,0.0,0.0,611.09716796875,-116.6805419921875
42.212,136,3,0.0,0.0,611.09716796875,-116.6805419921875
42.213,136,3,0.0,0.0,611.09716796875,-116.6805419921875
42.251,136,3,0.0,0.0,611.09716796875,-116.6805419921875
42.252,136,3,0.0,0.0,611.09716796875,-116.6805419921875
42.252,136,3,0.0,0.0,611.09716796875,-116.6805419921875
42.266,136,3,0.0,0.0,611.09716796875,-116.6805419921875
42.292,136,3,0.0,0.0,611.09716796875,-116.6805419921875
42.292,136,3,0.0,0.0,611.09716796875,-116.6805419921875
42.293,136,3,0.0,0.0,611.09716796875,-116.6805419921875
42.332,136,3,0.0,0.0,611.09716796875,-116.6805419921875
42.332,136,3,0.0,0.0,611.09716796875,-116.6805419921875
42.332,136,3,0.0,0.0,611.09716796875,-116.6805419921875
42.366,136,3,0.0,0.0,611.09716796875,-116.6805419921875
42.411,136,3,0.0,0.0,611.09716796875,-116.6805419921875
42.412,136,3,0.0,0.0,611.09716796875,-116.6805419921875
42.412,136,3,0.0,0.0,611.09716796875,-116.6805419921875
42.451,136,3,0.0,0.0,611.09716796875,-116.6805419921875
42.452,136,3,0.0,0.0,611.09716796875,-116.6805419921875
42.452,136,3,0.0,0.0,611.09716796875,-116.6805419921875
42.468,136,3,0.0,0.0,611.09716796875,-116.6805419921875
42.492,136,3,0.0,0.0,611.09716796875,-116.6805419921875
42.492,136,3,0.0,0.0,611.09716796875,-116.6805419921875
42.492,136,3,0.0,0.0,611.09716796875,-116.6805419921875
42.531,136,3,0.0,0.0,611.09716796875,-116.6805419921875
42.531,136,3,0.0,0.0,611.09716796875,-116.6805419921875
42.532,136,3,0.0,0.0,611.09716796875,-116.6805419921875
42.567,136,3,0.0,0.0,611.09716796875,-116.6805419921875
42.611,136,3,0.0,0.0,611.09716796875,-116.6805419921875
42.611,136,3,0.0,0.0,611.09716796875,-116.6805419921875
42.612,136,3,0.0,0.0,611.09716796875,-116.6805419921875
42.651,136,3,0.0,0.0,611.09716796875,-116.6805419921875
42.651,136,3,0.0,0.0,611.09716796875,-116.6805419921875
42.652,136,3,0.0,0.0,611.09716796875,-116.6805419921875
42.669,136,3,0.0,0.0,611.09716796875,-116.6805419921875
42.692,136,3,0.0,0.0,611.09716796875,-116.6805419921875
42.692,136,3,0.0,0.0,611.09716796875,-116.6805419921875
42.692,136,3,0.0,0.0,611.09716796875,-116.6805419921875
42.717,136,3,0.0,0.0,611.09716796875,-116.6805419921875
42.731,136,3,0.0,0.0,611.09716796875,-116.6805419921875
42.731,136,3,0.0,0.0,611.09716796875,-116.6805419921875
42.732,136,3,0.0,0.0,611.09716796875,-116.6805419921875
42.782,136,3,0.0,0.0,611.09716796875,-116.6805419921875
42.812,136,3,0.0,0.0,611.09716796875,-116.6805419921875
42.813,136,3,0.0,0.0,611.09716796875,-116.6805419921875
42.813,136,3,0.0,0.0,611.09716796875,-116.6805419921875
42.851,136,3,0.0,0.0,611.09716796875,-116.6805419921875
42.851,136,3,0.0,0.0,611.09716796875,-116.6805419921875
42.852,136,3,0.0,0.0,611.09716796875,-116.6805419921875
42.892,136,3,0.0,0.0,611.09716796875,-116.6805419921875
42.892,136,3,0.0,0.0,611.09716796875,-116.6805419921875
42.892,136,3,0.0,0.0,611.09716796875,-116.6805419921875
42.918,136,3,0.0,0.0,611.09716796875,-116.6805419921875
42.931,136,3,0.0,0.0,611.09716796875,-116.6805419921875
42.931,136,3,0.0,0.0,611.09716796875,-116.6805419921875
42.932,136,3,0.0,0.0,611.09716796875,-116.6805419921875
42.97,136,3,0.0,0.0,611.09716796875,-116.6805419921875
43.011,136,3,0.0,0.0,611.09716796875,-116.6805419921875
43.011,136,3,0.0,0.0,611.09716796875,-116.6805419921875
43.012,136,3,0.0,0.0,611.09716796875,-116.6805419921875
43.051,136,3,0.0,0.0,611.09716796875,-116.6805419921875
43.052,136,3,0.0,0.0,611.09716796875,-116.6805419921875
43.052,136,3,0.0,0.0,611.09716796875,-116.6805419921875
43.07,136,3,0.0,0.0,611.09716796875,-116.6805419921875
43.092,136,3,0.0,0.0,611.09716796875,-116.6805419921875
43.092,136,3,0.0,0.0,611.09716796875,-116.6805419921875
43.092,136,3,0.0,0.0,611.09716796875,-116.6805419921875
43.132,136,3,0.0,0.0,611.09716796875,-116.6805419921875
43.132,136,3,0.0,0.0,611.09716796875,-116.6805419921875
43.134,136,3,0.0,0.0,611.09716796875,-116.6805419921875
43.184,136,3,0.0,0.0,611.09716796875,-116.6805419921875
43.211,136,3,0.0,0.0,611.09716796875,-116.6805419921875
43.211,136,3,0.0,0.0,611.09716796875,-116.6805419921875
43.211,136,3,0.0,0.0,611.09716796875,-116.6805419921875
43.252,136,3,0.0,0.0,611.09716796875,-116.6805419921875
43.252,136,3,0.0,0.0,611.09716796875,-116.6805419921875
43.252,136,3,0.0,0.0,611.09716796875,-116.6805419921875
43.268,136,3,0.0,0.0,611.09716796875,-116.6805419921875
43.291,136,3,0.0,0.0,611.09716796875,-116.6805419921875
43.291,136,3,0.0,0.0,611.09716796875,-116.6805419921875
43.292,136,3,0.0,0.0,611.09716796875,-116.6805419921875
43.317,136,3,0.0,0.0,611.09716796875,-116.6805419921875
43.331,136,3,0.0,0.0,611.09716796875,-116.6805419921875
43.332,136,3,0.0,0.0,611.09716796875,-116.6805419921875
43.332,136,3,0.0,0.0,611.09716796875,-116.6805419921875
43.382,136,3,0.0,0.0,611.09716796875,-116.6805419921875
43.411,136,3,0.0,0.0,611.09716796875,-116.6805419921875
43.412,136,3,0.0,0.0,611.09716796875,-116.6805419921875
43.412,136,3,0.0,0.0,611.09716796875,-116.6805419921875
43.451,136,3,0.0,0.0,611.09716796875,-116.6805419921875
43.451,136,3,0.0,0.0,611.09716796875,-116.6805419921875
43.451,136,3,0.0,0.0,611.09716796875,-116.6805419921875
43.468,136,3,0.0,0.0,611.09716796875,-116.6805419921875
43.491,136,3,0.0,0.0,611.09716796875,-116.6805419921875
43.492,136,3,0.0,0.0,611.09716796875,-116.6805419921875
43.492,136,3,0.0,0.0,611.09716796875,-116.6805419921875
43.516,136,3,0.0,0.0,611.09716796875,-116.6805419921875
43.532,136,3,0.0,0.0,611.09716796875,-116.6805419921875
43.532,136,3,0.0,0.0,611.09716796875,-116.6805419921875
43.532,136,3,0.0,0.0,611.09716796875,-116.6805419921875
43.567,136,3,0.0,0.0,611.09716796875,-116.6805419921875
43.612,136,3,0.0,0.0,611.09716796875,-116.6805419921875
43.612,136,3,0.0,0.0,611.09716796875,-116.6805419921875
43.612,136,3,0.0,0.0,611.09716796875,-116.6805419921875
43.651,136,3,0.0,0.0,611.09716796875,-116.6805419921875
43.652,136,3,0.0,0.0,611.09716796875,-116.6805419921875
43.652,136,3,0.0,0.0,611.09716796875,-116.6805419921875
43.665,136,3,0.0,0.0,611.09716796875,-116.6805419921875
43.692,136,3,0.0,0.0,611.09716796875,-116.6805419921875
43.693,136,3,0.0,0.0,611.09716796875,-116.6805419921875
43.693,136,3,0.0,0.0,611.09716796875,-116.6805419921875
43.72,136,3,0.0,0.0,611.09716796875,-116.6805419921875
43.733,136,3,0.0,0.0,611.09716796875,-116.6805419921875
43.733,136,3,0.0,0.0,611.09716796875,-116.6805419921875
43.733,136,3,0.0,0.0,611.09716796875,-116.6805419921875
43.769,136,3,0.0,0.0,611.09716796875,-116.6805419921875
43.811,136,3,0.0,0.0,611.09716796875,-116.6805419921875
43.811,136,3,0.0,0.0,611.09716796875,-116.6805419921875
43.811,136,3,0.0,0.0,611.09716796875,-116.6805419921875
43.852,136,3,0.0,0.0,611.09716796875,-116.6805419921875
43.852,136,3,0.0,0.0,611.09716796875,-116.6805419921875
43.852,136,3,0.0,0.0,611.09716796875,-116.6805419921875
43.891,136,3,0.0,0.0,611.09716796875,-116.6805419921875
43.892,136,3,0.0,0.0,611.09716796875,-116.6805419921875
43.892,136,3,0.0,0.0,611.09716796875,-116.6805419921875
43.918,136,3,0.0,0.0,611.09716796875,-116.6805419921875
43.931,136,3,0.0,0.0,611.09716796875,-116.6805419921875
43.931,136,3,0.0,0.0,611.09716796875,-116.6805419921875
43.933,136,3,0.0,0.0,611.09716796875,-116.6805419921875
43.972,136,3,0.0,0.0,611.09716796875,-116.6805419921875
44.011,136,3,0.0,0.0,611.09716796875,-116.6805419921875
44.011,136,3,0.0,0.0,611.09716796875,-116.6805419921875
44.011,136,3,0.0,0.0,611.09716796875,-116.6805419921875
44.052,136,3,0.0,0.0,611.09716796875,-116.6805419921875
44.052,136,3,0.0,0.0,611.09716796875,-116.6805419921875
44.052,136,3,0.0,0.0,611.09716796875,-116.6805419921875
44.071,136,3,0.0,0.0,611.09716796875,-116.6805419921875
44.091,136,3,0.0,0.0,611.09716796875,-116.6805419921875
44.091,136,3,0.0,0.0,611.09716796875,-116.6805419921875
44.092,136,3,0.0,0.0,611.09716796875,-116.6805419921875
44.13,136,3,0.0,0.0,611.09716796875,-116.6805419921875
44.131,136,3,0.0,0.0,611.09716796875,-116.6805419921875
44.131,136,3,0.0,0.0,611.09716796875,-116.6805419921875
44.181,136,3,0.0,0.0,611.09716796875,-116.6805419921875
44.211,136,3,0.0,0.0,611.09716796875,-116.6805419921875
44.212,136,3,0.0,0.0,611.09716796875,-116.6805419921875
44.212,136,3,0.0,0.0,611.09716796875,-116.6805419921875
44.252,136,3,0.0,0.0,611.09716796875,-116.6805419921875
44.252,136,3,0.0,0.0,611.09716796875,-116.6805419921875
44.252,136,3,0.0,0.0,611.09716796875,-116.6805419921875
44.267,136,3,0.0,0.0,611.09716796875,-116.6805419921875
44.293,136,3,0.0,0.0,611.09716796875,-116.6805419921875
44.293,136,3,0.0,0.0,611.09716796875,-116.6805419921875
44.293,136,3,0.0,0.0,611.09716796875,-116.6805419921875
44.331,136,3,0.0,0.0,611.09716796875,-116.6805419921875
44.332,136,3,0.0,0.0,611.09716796875,-116.6805419921875
44.332,136,3,0.0,0.0,611.09716796875,-116.6805419921875
44.383,136,3,0.0,0.0,611.09716796875,-116.6805419921875
44.412,136,3,0.0,0.0,611.09716796875,-116.6805419921875
44.412,136,3,0.0,0.0,611.09716796875,-116.6805419921875
44.412,136,3,0.0,0.0,611.09716796875,-116.6805419921875
44.452,136,3,0.0,0.0,611.09716796875,-116.6805419921875
44.452,136,3,0.0,0.0,611.09716796875,-116.6805419921875
44.452,136,3,0.0,0.0,611.09716796875,-116.6805419921875
44.491,136,3,0.0,0.0,611.09716796875,-116.6805419921875
44.491,136,3,0.0,0.0,611.09716796875,-116.6805419921875
44.492,136,3,0.0,0.0,611.09716796875,-116.6805419921875
44.531,136,3,0.0,0.0,611.09716796875,-116.6805419921875
44.532,136,3,0.0,0.0,611.09716796875,-116.6805419921875
44.532,136,3,0.0,0.0,611.09716796875,-116.6805419921875
44.582,136,3,0.0,0.0,611.09716796875,-116.6805419921875
44.612,136,3,0.0,0.0,611.09716796875,-116.6805419921875
44.612,136,3,0.0,0.0,611.09716796875,-116.6805419921875
44.612,136,3,0.0,0.0,611.09716796875,-116.6805419921875
44.652,136,3,0.0,0.0,611.09716796875,-116.6805419921875
44.652,136,3,0.0,0.0,611.09716796875,-116.6805419921875
44.652,136,3,0.0,0.0,611.09716796875,-116.6805419921875
44.666,136,3,0.0,0.0,611.09716796875,-116.6805419921875
44.692,136,3,0.0,0.0,611.09716796875,-116.6805419921875
44.692,136,3,0.0,0.0,611.09716796875,-116.6805419921875
44.692,136,3,0.0,0.0,611.09716796875,-116.6805419921875
44.731,136,3,0.0,0.0,611.09716796875,-116.6805419921875
44.731,136,3,0.0,0.0,611.09716796875,-116.6805419921875
44.731,136,3,0.0,0.0,611.09716796875,-116.6805419921875
44.766,136,3,0.0,0.0,611.09716796875,-116.6805419921875
44.812,136,3,0.0,0.0,611.09716796875,-116.6805419921875
44.812,136,3,0.0,0.0,611.09716796875,-116.6805419921875
44.812,136,3,0.0,0.0,611.09716796875,-116.6805419921875
44.851,136,3,0.0,0.0,611.09716796875,-116.6805419921875
44.852,136,3,0.0,0.0,611.09716796875,-116.6805419921875
44.852,136,3,0.0,0.0,611.09716796875,-116.6805419921875
44.868,136,3,0.0,0.0,611.09716796875,-116.6805419921875
44.892,136,3,0.0,0.0,611.09716796875,-116.6805419921875
44.892,136,3,0.0,0.0,611.09716796875,-116.6805419921875
44.892,136,3,0.0,0.0,611.09716796875,-116.6805419921875
44.915,136,3,0.0,0.0,611.09716796875,-116.6805419921875
44.931,136,3,0.0,0.0,611.09716796875,-116.6805419921875
44.931,136,3,0.0,0.0,611.09716796875,-116.6805419921875
44.931,136,3,0.0,0.0,611.09716796875,-116.6805419921875
44.967,136,3,0.0,0.0,611.09716796875,-116.6805419921875
45.011,136,3,0.0,0.0,611.09716796875,-116.6805419921875
45.011,136,3,0.0,0.0,611.09716796875,-116.6805419921875
45.011,136,3,0.0,0.0,611.09716796875,-116.6805419921875
45.051,136,3,0.0,0.0,611.09716796875,-116.6805419921875
45.052,136,3,0.0,0.0,611.09716796875,-116.6805419921875
45.052,136,3,0.0,0.0,611.09716796875,-116.6805419921875
45.092,136,3,0.0,0.0,611.09716796875,-116.6805419921875
45.092,136,3,0.0,0.0,611.09716796875,-116.6805419921875
45.092,136,3,0.0,0.0,611.09716796875,-116.6805419921875
45.118,136,3,0.0,0.0,611.09716796875,-116.6805419921875
45.131,136,3,0.0,0.0,611.09716796875,-116.6805419921875
45.131,136,3,0.0,0.0,611.09716796875,-116.6805419921875
45.131,136,3,0.0,0.0,611.09716796875,-116.6805419921875
45.182,136,3,0.0,0.0,611.09716796875,-116.6805419921875
45.211,136,3,0.0,0.0,611.09716796875,-116.6805419921875
45.212,136,3,0.0,0.0,611.09716796875,-116.6805419921875
45.212,136,3,0.0,0.0,611.09716796875,-116.6805419921875
45.252,136,3,0.0,0.0,611.09716796875,-116.6805419921875
45.253,136,3,0.0,0.0,611.09716796875,-116.6805419921875
45.253,136,3,0.0,0.0,611.09716796875,-116.6805419921875
45.267,136,3,0.0,0.0,611.09716796875,-116.6805419921875
45.292,136,3,0.0,0.0,611.09716796875,-116.6805419921875
45.292,136,3,0.0,0.0,611.09716796875,-116.6805419921875
45.293,136,3,0.0,0.0,611.09716796875,-116.6805419921875
45.331,136,3,0.0,0.0,611.09716796875,-116.6805419921875
45.332,136,3,0.0,0.0,611.09716796875,-116.6805419921875
45.332,136,3,0.0,0.0,611.09716796875,-116.6805419921875
45.368,136,3,0.0,0.0,611.09716796875,-116.6805419921875
45.411,136,3,0.0,0.0,611.09716796875,-116.6805419921875
45.411,136,3,0.0,0.0,611.09716796875,-116.6805419921875
45.411,136,3,0.0,0.0,611.09716796875,-116.6805419921875
45.451,136,3,0.0,0.0,611.09716796875,-116.6805419921875
45.452,136,3,0.0,0.0,611.09716796875,-116.6805419921875
45.452,136,3,0.0,0.0,611.09716796875,-116.6805419921875
45.467,136,3,0.0,0.0,611.09716796875,-116.6805419921875
45.492,136,3,0.0,0.0,611.09716796875,-116.6805419921875
45.492,136,3,0.0,0.0,611.09716796875,-116.6805419921875
45.492,136,3,0.0,0.0,611.09716796875,-116.6805419921875
45.518,136,3,0.0,0.0,611.09716796875,-116.6805419921875
45.531,136,3,0.0,0.0,611.09716796875,-116.6805419921875
45.532,136,3,0.0,0.0,611.09716796875,-116.6805419921875
45.532,136,3,0.0,0.0,611.09716796875,-116.6805419921875
45.569,136,3,0.0,0.0,611.09716796875,-116.6805419921875
45.611,136,3,0.0,0.0,611.09716796875,-116.6805419921875
45.611,136,3,0.0,0.0,611.09716796875,-116.6805419921875
45.612,136,3,0.0,0.0,611.09716796875,-116.6805419921875
45.651,136,3,0.0,0.0,611.09716796875,-116.6805419921875
45.651,136,3,0.0,0.0,611.09716796875,-116.6805419921875
45.652,136,3,0.0,0.0,611.09716796875,-116.6805419921875
45.691,136,3,0.0,0.0,611.09716796875,-116.6805419921875
45.692,136,3,0.0,0.0,611.09716796875,-116.6805419921875
45.692,136,3,0.0,0.0,611.09716796875,-116.6805419921875
45.716,136,3,0.0,0.0,611.09716796875,-116.6805419921875
45.73,136,3,0.0,0.0,611.09716796875,-116.6805419921875
45.731,136,3,0.0,0.0,611.09716796875,-116.6805419921875
45.731,136,3,0.0,0.0,611.09716796875,-116.6805419921875
45.766,136,3,0.0,0.0,611.09716796875,-116.6805419921875
45.811,136,3,0.0,0.0,611.09716796875,-116.6805419921875
45.812,136,3,0.0,0.0,611.09716796875,-116.6805419921875
45.812,136,3,0.0,0.0,611.09716796875,-116.6805419921875
45.851,136,3,0.0,0.0,611.09716796875,-116.6805419921875
45.852,136,3,0.0,0.0,611.09716796875,-116.6805419921875
45.852,136,3,0.0,0.0,611.09716796875,-116.6805419921875
45.891,136,3,0.0,0.0,611.09716796875,-116.6805419921875
45.892,136,3,0.0,0.0,611.09716796875,-116.6805419921875
45.892,136,3,0.0,0.0,611.09716796875,-116.6805419921875
45.916,136,3,0.0,0.0,611.09716796875,-116.6805419921875
45.932,136,3,0.0,0.0,611.09716796875,-116.6805419921875
45.932,136,3,0.0,0.0,611.09716796875,-116.6805419921875
45.932,136,3,0.0,0.0,611.09716796875,-116.6805419921875
45.968,136,3,0.0,0.0,611.09716796875,-116.6805419921875
46.011,136,3,0.0,0.0,611.09716796875,-116.6805419921875
46.011,136,3,0.0,0.0,611.09716796875,-116.6805419921875
46.012,136,3,0.0,0.0,611.09716796875,-116.6805419921875
46.051,136,3,0.0,0.0,611.09716796875,-116.6805419921875
46.051,136,3,0.0,0.0,611.09716796875,-116.6805419921875
46.051,136,3,0.0,0.0,611.09716796875,-116.6805419921875
46.067,136,3,0.0,0.0,611.09716796875,-116.6805419921875
46.091,136,3,0.0,0.0,611.09716796875,-116.6805419921875
46.092,136,3,0.0,0.0,611.09716796875,-116.6805419921875
46.092,136,3,0.0,0.0,611.09716796875,-116.6805419921875
46.131,136,3,0.0,0.0,611.09716796875,-116.6805419921875
46.132,136,3,0.0,0.0,611.09716796875,-116.6805419921875
46.132,136,3,0.0,0.0,611.09716796875,-116.6805419921875
46.168,136,3,0.0,0.0,611.09716796875,-116.6805419921875
46.211,136,3,0.0,0.0,611.09716796875,-116.6805419921875
46.212,136,3,0.0,0.0,611.09716796875,-116.6805419921875
46.212,136,3,0.0,0.0,611.09716796875,-116.6805419921875
46.252,136,3,0.0,0.0,611.09716796875,-116.6805419921875
46.252,136,3,0.0,0.0,611.09716796875,-116.6805419921875
46.253,136,3,0.0,0.0,611.09716796875,-116.6805419921875
46.266,136,3,0.0,0.0,611.09716796875,-116.6805419921875
46.291,136,3,0.0,0.0,611.09716796875,-116.6805419921875
46.291,136,3,0.0,0.0,611.09716796875,-116.6805419921875
46.291,136,3,0.0,0.0,611.09716796875,-116.6805419921875
46.318,136,3,0.0,0.0,611.09716796875,-116.6805419921875
46.332,136,3,0.0,0.0,611.09716796875,-116.6805419921875
46.332,136,3,0.0,0.0,611.09716796875,-116.6805419921875
46.334,136,3,0.0,0.0,611.09716796875,-116.6805419921875
46.368,136,3,0.0,0.0,611.09716796875,-116.6805419921875
46.412,136,3,0.0,0.0,611.09716796875,-116.6805419921875
46.412,136,3,0.0,0.0,611.09716796875,-116.6805419921875
46.412,136,3,0.0,0.0,611.09716796875,-116.6805419921875
46.451,136,3,0.0,0.0,611.09716796875,-116.6805419921875
46.452,136,3,0.0,0.0,611.09716796875,-116.6805419921875
46.452,136,3,0.0,0.0,611.09716796875,-116.6805419921875
46.468,136,3,0.0,0.0,611.09716796875,-116.6805419921875
46.491,136,3,0.0,0.0,611.09716796875,-116.6805419921875
46.492,136,3,0.0,0.0,611.09716796875,-116.6805419921875
46.492,136,3,0.0,0.0,611.09716796875,-116.6805419921875
46.518,136,3,0.0,0.0,611.09716796875,-116.6805419921875
46.531,136,3,0.0,0.0,611.09716796875,-116.6805419921875
46.531,136,3,0.0,0.0,611.09716796875,-116.6805419921875
46.531,136,3,0.0,0.0,611.09716796875,-116.6805419921875
46.581,136,3,0.0,0.0,611.09716796875,-116.6805419921875
46.613,136,3,0.0,0.0,611.09716796875,-116.6805419921875
46.613,136,3,0.0,0.0,611.09716796875,-116.6805419921875
46.613,136,3,0.0,0.0,611.09716796875,-116.6805419921875
46.651,136,3,0.0,0.0,611.09716796875,-116.6805419921875
46.652,136,3,0.0,0.0,611.09716796875,-116.6805419921875
46.652,136,3,0.0,0.0,611.09716796875,-116.6805419921875
46.669,136,3,0.0,0.0,611.09716796875,-116.6805419921875
46.691,136,3,0.0,0.0,611.09716796875,-116.6805419921875
46.691,136,3,0.0,0.0,611.09716796875,-116.6805419921875
46.693,136,3,0.0,0.0,611.09716796875,-116.6805419921875
46.719,136,3,0.0,0.0,611.09716796875,-116.6805419921875
46.731,136,3,0.0,0.0,611.09716796875,-116.6805419921875
46.731,136,3,0.0,0.0,611.09716796875,-116.6805419921875
46.732,136,3,0.0,0.0,611.09716796875,-116.6805419921875
46.766,136,3,0.0,0.0,611.09716796875,-116.6805419921875
46.812,136,3,0.0,0.0,611.09716796875,-116.6805419921875
46.812,136,3,0.0,0.0,611.09716796875,-116.6805419921875
46.812,136,3,0.0,0.0,611.09716796875,-116.6805419921875
46.852,136,3,0.0,0.0,611.09716796875,-116.6805419921875
46.852,136,3,0.0,0.0,611.09716796875,-116.6805419921875
46.852,136,3,0.0,0.0,611.09716796875,-116.6805419921875
46.867,136,3,0.0,0.0,611.09716796875,-116.6805419921875
46.892,136,3,0.0,0.0,611.09716796875,-116.6805419921875
46.892,136,3,0.0,0.0,611.09716796875,-116.6805419921875
46.893,136,3,0.0,0.0,611.09716796875,-116.6805419921875
46.932,136,3,0.0,0.0,611.09716796875,-116.6805419921875
46.932,136,3,0.0,0.0,611.09716796875,-116.6805419921875
46.933,136,3,0.0,0.0,611.09716796875,-116.6805419921875
46.968,136,3,0.0,0.0,611.09716796875,-116.6805419921875
47.011,136,3,0.0,0.0,611.09716796875,-116.6805419921875
47.011,136,3,0.0,0.0,611.09716796875,-116.6805419921875
47.011,136,3,0.0,0.0,611.09716796875,-116.6805419921875
47.051,136,3,0.0,0.0,611.09716796875,-116.6805419921875
47.052,136,3,0.0,0.0,611.09716796875,-116.6805419921875
47.052,136,3,0.0,0.0,611.09716796875,-116.6805419921875
47.066,136,3,0.0,0.0,611.09716796875,-116.6805419921875
47.091,136,3,0.0,0.0,611.09716796875,-116.6805419921875
47.091,136,3,0.0,0.0,611.09716796875,-116.6805419921875
47.091,136,3,0.0,0.0,611.09716796875,-116.6805419921875
47.118,136,3,0.0,0.0,611.09716796875,-116.6805419921875
47.132,136,3,0.0,0.0,611.09716796875,-116.6805419921875
47.132,136,3,0.0,0.0,611.09716796875,-116.6805419921875
47.132,136,3,0.0,0.0,611.09716796875,-116.6805419921875
47.171,136,3,0.0,0.0,611.09716796875,-116.6805419921875
47.211,136,3,0.0,0.0,611.09716796875,-116.6805419921875
47.211,136,3,0.0,0.0,611.09716796875,-116.6805419921875
47.211,136,3,0.0,0.0,611.09716796875,-116.6805419921875
47.252,136,3,0.0,0.0,611.09716796875,-116.6805419921875
47.252,136,3,0.0,0.0,611.09716796875,-116.6805419921875
47.252,136,3,0.0,0.0,611.09716796875,-116.6805419921875
47.291,136,3,0.0,0.0,611.09716796875,-116.6805419921875
47.291,136,3,0.0,0.0,611.09716796875,-116.6805419921875
47.291,136,3,0.0,0.0,611.09716796875,-116.6805419921875
47.316,136,3,0.0,0.0,611.09716796875,-116.6805419921875
47.332,136,3,0.0,0.0,611.09716796875,-116.6805419921875
47.332,136,3,0.0,0.0,611.09716796875,-116.6805419921875
47.332,136,3,0.0,0.0,611.09716796875,-116.6805419921875
47.382,136,3,0.0,0.0,611.09716796875,-116.6805419921875
47.411,136,3,0.0,0.0,611.09716796875,-116.6805419921875
47.411,136,3,0.0,0.0,611.09716796875,-116.6805419921875
47.411,136,3,0.0,0.0,611.09716796875,-116.6805419921875
47.451,136,3,0.0,0.0,611.09716796875,-116.6805419921875
47.452,136,3,0.0,0.0,611.09716796875,-116.6805419921875
47.452,136,3,0.0,0.0,611.09716796875,-116.6805419921875
47.467,136,3,0.0,0.0,611.09716796875,-116.6805419921875
47.491,136,3,0.0,0.0,611.09716796875,-116.6805419921875
47.491,136,3,0.0,0.0,611.09716796875,-116.6805419921875
47.492,136,3,0.0,0.0,611.09716796875,-116.6805419921875
47.517,136,3,0.0,0.0,611.09716796875,-116.6805419921875
47.532,136,3,0.0,0.0,611.09716796875,-116.6805419921875
47.532,136,3,0.0,0.0,611.09716796875,-116.6805419921875
47.532,136,3,0.0,0.0,611.09716796875,-116.6805419921875
47.582,136,3,0.0,0.0,611.09716796875,-116.6805419921875
47.611,136,3,0.0,0.0,611.09716796875,-116.6805419921875
47.611,136,3,0.0,0.0,611.09716796875,-116.6805419921875
47.611,136,3,0.0,0.0,611.09716796875,-116.6805419921875
47.651,136,3,0.0,0.0,611.09716796875,-116.6805419921875
47.651,136,3,0.0,0.0,611.09716796875,-116.6805419921875
47.651,136,3,0.0,0.0,611.09716796875,-116.6805419921875
47.691,136,3,0.0,0.0,611.09716796875,-116.6805419921875
47.692,136,3,0.0,0.0,611.09716796875,-116.6805419921875
47.692,136,3,0.0,0.0,611.09716796875,-116.6805419921875
47.717,136,3,0.0,0.0,611.09716796875,-116.6805419921875
47.732,136,3,0.0,0.0,611.09716796875,-116.6805419921875
47.732,136,3,0.0,0.0,611.09716796875,-116.6805419921875
47.733,136,3,0.0,0.0,611.09716796875,-116.6805419921875
47.768,136,3,0.0,0.0,611.09716796875,-116.6805419921875
47.811,136,3,0.0,0.0,611.09716796875,-116.6805419921875
47.811,136,3,0.0,0.0,611.09716796875,-116.6805419921875
47.813,136,3,0.0,0.0,611.09716796875,-116.6805419921875
47.852,136,3,0.0,0.0,611.09716796875,-116.6805419921875
47.852,136,3,0.0,0.0,611.09716796875,-116.6805419921875
47.852,136,3,0.0,0.0,611.09716796875,-116.6805419921875
47.893,136,3,0.0,0.0,611.09716796875,-116.6805419921875
47.893,136,3,0.0,0.0,611.09716796875,-116.6805419921875
47.893,136,3,0.0,0.0,611.09716796875,-116.6805419921875
47.919,136,3,0.0,0.0,611.09716796875,-116.6805419921875
47.931,136,3,0.0,0.0,611.09716796875,-116.6805419921875
47.931,136,3,0.0,0.0,611.09716796875,-116.6805419921875
47.931,136,3,0.0,0.0,611.09716796875,-116.6805419921875
47.968,136,3,0.0,0.0,611.09716796875,-116.6805419921875
48.011,136,3,0.0,0.0,611.09716796875,-116.6805419921875
48.013,136,3,0.0,0.0,611.09716796875,-116.6805419921875
48.013,136,3,0.0,0.0,611.09716796875,-116.6805419921875
48.052,136,3,0.0,0.0,611.09716796875,-116.6805419921875
48.052,136,3,0.0,0.0,611.09716796875,-116.6805419921875
48.052,136,3,0.0,0.0,611.09716796875,-116.6805419921875
48.092,136,3,0.0,0.0,611.09716796875,-116.6805419921875
48.092,136,3,0.0,0.0,611.09716796875,-116.6805419921875
48.093,136,3,0.0,0.0,611.09716796875,-116.6805419921875
48.117,136,3,0.0,0.0,611.09716796875,-116.6805419921875
48.131,136,3,0.0,0.0,611.09716796875,-116.6805419921875
48.131,136,3,0.0,0.0,611.09716796875,-116.6805419921875
48.131,136,3,0.0,0.0,611.09716796875,-116.6805419921875
48.171,136,3,0.0,0.0,611.09716796875,-116.6805419921875
48.211,136,3,0.0,0.0,611.09716796875,-116.6805419921875
48.212,136,3,0.0,0.0,611.09716796875,-116.6805419921875
48.213,136,3,0.0,0.0,611.09716796875,-116.6805419921875
48.252,136,3,0.0,0.0,611.09716796875,-116.6805419921875
48.252,136,3,0.0,0.0,611.09716796875,-116.6805419921875
48.253,136,3,0.0,0.0,611.09716796875,-116.6805419921875
48.268,136,3,0.0,0.0,611.09716796875,-116.6805419921875
48.291,136,3,0.0,0.0,611.09716796875,-116.6805419921875
48.291,136,3,0.0,0.0,611.09716796875,-116.6805419921875
48.292,136,3,0.0,0.0,611.09716796875,-116.6805419921875
48.331,136,2,0.0,0.0,611.09716796875,-116.6805419921875
48.332,136,2,0.0,0.0,611.09716796875,-116.6805419921875
48.332,136,2,0.0,0.0,611.09716796875,-116.6805419921875
48.382,136,2,0.0,0.0,611.09716796875,-116.6805419921875
48.411,136,2,0.0,0.0,611.09716796875,-116.6805419921875
48.412,136,2,0.0,0.0,611.09716796875,-116.6805419921875
48.412,136,2,0.0,0.0,611.09716796875,-116.6805419921875
48.452,136,2,0.0,0.0,611.09716796875,-116.6805419921875
48.452,136,2,0.0,0.0,611.09716796875,-116.6805419921875
48.452,136,2,0.0,0.0,611.09716796875,-116.6805419921875
48.469,136,2,0.0,0.0,611.09716796875,-116.6805419921875
48.492,136,2,0.0,0.0,611.09716796875,-116.6805419921875
48.493,136,2,0.0,0.0,611.09716796875,-116.6805419921875
48.493,136,2,0.0,0.0,611.09716796875,-116.6805419921875
48.531,136,2,0.0,0.0,611.09716796875,-116.6805419921875
48.531,136,2,0.0,0.0,611.09716796875,-116.6805419921875
48.531,136,2,0.0,0.0,611.09716796875,-116.6805419921875
48.569,136,2,0.0,0.0,611.09716796875,-116.6805419921875
48.611,136,2,0.0,0.0,611.09716796875,-116.6805419921875
48.612,136,2,0.0,0.0,611.09716796875,-116.6805419921875
48.612,136,2,0.0,0.0,611.09716796875,-116.6805419921875
48.651,136,2,0.0,0.0,611.09716796875,-116.6805419921875
48.652,136,2,0.0,0.0,611.09716796875,-116.6805419921875
48.655,136,2,0.0,0.0,611.09716796875,-116.6805419921875
48.665,136,2,0.0,0.0,611.09716796875,-116.6805419921875
48.691,136,2,0.0,0.0,611.09716796875,-116.6805419921875
48.691,136,2,0.0,0.0,611.09716796875,-116.6805419921875
48.692,136,2,0.0,0.0,611.09716796875,-116.6805419921875
48.719,136,2,0.0,0.0,611.09716796875,-116.6805419921875
48.732,136,2,0.0,0.0,611.09716796875,-116.6805419921875
48.732,136,2,0.0,0.0,611.09716796875,-116.6805419921875
48.732,136,2,0.0,0.0,611.09716796875,-116.6805419921875
48.769,136,2,0.0,0.0,611.09716796875,-116.6805419921875
48.811,136,2,0.0,0.0,611.09716796875,-116.6805419921875
48.812,136,2,0.0,0.0,611.09716796875,-116.6805419921875
48.812,136,2,0.0,0.0,611.09716796875,-116.6805419921875
48.852,136,2,0.0,0.0,611.09716796875,-116.6805419921875
48.852,136,2,0.0,0.0,611.09716796875,-116.6805419921875
48.853,136,2,0.0,0.0,611.09716796875,-116.6805419921875
48.868,136,2,0.0,0.0,611.09716796875,-116.6805419921875
48.892,136,2,0.0,0.0,611.09716796875,-116.6805419921875
48.892,136,2,0.0,0.0,611.09716796875,-116.6805419921875
48.893,136,2,0.0,0.0,611.09716796875,-116.6805419921875
48.931,136,2,0.0,0.0,611.09716796875,-116.6805419921875
48.931,136,2,0.0,0.0,611.09716796875,-116.6805419921875
48.931,136,2,0.0,0.0,611.09716796875,-116.6805419921875
48.982,136,2,0.0,0.0,611.09716796875,-116.6805419921875
49.011,136,2,0.0,0.0,611.09716796875,-116.6805419921875
49.011,136,2,0.0,0.0,611.09716796875,-116.6805419921875
49.011,136,2,0.0,0.0,611.09716796875,-116.6805419921875
49.053,136,2,0.0,0.0,611.09716796875,-116.6805419921875
49.053,136,2,0.0,0.0,611.09716796875,-116.6805419921875
49.053,136,2,0.0,0.0,611.09716796875,-116.6805419921875
49.067,136,2,0.0,0.0,611.09716796875,-116.6805419921875
49.091,136,2,0.0,0.0,611.09716796875,-116.6805419921875
49.091,136,2,0.0,0.0,611.09716796875,-116.6805419921875
49.092,136,2,0.0,0.0,611.09716796875,-116.6805419921875
49.116,136,2,0.0,0.0,611.09716796875,-116.6805419921875
49.132,136,2,0.0,0.0,611.09716796875,-116.6805419921875
49.132,136,2,0.0,0.0,611.09716796875,-116.6805419921875
49.132,136,2,0.0,0.0,611.09716796875,-116.6805419921875
49.182,136,2,0.0,0.0,611.09716796875,-116.6805419921875
49.211,136,2,0.0,0.0,611.09716796875,-116.6805419921875
49.211,136,2,0.0,0.0,611.09716796875,-116.6805419921875
49.211,136,2,0.0,0.0,611.09716796875,-116.6805419921875
49.251,136,2,0.0,0.0,611.09716796875,-116.6805419921875
49.252,136,2,0.0,0.0,611.09716796875,-116.6805419921875
49.252,136,2,0.0,0.0,611.09716796875,-116.6805419921875
49.291,136,2,0.0,0.0,611.09716796875,-116.6805419921875
49.291,136,2,0.0,0.0,611.09716796875,-116.6805419921875
49.291,136,2,0.0,0.0,611.09716796875,-116.6805419921875
49.316,136,2,0.0,0.0,611.09716796875,-116.6805419921875
49.331,136,2,0.0,0.0,611.09716796875,-116.6805419921875
49.331,136,2,0.0,0.0,611.09716796875,-116.6805419921875
49.331,136,2,0.0,0.0,611.09716796875,-116.6805419921875
49.368,136,2,0.0,0.0,611.09716796875,-116.6805419921875
49.411,136,2,0.0,0.0,611.09716796875,-116.6805419921875
49.411,136,2,0.0,0.0,611.09716796875,-116.6805419921875
49.411,136,2,0.0,0.0,611.09716796875,-116.6805419921875
49.451,136,2,0.0,0.0,611.09716796875,-116.6805419921875
49.451,136,2,0.0,0.0,611.09716796875,-116.6805419921875
49.451,136,2,0.0,0.0,611.09716796875,-116.6805419921875
49.471,136,2,0.0,0.0,611.09716796875,-116.6805419921875
49.491,136,2,0.0,0.0,611.09716796875,-116.6805419921875
49.492,136,2,0.0,0.0,611.09716796875,-116.6805419921875
49.492,136,2,0.0,0.0,611.09716796875,-116.6805419921875
49.518,136,2,0.0,0.0,611.09716796875,-116.6805419921875
49.531,136,2,0.0,0.0,611.09716796875,-116.6805419921875
49.531,136,2,0.0,0.0,611.09716796875,-116.6805419921875
49.531,136,2,0.0,0.0,611.09716796875,-116.6805419921875
49.566,136,2,0.0,0.0,611.09716796875,-116.6805419921875
49.612,136,2,0.0,0.0,611.09716796875,-116.6805419921875
49.612,136,2,0.0,0.0,611.09716796875,-116.6805419921875
49.612,136,2,0.0,0.0,611.09716796875,-116.6805419921875
49.651,136,2,0.0,0.0,611.09716796875,-116.6805419921875
49.651,136,2,0.0,0.0,611.09716796875,-116.6805419921875
49.652,136,2,0.0,0.0,611.09716796875,-116.6805419921875
49.669,136,2,0.0,0.0,611.09716796875,-116.6805419921875
49.691,136,2,0.0,0.0,611.09716796875,-116.6805419921875
49.692,136,2,0.0,0.0,611.09716796875,-116.6805419921875
49.692,136,2,0.0,0.0,611.09716796875,-116.6805419921875
49.716,136,2,0.0,0.0,611.09716796875,-116.6805419921875
49.731,136,2,0.0,0.0,611.09716796875,-116.6805419921875
49.731,136,2,0.0,0.0,611.09716796875,-116.6805419921875
49.731,136,2,0.0,0.0,611.09716796875,-116.6805419921875
49.769,136,2,0.0,0.0,611.09716796875,-116.6805419921875
49.811,136,2,0.0,0.0,611.09716796875,-116.6805419921875
49.811,136,2,0.0,0.0,611.09716796875,-116.6805419921875
49.811,136,2,0.0,0.0,611.09716796875,-116.6805419921875
49.851,136,2,0.0,0.0,611.09716796875,-116.6805419921875
49.852,136,2,0.0,0.0,611.09716796875,-116.6805419921875
49.852,136,2,0.0,0.0,611.09716796875,-116.6805419921875
49.869,136,2,0.0,0.0,611.09716796875,-116.6805419921875
49.891,136,2,0.0,0.0,611.09716796875,-116.6805419921875
49.891,136,2,0.0,0.0,611.09716796875,-116.6805419921875
49.891,136,2,0.0,0.0,611.09716796875,-116.6805419921875
49.918,136,2,0.0,0.0,611.09716796875,-116.6805419921875
49.931,136,2,0.0,0.0,611.09716796875,-116.6805419921875
49.931,136,2,0.0,0.0,611.09716796875,-116.6805419921875
49.931,136,2,0.0,0.0,611.09716796875,-116.6805419921875
49.968,136,2,0.0,0.0,611.09716796875,-116.6805419921875
50.011,136,2,0.0,0.0,611.09716796875,-116.6805419921875
50.012,136,2,0.0,0.0,611.09716796875,-116.6805419921875
50.012,136,2,0.0,0.0,611.09716796875,-116.6805419921875
50.051,136,2,0.0,0.0,611.09716796875,-116.6805419921875
50.052,136,2,0.0,0.0,611.09716796875,-116.6805419921875
50.052,136,2,0.0,0.0,611.09716796875,-116.6805419921875
50.091,136,2,0.0,0.0,611.09716796875,-116.6805419921875
50.091,136,2,0.0,0.0,611.09716796875,-116.6805419921875
50.092,136,2,0.0,0.0,611.09716796875,-116.6805419921875
50.117,136,2,0.0,0.0,611.09716796875,-116.6805419921875
50.131,136,2,0.0,0.0,611.09716796875,-116.6805419921875
50.131,136,2,0.0,0.0,611.09716796875,-116.6805419921875
50.131,136,2,0.0,0.0,611.09716796875,-116.6805419921875
50.166,136,2,0.0,0.0,611.09716796875,-116.6805419921875
50.212,136,2,0.0,0.0,611.09716796875,-116.6805419921875
50.212,136,2,0.0,0.0,611.09716796875,-116.6805419921875
50.213,136,2,0.0,0.0,611.09716796875,-116.6805419921875
50.252,136,2,0.0,0.0,611.09716796875,-116.6805419921875
50.253,136,2,0.0,0.0,611.09716796875,-116.6805419921875
50.253,136,2,0.0,0.0,611.09716796875,-116.6805419921875
50.265,136,2,0.0,0.0,611.09716796875,-116.6805419921875
50.293,136,2,0.0,0.0,611.09716796875,-116.6805419921875
50.293,136,2,0.0,0.0,611.09716796875,-116.6805419921875
50.293,136,2,0.0,0.0,611.09716796875,-116.6805419921875
50.332,136,2,0.0,0.0,611.09716796875,-116.6805419921875
50.332,136,2,0.0,0.0,611.09716796875,-116.6805419921875
50.332,136,2,0.0,0.0,611.09716796875,-116.6805419921875
50.383,136,2,0.0,0.0,611.09716796875,-116.6805419921875
50.411,136,2,0.0,0.0,611.09716796875,-116.6805419921875
50.412,136,2,0.0,0.0,611.09716796875,-116.6805419921875
50.412,136,2,0.0,0.0,611.09716796875,-116.6805419921875
50.452,136,2,0.0,0.0,611.09716796875,-116.6805419921875
50.452,136,2,0.0,0.0,611.09716796875,-116.6805419921875
50.452,136,2,0.0,0.0,611.09716796875,-116.6805419921875
50.467,136,2,0.0,0.0,611.09716796875,-116.6805419921875
50.492,136,2,0.0,0.0,611.09716796875,-116.6805419921875
50.492,136,2,0.0,0.0,611.09716796875,-116.6805419921875
50.493,136,2,0.0,0.0,611.09716796875,-116.6805419921875
50.531,136,2,0.0,0.0,611.09716796875,-116.6805419921875
50.532,136,2,0.0,0.0,611.09716796875,-116.6805419921875
50.532,136,2,0.0,0.0,611.09716796875,-116.6805419921875
50.568,136,2,0.0,0.0,611.09716796875,-116.6805419921875
50.611,136,2,0.0,0.0,611.09716796875,-116.6805419921875
50.611,136,2,0.0,0.0,611.09716796875,-116.6805419921875
50.612,136,2,0.0,0.0,611.09716796875,-116.6805419921875
50.651,136,2,0.0,0.0,611.09716796875,-116.6805419921875
50.652,136,2,0.0,0.0,611.09716796875,-116.6805419921875
50.652,136,2,0.0,0.0,611.09716796875,-116.6805419921875
50.665,136,2,0.0,0.0,611.09716796875,-116.6805419921875
50.691,136,2,0.0,0.0,611.09716796875,-116.6805419921875
50.691,136,2,0.0,0.0,611.09716796875,-116.6805419921875
50.692,136,2,0.0,0.0,611.09716796875,-116.6805419921875
50.731,136,2,0.0,0.0,611.09716796875,-116.6805419921875
50.731,136,2,0.0,0.0,611.09716796875,-116.6805419921875
50.731,136,2,0.0,0.0,611.09716796875,-116.6805419921875
50.768,136,2,0.0,0.0,611.09716796875,-116.6805419921875
50.812,136,2,0.0,0.0,611.09716796875,-116.6805419921875
50.812,136,2,0.0,0.0,611.09716796875,-116.6805419921875
50.812,136,2,0.0,0.0,611.09716796875,-116.6805419921875
50.851,136,2,0.0,0.0,611.09716796875,-116.6805419921875
50.852,136,2,0.0,0.0,611.09716796875,-116.6805419921875
50.852,136,2,0.0,0.0,611.09716796875,-116.6805419921875
50.866,136,2,0.0,0.0,611.09716796875,-116.6805419921875
50.891,136,2,0.0,0.0,611.09716796875,-116.6805419921875
50.892,136,2,0.0,0.0,611.09716796875,-116.6805419921875
50.892,136,2,0.0,0.0,611.09716796875,-116.6805419921875
50.931,136,2,0.0,0.0,611.09716796875,-116.6805419921875
50.932,136,2,0.0,0.0,611.09716796875,-116.6805419921875
50.932,136,2,0.0,0.0,611.09716796875,-116.6805419921875
50.983,136,2,0.0,0.0,611.09716796875,-116.6805419921875
51.011,136,2,0.0,0.0,611.09716796875,-116.6805419921875
51.011,136,2,0.0,0.0,611.09716796875,-116.6805419921875
51.011,136,2,0.0,0.0,611.09716796875,-116.6805419921875
51.051,136,2,0.0,0.0,611.09716796875,-116.6805419921875
51.051,136,2,0.0,0.0,611.09716796875,-116.6805419921875
51.052,136,2,0.0,0.0,611.09716796875,-116.6805419921875
51.066,136,2,0.0,0.0,611.09716796875,-116.6805419921875
51.091,136,2,0.0,0.0,611.09716796875,-116.6805419921875
51.091,136,2,0.0,0.0,611.09716796875,-116.6805419921875
51.092,136,2,0.0,0.0,611.09716796875,-116.6805419921875
51.117,136,2,0.0,0.0,611.09716796875,-116.6805419921875
51.131,136,2,0.0,0.0,611.09716796875,-116.6805419921875
51.131,136,2,0.0,0.0,611.09716796875,-116.6805419921875
51.131,136,2,0.0,0.0,611.09716796875,-116.6805419921875
51.168,136,2,0.0,0.0,611.09716796875,-116.6805419921875
51.211,136,2,0.0,0.0,611.09716796875,-116.6805419921875
51.211,136,2,0.0,0.0,611.09716796875,-116.6805419921875
51.212,136,2,0.0,0.0,611.09716796875,-116.6805419921875
51.252,136,2,0.0,0.0,611.09716796875,-116.6805419921875
51.252,136,2,0.0,0.0,611.09716796875,-116.6805419921875
51.253,136,2,0.0,0.0,611.09716796875,-116.6805419921875
51.265,136,2,0.0,0.0,611.09716796875,-116.6805419921875
51.291,136,2,0.0,0.0,611.09716796875,-116.6805419921875
51.291,136,2,0.0,0.0,611.09716796875,-116.6805419921875
51.292,136,2,0.0,0.0,611.09716796875,-116.6805419921875
51.33,136,2,0.0,0.0,611.09716796875,-116.6805419921875
51.331,136,2,0.0,0.0,611.09716796875,-116.6805419921875
51.332,136,2,0.0,0.0,611.09716796875,-116.6805419921875
51.382,136,2,0.0,0.0,611.09716796875,-116.6805419921875
51.411,136,1,0.0,0.0,611.09716796875,-116.6805419921875
51.411,136,1,0.0,0.0,611.09716796875,-116.6805419921875
51.412,136,1,0.0,0.0,611.09716796875,-116.6805419921875
51.452,136,1,0.0,0.0,611.09716796875,-116.6805419921875
51.452,136,1,0.0,0.0,611.09716796875,-116.6805419921875
51.453,136,1,0.0,0.0,611.09716796875,-116.6805419921875
51.492,136,1,0.0,0.0,611.09716796875,-116.6805419921875
51.492,136,1,0.0,0.0,611.09716796875,-116.6805419921875
51.492,136,1,0.0,0.0,611.09716796875,-116.6805419921875
51.517,136,1,0.0,0.0,611.09716796875,-116.6805419921875
51.531,136,1,0.0,0.0,611.09716796875,-116.6805419921875
51.532,136,1,0.0,0.0,611.09716796875,-116.6805419921875
51.532,136,1,0.0,0.0,611.09716796875,-116.6805419921875
51.568,136,1,0.0,0.0,611.09716796875,-116.6805419921875
51.611,136,1,0.0,0.0,611.09716796875,-116.6805419921875
51.612,136,1,0.0,0.0,611.09716796875,-116.6805419921875
51.612,136,1,0.0,0.0,611.09716796875,-116.6805419921875
51.651,136,1,0.0,0.0,611.09716796875,-116.6805419921875
51.652,136,1,0.0,0.0,611.09716796875,-116.6805419921875
51.652,136,1,0.0,0.0,611.09716796875,-116.6805419921875
51.669,136,1,0.0,0.0,611.09716796875,-116.6805419921875
51.691,136,1,0.0,0.0,611.09716796875,-116.6805419921875
51.692,136,1,0.0,0.0,611.09716796875,-116.6805419921875
51.692,136,1,0.0,0.0,611.09716796875,-116.6805419921875
51.731,136,1,0.0,0.0,611.09716796875,-116.6805419921875
51.732,136,1,0.0,0.0,611.09716796875,-116.6805419921875
51.732,136,1,0.0,0.0,611.09716796875,-116.6805419921875
51.782,136,1,0.0,0.0,611.09716796875,-116.6805419921875
51.811,136,1,0.0,0.0,611.09716796875,-116.6805419921875
51.811,136,1,0.0,0.0,611.09716796875,-116.6805419921875
51.811,136,1,0.0,0.0,611.09716796875,-116.6805419921875
51.853,136,1,0.0,0.0,611.09716796875,-116.6805419921875
51.853,136,1,0.0,0.0,611.09716796875,-116.6805419921875
51.853,136,1,0.0,0.0,611.09716796875,-116.6805419921875
51.891,136,1,0.0,0.0,611.09716796875,-116.6805419921875
51.891,136,1,0.0,0.0,611.09716796875,-116.6805419921875
51.891,136,1,0.0,0.0,611.09716796875,-116.6805419921875
51.916,136,1,0.0,0.0,611.09716796875,-116.6805419921875
51.932,136,1,0.0,0.0,611.09716796875,-116.6805419921875
51.932,136,1,0.0,0.0,611.09716796875,-116.6805419921875
51.932,136,1,0.0,0.0,611.09716796875,-116.6805419921875
51.983,136,1,0.0,0.0,611.09716796875,-116.6805419921875
52.012,136,1,0.0,0.0,611.09716796875,-116.6805419921875
52.012,136,1,0.0,0.0,611.09716796875,-116.6805419921875
52.012,136,1,0.0,0.0,611.09716796875,-116.6805419921875
52.051,136,1,0.0,0.0,611.09716796875,-116.6805419921875
52.051,136,1,0.0,0.0,611.09716796875,-116.6805419921875
52.051,136,1,0.0,0.0,611.09716796875,-116.6805419921875
52.091,136,1,0.0,0.0,611.09716796875,-116.6805419921875
52.092,136,1,0.0,0.0,611.09716796875,-116.6805419921875
52.092,136,1,0.0,0.0,611.09716796875,-116.6805419921875
52.116,136,1,0.0,0.0,611.09716796875,-116.6805419921875
52.131,136,1,0.0,0.0,611.09716796875,-116.6805419921875
52.131,136,1,0.0,0.0,611.09716796875,-116.6805419921875
52.132,136,1,0.0,0.0,611.09716796875,-116.6805419921875
52.182,136,1,0.0,0.0,611.09716796875,-116.6805419921875
52.211,136,1,0.0,0.0,611.09716796875,-116.6805419921875
52.211,136,1,0.0,0.0,611.09716796875,-116.6805419921875
52.212,136,1,0.0,0.0,611.09716796875,-116.6805419921875
52.251,136,1,0.0,0.0,611.09716796875,-116.6805419921875
52.251,136,1,0.0,0.0,611.09716796875,-116.6805419921875
52.251,136,1,0.0,0.0,611.09716796875,-116.6805419921875
52.267,136,1,0.0,0.0,611.09716796875,-116.6805419921875
52.292,136,1,0.0,0.0,611.09716796875,-116.6805419921875
52.292,136,1,0.0,0.0,611.09716796875,-116.6805419921875
52.292,136,1,0.0,0.0,611.09716796875,-116.6805419921875
52.316,136,1,0.0,0.0,611.09716796875,-116.6805419921875
52.332,136,1,0.0,0.0,611.09716796875,-116.6805419921875
52.332,136,1,0.0,0.0,611.09716796875,-116.6805419921875
52.332,136,1,0.0,0.0,611.09716796875,-116.6805419921875
52.373,136,1,0.0,0.0,611.09716796875,-116.6805419921875
52.411,136,1,0.0,0.0,611.09716796875,-116.6805419921875
52.411,136,1,0.0,0.0,611.09716796875,-116.6805419921875
52.411,136,1,0.0,0.0,611.09716796875,-116.6805419921875
52.452,136,1,0.0,0.0,611.09716796875,-116.6805419921875
52.452,136,1,0.0,0.0,611.09716796875,-116.6805419921875
52.452,136,1,0.0,0.0,611.09716796875,-116.6805419921875
52.467,136,1,0.0,0.0,611.09716796875,-116.6805419921875
52.491,136,1,0.0,0.0,611.09716796875,-116.6805419921875
52.491,136,1,0.0,0.0,611.09716796875,-116.6805419921875
52.491,136,1,0.0,0.0,611.09716796875,-116.6805419921875
52.531,136,1,0.0,0.0,611.09716796875,-116.6805419921875
52.532,136,1,0.0,0.0,611.09716796875,-116.6805419921875
52.532,136,1,0.0,0.0,611.09716796875,-116.6805419921875
52.583,136,1,0.0,0.0,611.09716796875,-116.6805419921875
52.612,136,1,0.0,0.0,611.09716796875,-116.6805419921875
52.612,136,1,0.0,0.0,611.09716796875,-116.6805419921875
52.612,136,1,0.0,0.0,611.09716796875,-116.6805419921875
52.652,136,1,0.0,0.0,611.09716796875,-116.6805419921875
52.652,136,1,0.0,0.0,611.09716796875,-116.6805419921875
52.652,136,1,0.0,0.0,611.09716796875,-116.6805419921875
52.667,136,1,0.0,0.0,611.09716796875,-116.6805419921875
52.691,136,1,0.0,0.0,611.09716796875,-116.6805419921875
52.691,136,1,0.0,0.0,611.09716796875,-116.6805419921875
52.691,136,1,0.0,0.0,611.09716796875,-116.6805419921875
52.718,136,1,0.0,0.0,611.09716796875,-116.6805419921875
52.731,136,1,0.0,0.0,611.09716796875,-116.6805419921875
52.732,136,1,0.0,0.0,611.09716796875,-116.6805419921875
52.732,136,1,0.0,0.0,611.09716796875,-116.6805419921875
52.766,136,1,0.0,0.0,611.09716796875,-116.6805419921875
52.811,136,1,0.0,0.0,611.09716796875,-116.6805419921875
52.811,136,1,0.0,0.0,611.09716796875,-116.6805419921875
52.811,136,1,0.0,0.0,611.09716796875,-116.6805419921875
52.851,136,1,0.0,0.0,611.09716796875,-116.6805419921875
52.851,136,1,0.0,0.0,611.09716796875,-116.6805419921875
52.852,136,1,0.0,0.0,611.09716796875,-116.6805419921875
52.869,136,1,0.0,0.0,611.09716796875,-116.6805419921875
52.892,136,1,0.0,0.0,611.09716796875,-116.6805419921875
52.893,136,1,0.0,0.0,611.09716796875,-116.6805419921875
52.893,136,1,0.0,0.0,611.09716796875,-116.6805419921875
52.917,136,1,0.0,0.0,611.09716796875,-116.6805419921875
52.931,136,1,0.0,0.0,611.09716796875,-116.6805419921875
52.931,136,1,0.0,0.0,611.09716796875,-116.6805419921875
52.931,136,1,0.0,0.0,611.09716796875,-116.6805419921875
52.966,136,1,0.0,0.0,611.09716796875,-116.6805419921875
53.011,136,1,0.0,0.0,611.09716796875,-116.6805419921875
53.011,136,1,0.0,0.0,611.09716796875,-116.6805419921875
53.012,136,1,0.0,0.0,611.09716796875,-116.6805419921875
53.051,136,1,0.0,0.0,611.09716796875,-116.6805419921875
53.052,136,1,0.0,0.0,611.09716796875,-116.6805419921875
53.052,136,1,0.0,0.0,611.09716796875,-116.6805419921875
53.066,136,1,0.0,0.0,611.09716796875,-116.6805419921875
53.091,136,1,0.0,0.0,611.09716796875,-116.6805419921875
53.092,136,1,0.0,0.0,611.09716796875,-116.6805419921875
53.092,136,1,0.0,0.0,611.09716796875,-116.6805419921875
53.12,136,1,0.0,0.0,611.09716796875,-116.6805419921875
53.131,136,1,0.0,0.0,611.09716796875,-116.6805419921875
53.131,136,1,0.0,0.0,611.09716796875,-116.6805419921875
53.131,136,1,0.0,0.0,611.09716796875,-116.6805419921875
53.182,136,1,0.0,0.0,611.09716796875,-116.6805419921875
53.211,136,1,0.0,0.0,611.09716796875,-116.6805419921875
53.212,136,1,0.0,0.0,611.09716796875,-116.6805419921875
53.212,136,1,0.0,0.0,611.09716796875,-116.6805419921875
53.252,136,1,0.0,0.0,611.09716796875,-116.6805419921875
53.252,136,1,0.0,0.0,611.09716796875,-116.6805419921875
53.252,136,1,0.0,0.0,611.09716796875,-116.6805419921875
53.291,136,1,0.0,0.0,611.09716796875,-116.6805419921875
53.292,136,1,0.0,0.0,611.09716796875,-116.6805419921875
53.292,136,1,0.0,0.0,611.09716796875,-116.6805419921875
53.332,136,1,0.0,0.0,611.09716796875,-116.6805419921875
53.332,136,1,0.0,0.0,611.09716796875,-116.6805419921875
53.332,136,1,0.0,0.0,611.09716796875,-116.6805419921875
53.368,136,1,0.0,0.0,611.09716796875,-116.6805419921875
53.411,136,1,0.0,0.0,611.09716796875,-116.6805419921875
53.411,136,1,0.0,0.0,611.09716796875,-116.6805419921875
53.411,136,1,0.0,0.0,611.09716796875,-116.6805419921875
53.451,136,1,0.0,0.0,611.09716796875,-116.6805419921875
53.452,136,1,0.0,0.0,611.09716796875,-116.6805419921875
53.452,136,1,0.0,0.0,611.09716796875,-116.6805419921875
53.469,136,1,0.0,0.0,611.09716796875,-116.6805419921875
53.492,136,1,0.0,0.0,611.09716796875,-116.6805419921875
53.492,136,1,0.0,0.0,611.09716796875,-116.6805419921875
53.492,136,1,0.0,0.0,611.09716796875,-116.6805419921875
53.52,136,1,0.0,0.0,611.09716796875,-116.6805419921875
53.532,136,1,0.0,0.0,611.09716796875,-116.6805419921875
53.532,136,1,0.0,0.0,611.09716796875,-116.6805419921875
53.532,136,1,0.0,0.0,611.09716796875,-116.6805419921875
53.573,136,1,0.0,0.0,611.09716796875,-116.6805419921875
53.612,136,1,0.0,0.0,611.09716796875,-116.6805419921875
53.612,136,1,0.0,0.0,611.09716796875,-116.6805419921875
53.612,136,1,0.0,0.0,611.09716796875,-116.6805419921875
53.652,136,1,0.0,0.0,611.09716796875,-116.6805419921875
53.652,136,1,0.0,0.0,611.09716796875,-116.6805419921875
53.654,136,1,0.0,0.0,611.09716796875,-116.6805419921875
53.667,136,1,0.0,0.0,611.09716796875,-116.6805419921875
53.691,136,1,0.0,0.0,611.09716796875,-116.6805419921875
53.692,136,1,0.0,0.0,611.09716796875,-116.6805419921875
53.692,136,1,0.0,0.0,611.09716796875,-116.6805419921875
53.719,136,1,0.0,0.0,611.09716796875,-116.6805419921875
53.732,136,1,0.0,0.0,611.09716796875,-116.6805419921875
53.732,136,1,0.0,0.0,611.09716796875,-116.6805419921875
53.735,136,1,0.0,0.0,611.09716796875,-116.6805419921875
53.77,136,1,0.0,0.0,611.09716796875,-116.6805419921875
53.812,136,1,0.0,0.0,611.09716796875,-116.6805419921875
53.812,136,1,0.0,0.0,611.09716796875,-116.6805419921875
53.812,136,1,0.0,0.0,611.09716796875,-116.6805419921875
53.851,136,1,0.0,0.0,611.09716796875,-116.6805419921875
53.852,136,1,0.0,0.0,611.09716796875,-116.6805419921875
53.852,136,1,0.0,0.0,611.09716796875,-116.6805419921875
53.867,136,1,0.0,0.0,611.09716796875,-116.6805419921875
53.891,136,1,0.0,0.0,611.09716796875,-116.6805419921875
53.891,136,1,0.0,0.0,611.09716796875,-116.6805419921875
53.891,136,1,0.0,0.0,611.09716796875,-116.6805419921875
53.931,136,1,0.0,0.0,611.09716796875,-116.6805419921875
53.932,136,1,0.0,0.0,611.09716796875,-116.6805419921875
53.932,136,1,0.0,0.0,611.09716796875,-116.6805419921875
53.982,136,1,0.0,0.0,611.09716796875,-116.6805419921875
54.011,136,1,0.0,0.0,611.09716796875,-116.6805419921875
54.011,136,1,0.0,0.0,611.09716796875,-116.6805419921875
54.011,136,1,0.0,0.0,611.09716796875,-116.6805419921875
54.051,136,1,0.0,0.0,611.09716796875,-116.6805419921875
54.052,136,1,0.0,0.0,611.09716796875,-116.6805419921875
54.052,136,1,0.0,0.0,611.09716796875,-116.6805419921875
54.091,136,1,0.0,0.0,611.09716796875,-116.6805419921875
54.092,136,1,0.0,0.0,611.09716796875,-116.6805419921875
54.092,136,1,0.0,0.0,611.09716796875,-116.6805419921875
54.115,136,1,0.0,0.0,611.09716796875,-116.6805419921875
54.131,136,1,0.0,0.0,611.09716796875,-116.6805419921875
54.131,136,1,0.0,0.0,611.09716796875,-116.6805419921875
54.132,136,1,0.0,0.0,611.09716796875,-116.6805419921875
54.182,136,1,0.0,0.0,611.09716796875,-116.6805419921875
54.211,136,1,0.0,0.0,611.09716796875,-116.6805419921875
54.212,136,1,0.0,0.0,611.09716796875,-116.6805419921875
54.212,136,1,0.0,0.0,611.09716796875,-116.6805419921875
54.251,136,1,0.0,0.0,611.09716796875,-116.6805419921875
54.252,136,1,0.0,0.0,611.09716796875,-116.6805419921875
54.252,136,1,0.0,0.0,611.09716796875,-116.6805419921875
54.268,136,1,0.0,0.0,611.09716796875,-116.6805419921875
54.291,136,1,0.0,0.0,611.09716796875,-116.6805419921875
54.291,136,1,0.0,0.0,611.09716796875,-116.6805419921875
54.292,136,1,0.0,0.0,611.09716796875,-116.6805419921875
54.316,136,1,0.0,0.0,611.09716796875,-116.6805419921875
54.331,136,1,0.0,0.0,611.09716796875,-116.6805419921875
54.331,136,1,0.0,0.0,611.09716796875,-116.6805419921875
54.332,136,1,0.0,0.0,611.09716796875,-116.6805419921875
54.37,136,1,0.0,0.0,611.09716796875,-116.6805419921875
54.411,136,1,0.0,0.0,611.09716796875,-116.6805419921875
54.411,136,1,0.0,0.0,611.09716796875,-116.6805419921875
54.411,136,1,0.0,0.0,611.09716796875,-116.6805419921875
54.451,136,1,0.0,0.0,611.09716796875,-116.6805419921875
54.451,136,1,0.0,0.0,611.09716796875,-116.6805419921875
54.451,136,1,0.0,0.0,611.09716796875,-116.6805419921875
54.468,136,1,0.0,0.0,611.09716796875,-116.6805419921875
54.492,136,1,0.0,0.0,611.09716796875,-116.6805419921875
54.492,136,1,0.0,0.0,611.09716796875,-116.6805419921875
54.493,136,1,0.0,0.0,611.09716796875,-116.6805419921875
54.515,136,1,0.0,0.0,611.09716796875,-116.6805419921875
54.531,136,1,0.0,0.0,611.09716796875,-116.6805419921875
54.531,136,1,0.0,0.0,611.09716796875,-116.6805419921875
54.532,136,1,0.0,0.0,611.09716796875,-116.6805419921875
54.582,136,1,0.0,0.0,611.09716796875,-116.6805419921875
54.612,136,1,0.0,0.0,611.09716796875,-116.6805419921875
54.612,136,1,0.0,0.0,611.09716796875,-116.6805419921875
54.612,136,1,0.0,0.0,611.09716796875,-116.6805419921875
54.652,136,1,0.0,0.0,611.09716796875,-116.6805419921875
54.652,136,1,0.0,0.0,611.09716796875,-116.6805419921875
54.653,136,1,0.0,0.0,611.09716796875,-116.6805419921875
54.665,136,1,0.0,0.0,611.09716796875,-116.6805419921875
54.691,136,1,0.0,0.0,611.09716796875,-116.6805419921875
54.692,136,1,0.0,0.0,611.09716796875,-116.6805419921875
54.692,136,1,0.0,0.0,611.09716796875,-116.6805419921875
54.717,136,1,0.0,0.0,611.09716796875,-116.6805419921875
54.731,136,1,0.0,0.0,611.09716796875,-116.6805419921875
54.732,136,1,0.0,0.0,611.09716796875,-116.6805419921875
54.732,136,1,0.0,0.0,611.09716796875,-116.6805419921875
54.769,136,1,0.0,0.0,611.09716796875,-116.6805419921875
54.811,136,1,0.0,0.0,611.09716796875,-116.6805419921875
54.812,136,1,0.0,0.0,611.09716796875,-116.6805419921875
54.812,136,1,0.0,0.0,611.09716796875,-116.6805419921875
54.852,136,1,0.0,0.0,611.09716796875,-116.6805419921875
54.852,136,1,0.0,0.0,611.09716796875,-116.6805419921875
54.852,136,1,0.0,0.0,611.09716796875,-116.6805419921875
54.867,136,1,0.0,0.0,611.09716796875,-116.6805419921875
54.892,136,1,0.0,0.0,611.09716796875,-116.6805419921875
54.892,136,1,0.0,0.0,611.09716796875,-116.6805419921875
54.893,136,1,0.0,0.0,611.09716796875,-116.6805419921875
54.919,136,1,0.0,0.0,611.09716796875,-116.6805419921875
54.931,136,1,0.0,0.0,611.09716796875,-116.6805419921875
54.931,136,1,0.0,0.0,611.09716796875,-116.6805419921875
54.932,136,1,0.0,0.0,611.09716796875,-116.6805419921875
54.982,136,1,0.0,0.0,611.09716796875,-116.6805419921875
55.011,136,1,0.0,0.0,611.09716796875,-116.6805419921875
55.011,136,1,0.0,0.0,611.09716796875,-116.6805419921875
55.011,136,1,0.0,0.0,611.09716796875,-116.6805419921875
55.052,136,1,0.0,0.0,611.09716796875,-116.6805419921875
55.052,136,1,0.0,0.0,611.09716796875,-116.6805419921875
55.052,136,1,0.0,0.0,611.09716796875,-116.6805419921875
55.092,136,1,0.0,0.0,611.09716796875,-116.6805419921875
55.092,136,1,0.0,0.0,611.09716796875,-116.6805419921875
55.092,136,1,0.0,0.0,611.09716796875,-116.6805419921875
55.117,136,1,0.0,0.0,611.09716796875,-116.6805419921875
55.131,136,1,0.0,0.0,611.09716796875,-116.6805419921875
55.131,136,1,0.0,0.0,611.09716796875,-116.6805419921875
55.132,136,1,0.0,0.0,611.09716796875,-116.6805419921875
55.165,136,1,0.0,0.0,611.09716796875,-116.6805419921875
55.211,136,1,0.0,0.0,611.09716796875,-116.6805419921875
55.211,136,1,0.0,0.0,611.09716796875,-116.6805419921875
55.211,136,1,0.0,0.0,611.09716796875,-116.6805419921875
55.252,136,1,0.0,0.0,611.09716796875,-116.6805419921875
55.252,136,1,0.0,0.0,611.09716796875,-116.6805419921875
55.252,136,1,0.0,0.0,611.09716796875,-116.6805419921875
55.267,136,1,0.0,0.0,611.09716796875,-116.6805419921875
55.292,136,1,0.0,0.0,611.09716796875,-116.6805419921875
55.292,136,1,0.0,0.0,611.09716796875,-116.6805419921875
55.293,136,1,0.0,0.0,611.09716796875,-116.6805419921875
55.332,136,1,0.0,0.0,611.09716796875,-116.6805419921875
55.332,136,1,0.0,0.0,611.09716796875,-116.6805419921875
55.332,136,1,0.0,0.0,611.09716796875,-116.6805419921875
55.368,136,1,0.0,0.0,611.09716796875,-116.6805419921875
55.413,136,1,0.0,0.0,611.09716796875,-116.6805419921875
55.413,136,1,0.0,0.0,611.09716796875,-116.6805419921875
55.413,136,1,0.0,0.0,611.09716796875,-116.6805419921875
55.451,136,1,0.0,0.0,611.09716796875,-116.6805419921875
55.451,136,1,0.0,0.0,611.09716796875,-116.6805419921875
55.451,136,1,0.0,0.0,611.09716796875,-116.6805419921875
55.466,136,1,0.0,0.0,611.09716796875,-116.6805419921875
55.492,136,1,0.0,0.0,611.09716796875,-116.6805419921875
55.493,136,1,0.0,0.0,611.09716796875,-116.6805419921875
55.493,136,1,0.0,0.0,611.09716796875,-116.6805419921875
55.518,136,1,0.0,0.0,611.09716796875,-116.6805419921875
55.531,136,1,0.0,0.0,611.09716796875,-116.6805419921875
55.531,136,1,0.0,0.0,611.09716796875,-116.6805419921875
55.531,136,1,0.0,0.0,611.09716796875,-116.6805419921875
55.565,136,1,0.0,0.0,611.09716796875,-116.6805419921875
55.611,136,1,0.0,0.0,611.09716796875,-116.6805419921875
55.611,136,1,0.0,0.0,611.09716796875,-116.6805419921875
55.611,136,1,0.0,0.0,611.09716796875,-116.6805419921875
55.651,136,1,0.0,0.0,611.09716796875,-116.6805419921875
55.652,136,1,0.0,0.0,611.09716796875,-116.6805419921875
55.652,136,1,0.0,0.0,611.09716796875,-116.6805419921875
55.691,136,1,0.0,0.0,611.09716796875,-116.6805419921875
55.691,136,1,0.0,0.0,611.09716796875,-116.6805419921875
55.692,136,1,0.0,0.0,611.09716796875,-116.6805419921875
55.718,136,1,0.0,0.0,611.09716796875,-116.6805419921875
55.731,136,1,0.0,0.0,611.09716796875,-116.6805419921875
55.731,136,1,0.0,0.0,611.09716796875,-116.6805419921875
55.731,136,1,0.0,0.0,611.09716796875,-116.6805419921875
55.782,136,1,0.0,0.0,611.09716796875,-116.6805419921875
55.811,136,1,0.0,0.0,611.09716796875,-116.6805419921875
55.811,136,1,0.0,0.0,611.09716796875,-116.6805419921875
55.812,136,1,0.0,0.0,611.09716796875,-116.6805419921875
55.851,136,1,0.0,0.0,611.09716796875,-116.6805419921875
55.851,136,1,0.0,0.0,611.09716796875,-116.6805419921875
55.852,136,1,0.0,0.0,611.09716796875,-116.6805419921875
55.892,136,1,0.0,0.0,611.09716796875,-116.6805419921875
55.892,136,1,0.0,0.0,611.09716796875,-116.6805419921875
55.893,136,1,0.0,0.0,611.09716796875,-116.6805419921875
55.916,136,1,0.0,0.0,611.09716796875,-116.6805419921875
55.931,136,1,0.0,0.0,611.09716796875,-116.6805419921875
55.931,136,1,0.0,0.0,611.09716796875,-116.6805419921875
55.932,136,1,0.0,0.0,611.09716796875,-116.6805419921875
55.966,136,1,0.0,0.0,611.09716796875,-116.6805419921875
56.011,136,1,0.0,0.0,611.09716796875,-116.6805419921875
56.011,136,1,0.0,0.0,611.09716796875,-116.6805419921875
56.011,136,1,0.0,0.0,611.09716796875,-116.6805419921875
56.051,136,1,0.0,0.0,611.09716796875,-116.6805419921875
56.051,136,1,0.0,0.0,611.09716796875,-116.6805419921875
56.051,136,1,0.0,0.0,611.09716796875,-116.6805419921875
56.068,136,1,0.0,0.0,611.09716796875,-116.6805419921875
56.091,136,1,0.0,0.0,611.09716796875,-116.6805419921875
56.092,136,1,0.0,0.0,611.09716796875,-116.6805419921875
56.092,136,1,0.0,0.0,611.09716796875,-116.6805419921875
56.131,136,1,0.0,0.0,611.09716796875,-116.6805419921875
56.132,136,1,0.0,0.0,611.09716796875,-116.6805419921875
56.132,136,1,0.0,0.0,611.09716796875,-116.6805419921875
56.182,136,1,0.0,0.0,611.09716796875,-116.6805419921875
56.211,136,1,0.0,0.0,611.09716796875,-116.6805419921875
56.211,136,1,0.0,0.0,611.09716796875,-116.6805419921875
56.211,136,1,0.0,0.0,611.09716796875,-116.6805419921875
56.251,136,1,0.0,0.0,611.09716796875,-116.6805419921875
56.252,136,1,0.0,0.0,611.09716796875,-116.6805419921875
56.252,136,1,0.0,0.0,611.09716796875,-116.6805419921875
56.268,136,1,0.0,0.0,611.09716796875,-116.6805419921875
56.291,136,1,0.0,0.0,611.09716796875,-116.6805419921875
56.292,136,1,0.0,0.0,611.09716796875,-116.6805419921875
56.292,136,1,0.0,0.0,611.09716796875,-116.6805419921875
56.332,136,1,0.0,0.0,611.09716796875,-116.6805419921875
56.332,136,1,0.0,0.0,611.09716796875,-116.6805419921875
56.332,136,1,0.0,0.0,611.09716796875,-116.6805419921875
56.383,136,1,0.0,0.0,611.09716796875,-116.6805419921875
56.412,136,1,0.0,0.0,611.09716796875,-116.6805419921875
56.412,136,1,0.0,0.0,611.09716796875,-116.6805419921875
56.413,136,1,0.0,0.0,611.09716796875,-116.6805419921875
56.451,136,1,0.0,0.0,611.09716796875,-116.6805419921875
56.452,136,1,0.0,0.0,611.09716796875,-116.6805419921875
56.452,136,1,0.0,0.0,611.09716796875,-116.6805419921875
56.491,136,1,0.0,0.0,611.09716796875,-116.6805419921875
56.491,136,1,0.0,0.0,611.09716796875,-116.6805419921875
56.491,136,1,0.0,0.0,611.09716796875,-116.6805419921875
56.532,136,1,0.0,0.0,611.09716796875,-116.6805419921875
56.532,136,1,0.0,0.0,611.09716796875,-116.6805419921875
56.532,136,1,0.0,0.0,611.09716796875,-116.6805419921875
56.566,136,1,0.0,0.0,611.09716796875,-116.6805419921875
56.613,136,1,0.0,0.0,611.09716796875,-116.6805419921875
56.614,136,1,0.0,0.0,611.09716796875,-116.6805419921875
56.614,136,1,0.0,0.0,611.09716796875,-116.6805419921875
56.652,136,1,0.0,0.0,611.09716796875,-116.6805419921875
56.652,136,1,0.0,0.0,611.09716796875,-116.6805419921875
56.652,136,1,0.0,0.0,611.09716796875,-116.6805419921875
56.668,136,1,0.0,0.0,611.09716796875,-116.6805419921875
56.691,136,1,0.0,0.0,611.09716796875,-116.6805419921875
56.692,136,1,0.0,0.0,611.09716796875,-116.6805419921875
56.692,136,1,0.0,0.0,611.09716796875,-116.6805419921875
56.716,136,1,0.0,0.0,611.09716796875,-116.6805419921875
56.731,136,1,0.0,0.0,611.09716796875,-116.6805419921875
56.731,136,1,0.0,0.0,611.09716796875,-116.6805419921875
56.731,136,1,0.0,0.0,611.09716796875,-116.6805419921875
56.781,136,1,0.0,0.0,611.09716796875,-116.6805419921875
56.811,136,1,0.0,0.0,611.09716796875,-116.6805419921875
56.811,136,1,0.0,0.0,611.09716796875,-116.6805419921875
56.812,136,1,0.0,0.0,611.09716796875,-116.6805419921875
56.852,136,1,0.0,0.0,611.09716796875,-116.6805419921875
56.852,136,1,0.0,0.0,611.09716796875,-116.6805419921875
56.853,136,1,0.0,0.0,611.09716796875,-116.6805419921875
56.865,136,1,0.0,0.0,611.09716796875,-116.6805419921875
56.891,136,1,0.0,0.0,611.09716796875,-116.6805419921875
56.891,136,1,0.0,0.0,611.09716796875,-116.6805419921875
56.891,136,1,0.0,0.0,611.09716796875,-116.6805419921875
56.932,136,1,0.0,0.0,611.09716796875,-116.6805419921875
56.932,136,1,0.0,0.0,611.09716796875,-116.6805419921875
56.932,136,1,0.0,0.0,611.09716796875,-116.6805419921875
56.968,136,1,0.0,0.0,611.09716796875,-116.6805419921875
57.011,136,1,0.0,0.0,611.09716796875,-116.6805419921875
57.011,136,1,0.0,0.0,611.09716796875,-116.6805419921875
57.011,136,1,0.0,0.0,611.09716796875,-116.6805419921875
57.051,136,1,0.0,0.0,611.09716796875,-116.6805419921875
57.052,136,1,0.0,0.0,611.09716796875,-116.6805419921875
57.052,136,1,0.0,0.0,611.09716796875,-116.6805419921875
57.092,136,1,0.0,0.0,611.09716796875,-116.6805419921875
57.092,136,1,0.0,0.0,611.09716796875,-116.6805419921875
57.092,136,1,0.0,0.0,611.09716796875,-116.6805419921875
57.131,136,1,0.0,0.0,611.09716796875,-116.6805419921875
57.131,136,1,0.0,0.0,611.09716796875,-116.6805419921875
57.131,136,1,0.0,0.0,611.09716796875,-116.6805419921875
57.166,136,1,0.0,0.0,611.09716796875,-116.6805419921875
57.211,136,1,0.0,0.0,611.09716796875,-116.6805419921875
57.211,136,1,0.0,0.0,611.09716796875,-116.6805419921875
57.211,136,1,0.0,0.0,611.09716796875,-116.6805419921875
57.252,136,1,0.0,0.0,611.09716796875,-116.6805419921875
57.252,136,1,0.0,0.0,611.09716796875,-116.6805419921875
57.252,136,1,0.0,0.0,611.09716796875,-116.6805419921875
57.268,136,1,0.0,0.0,611.09716796875,-116.6805419921875
57.292,136,1,0.0,0.0,611.09716796875,-116.6805419921875
57.293,136,1,0.0,0.0,611.09716796875,-116.6805419921875
57.294,136,1,0.0,0.0,611.09716796875,-116.6805419921875
57.316,136,1,0.0,0.0,611.09716796875,-116.6805419921875
57.333,136,1,0.0,0.0,611.09716796875,-116.6805419921875
57.333,136,1,0.0,0.0,611.09716796875,-116.6805419921875
57.333,136,1,0.0,0.0,611.09716796875,-116.6805419921875
57.369,136,1,0.0,0.0,611.09716796875,-116.6805419921875
57.411,136,1,0.0,0.0,611.09716796875,-116.6805419921875
57.412,136,1,0.0,0.0,611.09716796875,-116.6805419921875
57.412,136,1,0.0,0.0,611.09716796875,-116.6805419921875
57.45,136,1,0.0,0.0,611.09716796875,-116.6805419921875
57.451,136,1,0.0,0.0,611.09716796875,-116.6805419921875
57.451,136,1,0.0,0.0,611.09716796875,-116.6805419921875
57.467,136,1,0.0,0.0,611.09716796875,-116.6805419921875
57.491,136,1,0.0,0.0,611.09716796875,-116.6805419921875
57.491,136,1,0.0,0.0,611.09716796875,-116.6805419921875
57.492,136,1,0.0,0.0,611.09716796875,-116.6805419921875
57.532,136,1,0.0,0.0,611.09716796875,-116.6805419921875
57.532,136,1,0.0,0.0,611.09716796875,-116.6805419921875
57.533,136,1,0.0,0.0,611.09716796875,-116.6805419921875
57.583,136,1,0.0,0.0,611.09716796875,-116.6805419921875
57.612,136,1,0.0,0.0,611.09716796875,-116.6805419921875
57.612,136,1,0.0,0.0,611.09716796875,-116.6805419921875
57.612,136,1,0.0,0.0,611.09716796875,-116.6805419921875
57.652,136,1,0.0,0.0,611.09716796875,-116.6805419921875
57.652,136,1,0.0,0.0,611.09716796875,-116.6805419921875
57.652,136,1,0.0,0.0,611.09716796875,-116.6805419921875
57.667,136,1,0.0,0.0,611.09716796875,-116.6805419921875
57.691,136,1,0.0,0.0,611.09716796875,-116.6805419921875
57.691,136,1,0.0,0.0,611.09716796875,-116.6805419921875
57.692,136,1,0.0,0.0,611.09716796875,-116.6805419921875
57.731,136,1,0.0,0.0,611.09716796875,-116.6805419921875
57.731,136,1,0.0,0.0,611.09716796875,-116.6805419921875
57.731,136,1,0.0,0.0,611.09716796875,-116.6805419921875
57.765,136,1,0.0,0.0,611.09716796875,-116.6805419921875
57.811,136,1,0.0,0.0,611.09716796875,-116.6805419921875
57.811,136,1,0.0,0.0,611.09716796875,-116.6805419921875
57.811,136,1,0.0,0.0,611.09716796875,-116.6805419921875
57.851,136,1,0.0,0.0,611.09716796875,-116.6805419921875
57.852,136,1,0.0,0.0,611.09716796875,-116.6805419921875
57.854,136,1,0.0,0.0,611.09716796875,-116.6805419921875
57.866,136,1,0.0,0.0,611.09716796875,-116.6805419921875
57.891,136,1,0.0,0.0,611.09716796875,-116.6805419921875
57.891,136,1,0.0,0.0,611.09716796875,-116.6805419921875
57.892,136,1,0.0,0.0,611.09716796875,-116.6805419921875
57.931,136,1,0.0,0.0,611.09716796875,-116.6805419921875
57.931,136,1,0.0,0.0,611.09716796875,-116.6805419921875
57.932,136,1,0.0,0.0,611.09716796875,-116.6805419921875
57.982,136,1,0.0,0.0,611.09716796875,-116.6805419921875
58.011,136,1,0.0,0.0,611.09716796875,-116.6805419921875
58.011,136,1,0.0,0.0,611.09716796875,-116.6805419921875
58.011,136,1,0.0,0.0,611.09716796875,-116.6805419921875
58.051,136,1,0.0,0.0,611.09716796875,-116.6805419921875
58.052,136,1,0.0,0.0,611.09716796875,-116.6805419921875
58.052,136,1,0.0,0.0,611.09716796875,-116.6805419921875
58.068,136,1,0.0,0.0,611.09716796875,-116.6805419921875
58.091,136,1,0.0,0.0,611.09716796875,-116.6805419921875
58.091,136,1,0.0,0.0,611.09716796875,-116.6805419921875
58.092,136,1,0.0,0.0,611.09716796875,-116.6805419921875
58.131,136,1,0.0,0.0,611.09716796875,-116.6805419921875
58.132,136,1,0.0,0.0,611.09716796875,-116.6805419921875
58.132,136,1,0.0,0.0,611.09716796875,-116.6805419921875
58.169,136,1,0.0,0.0,611.09716796875,-116.6805419921875
58.212,136,1,0.0,0.0,611.09716796875,-116.6805419921875
58.212,136,1,0.0,0.0,611.09716796875,-116.6805419921875
58.212,136,1,0.0,0.0,611.09716796875,-116.6805419921875
58.251,136,1,0.0,0.0,611.09716796875,-116.6805419921875
58.251,136,1,0.0,0.0,611.09716796875,-116.6805419921875
58.252,136,1,0.0,0.0,611.09716796875,-116.6805419921875
58.267,136,1,0.0,0.0,611.09716796875,-116.6805419921875
58.291,136,1,0.0,0.0,611.09716796875,-116.6805419921875
58.291,136,1,0.0,0.0,611.09716796875,-116.6805419921875
58.292,136,1,0.0,0.0,611.09716796875,-116.6805419921875
58.331,136,1,0.0,0.0,611.09716796875,-116.6805419921875
58.332,136,1,0.0,0.0,611.09716796875,-116.6805419921875
58.332,136,1,0.0,0.0,611.09716796875,-116.6805419921875
58.367,136,1,0.0,0.0,611.09716796875,-116.6805419921875
58.411,136,1,0.0,0.0,611.09716796875,-116.6805419921875
58.412,136,1,0.0,0.0,611.09716796875,-116.6805419921875
58.412,136,1,0.0,0.0,611.09716796875,-116.6805419921875
58.452,136,1,0.0,0.0,611.09716796875,-116.6805419921875
58.452,136,1,0.0,0.0,611.09716796875,-116.6805419921875
58.452,136,1,0.0,0.0,611.09716796875,-116.6805419921875
58.467,136,1,0.0,0.0,611.09716796875,-116.6805419921875
58.491,136,1,0.0,0.0,611.09716796875,-116.6805419921875
58.492,136,1,0.0,0.0,611.09716796875,-116.6805419921875
58.492,136,1,0.0,0.0,611.09716796875,-116.6805419921875
58.519,136,1,0.0,0.0,611.09716796875,-116.6805419921875
58.53,136,1,0.0,0.0,611.09716796875,-116.6805419921875
58.531,136,1,0.0,0.0,611.09716796875,-116.6805419921875
58.531,136,1,0.0,0.0,611.09716796875,-116.6805419921875
58.572,136,1,0.0,0.0,611.09716796875,-116.6805419921875
58.612,136,1,0.0,0.0,611.09716796875,-116.6805419921875
58.612,136,1,0.0,0.0,611.09716796875,-116.6805419921875
58.614,136,1,0.0,0.0,611.09716796875,-116.6805419921875
58.652,136,1,0.0,0.0,611.09716796875,-116.6805419921875
58.652,136,1,0.0,0.0,611.09716796875,-116.6805419921875
58.653,136,1,0.0,0.0,611.09716796875,-116.6805419921875
58.672,136,1,0.0,0.0,611.09716796875,-116.6805419921875
58.692,136,1,0.0,0.0,611.09716796875,-116.6805419921875
58.692,136,1,0.0,0.0,611.09716796875,-116.6805419921875
58.692,136,1,0.0,0.0,611.09716796875,-116.6805419921875
58.731,136,1,0.0,0.0,611.09716796875,-116.6805419921875
58.731,136,1,0.0,0.0,611.09716796875,-116.6805419921875
58.732,136,1,0.0,0.0,611.09716796875,-116.6805419921875
58.782,136,1,0.0,0.0,611.09716796875,-116.6805419921875
58.811,136,1,0.0,0.0,611.09716796875,-116.6805419921875
58.811,136,1,0.0,0.0,611.09716796875,-116.6805419921875
58.811,136,1,0.0,0.0,611.09716796875,-116.6805419921875
58.851,136,1,0.0,0.0,611.09716796875,-116.6805419921875
58.852,136,1,0.0,0.0,611.09716796875,-116.6805419921875
58.852,136,1,0.0,0.0,611.09716796875,-116.6805419921875
58.867,136,1,0.0,0.0,611.09716796875,-116.6805419921875
58.892,136,1,0.0,0.0,611.09716796875,-116.6805419921875
58.892,136,1,0.0,0.0,611.09716796875,-116.6805419921875
58.892,136,1,0.0,0.0,611.09716796875,-116.6805419921875
58.919,136,1,0.0,0.0,611.09716796875,-116.6805419921875
58.931,136,1,0.0,0.0,611.09716796875,-116.6805419921875
58.931,136,1,0.0,0.0,611.09716796875,-116.6805419921875
58.931,136,1,0.0,0.0,611.09716796875,-116.6805419921875
58.969,136,1,0.0,0.0,611.09716796875,-116.6805419921875
59.011,136,1,0.0,0.0,611.09716796875,-116.6805419921875
59.011,136,1,0.0,0.0,611.09716796875,-116.6805419921875
59.011,136,1,0.0,0.0,611.09716796875,-116.6805419921875
59.051,136,1,0.0,0.0,611.09716796875,-116.6805419921875
59.052,136,1,0.0,0.0,611.09716796875,-116.6805419921875
59.053,136,1,0.0,0.0,611.09716796875,-116.6805419921875
59.091,136,1,0.0,0.0,611.09716796875,-116.6805419921875
59.092,136,1,0.0,0.0,611.09716796875,-116.6805419921875
59.092,136,1,0.0,0.0,611.09716796875,-116.6805419921875
59.131,136,1,0.0,0.0,611.09716796875,-116.6805419921875
59.132,136,1,0.0,0.0,611.09716796875,-116.6805419921875
59.132,136,1,0.0,0.0,611.09716796875,-116.6805419921875
59.182,136,1,0.0,0.0,611.09716796875,-116.6805419921875
59.211,136,1,0.0,0.0,611.09716796875,-116.6805419921875
59.211,136,1,0.0,0.0,611.09716796875,-116.6805419921875
59.211,136,1,0.0,0.0,611.09716796875,-116.6805419921875
59.251,136,1,0.0,0.0,611.09716796875,-116.6805419921875
59.252,136,1,0.0,0.0,611.09716796875,-116.6805419921875
59.252,136,1,0.0,0.0,611.09716796875,-116.6805419921875
59.27,136,1,0.0,0.0,611.09716796875,-116.6805419921875
59.293,136,1,0.0,0.0,611.09716796875,-116.6805419921875
59.293,136,1,0.0,0.0,611.09716796875,-116.6805419921875
59.294,136,1,0.0,0.0,611.09716796875,-116.6805419921875
59.317,136,1,0.0,0.0,611.09716796875,-116.6805419921875
59.331,136,1,0.0,0.0,611.09716796875,-116.6805419921875
59.331,136,1,0.0,0.0,611.09716796875,-116.6805419921875
59.331,136,1,0.0,0.0,611.09716796875,-116.6805419921875
59.382,136,1,0.0,0.0,611.09716796875,-116.6805419921875
59.412,136,1,0.0,0.0,611.09716796875,-116.6805419921875
59.412,136,1,0.0,0.0,611.09716796875,-116.6805419921875
59.412,136,1,0.0,0.0,611.09716796875,-116.6805419921875
59.451,136,1,0.0,0.0,611.09716796875,-116.6805419921875
59.451,136,1,0.0,0.0,611.09716796875,-116.6805419921875
59.452,136,1,0.0,0.0,611.09716796875,-116.6805419921875
59.467,136,1,0.0,0.0,611.09716796875,-116.6805419921875
59.491,136,1,0.0,0.0,611.09716796875,-116.6805419921875
59.491,136,1,0.0,0.0,611.09716796875,-116.6805419921875
59.491,136,1,0.0,0.0,611.09716796875,-116.6805419921875
59.517,136,1,0.0,0.0,611.09716796875,-116.6805419921875
59.532,136,1,0.0,0.0,611.09716796875,-116.6805419921875
59.533,136,1,0.0,0.0,611.09716796875,-116.6805419921875
59.533,136,1,0.0,0.0,611.09716796875,-116.6805419921875
59.566,136,1,0.0,0.0,611.09716796875,-116.6805419921875
59.611,136,1,0.0,0.0,611.09716796875,-116.6805419921875
59.612,136,1,0.0,0.0,611.09716796875,-116.6805419921875
59.612,136,1,0.0,0.0,611.09716796875,-116.6805419921875
59.652,136,1,0.0,0.0,611.09716796875,-116.6805419921875
59.652,136,1,0.0,0.0,611.09716796875,-116.6805419921875
59.652,136,1,0.0,0.0,611.09716796875,-116.6805419921875
59.668,136,1,0.0,0.0,611.09716796875,-116.6805419921875
59.692,136,1,0.0,0.0,611.09716796875,-116.6805419921875
59.692,136,1,0.0,0.0,611.09716796875,-116.6805419921875
59.692,136,1,0.0,0.0,611.09716796875,-116.6805419921875
59.717,136,1,0.0,0.0,611.09716796875,-116.6805419921875
59.731,136,1,0.0,0.0,611.09716796875,-116.6805419921875
59.731,136,1,0.0,0.0,611.09716796875,-116.6805419921875
59.731,136,1,0.0,0.0,611.09716796875,-116.6805419921875
59.782,136,1,0.0,0.0,611.09716796875,-116.6805419921875
59.811,136,1,0.0,0.0,611.09716796875,-116.6805419921875
59.811,136,1,0.0,0.0,611.09716796875,-116.6805419921875
59.811,136,1,0.0,0.0,611.09716796875,-116.6805419921875
59.851,136,1,0.0,0.0,611.09716796875,-116.6805419921875
59.851,136,1,0.0,0.0,611.09716796875,-116.6805419921875
59.852,136,1,0.0,0.0,611.09716796875,-116.6805419921875
59.867,136,1,0.0,0.0,611.09716796875,-116.6805419921875
59.892,136,1,0.0,0.0,611.09716796875,-116.6805419921875
59.892,136,1,0.0,0.0,611.09716796875,-116.6805419921875
59.892,136,1,0.0,0.0,611.09716796875,-116.6805419921875
59.931,136,1,0.0,0.0,611.09716796875,-116.6805419921875
59.931,136,1,0.0,0.0,611.09716796875,-116.6805419921875
59.932,136,1,0.0,0.0,611.09716796875,-116.6805419921875
59.967,136,1,0.0,0.0,611.09716796875,-116.6805419921875
60.011,136,1,0.0,0.0,611.09716796875,-116.6805419921875
60.011,136,1,0.0,0.0,611.09716796875,-116.6805419921875
60.012,136,1,0.0,0.0,611.09716796875,-116.6805419921875
60.051,136,1,0.0,0.0,611.09716796875,-116.6805419921875
60.051,136,1,0.0,0.0,611.09716796875,-116.6805419921875
60.052,136,1,0.0,0.0,611.09716796875,-116.6805419921875
60.091,136,1,0.0,0.0,611.09716796875,-116.6805419921875
60.091,136,1,0.0,0.0,611.09716796875,-116.6805419921875
60.091,136,1,0.0,0.0,611.09716796875,-116.6805419921875
60.131,136,1,0.0,0.0,611.09716796875,-116.6805419921875
60.131,136,1,0.0,0.0,611.09716796875,-116.6805419921875
60.132,136,1,0.0,0.0,611.09716796875,-116.6805419921875
60.168,136,1,0.0,0.0,611.09716796875,-116.6805419921875
60.211,136,1,0.0,0.0,611.09716796875,-116.6805419921875
60.212,136,1,0.0,0.0,611.09716796875,-116.6805419921875
60.212,136,1,0.0,0.0,611.09716796875,-116.6805419921875
60.251,136,1,0.0,0.0,611.09716796875,-116.6805419921875
60.252,136,1,0.0,0.0,611.09716796875,-116.6805419921875
60.255,136,1,0.0,0.0,611.09716796875,-116.6805419921875
60.291,136,1,0.0,0.0,611.09716796875,-116.6805419921875
60.292,136,1,0.0,0.0,611.09716796875,-116.6805419921875
60.292,136,1,0.0,0.0,611.09716796875,-116.6805419921875
60.331,136,1,0.0,0.0,611.09716796875,-116.6805419921875
60.332,136,1,0.0,0.0,611.09716796875,-116.6805419921875
60.332,136,1,0.0,0.0,611.09716796875,-116.6805419921875
60.369,136,1,0.0,0.0,611.09716796875,-116.6805419921875
60.411,136,1,0.0,0.0,611.09716796875,-116.6805419921875
60.412,136,1,0.0,0.0,611.09716796875,-116.6805419921875
60.412,136,1,0.0,0.0,611.09716796875,-116.6805419921875
60.452,136,1,0.0,0.0,611.09716796875,-116.6805419921875
60.452,136,1,0.0,0.0,611.09716796875,-116.6805419921875
60.452,136,1,0.0,0.0,611.09716796875,-116.6805419921875
60.466,136,1,0.0,0.0,611.09716796875,-116.6805419921875
60.492,136,1,0.0,0.0,611.09716796875,-116.6805419921875
60.492,136,1,0.0,0.0,611.09716796875,-116.6805419921875
60.492,136,1,0.0,0.0,611.09716796875,-116.6805419921875
60.531,136,1,0.0,0.0,611.09716796875,-116.6805419921875
60.532,136,1,0.0,0.0,611.09716796875,-116.6805419921875
60.532,136,1,0.0,0.0,611.09716796875,-116.6805419921875
60.582,136,1,0.0,0.0,611.09716796875,-116.6805419921875
60.611,136,1,0.0,0.0,611.09716796875,-116.6805419921875
60.611,136,1,0.0,0.0,611.09716796875,-116.6805419921875
60.611,136,1,0.0,0.0,611.09716796875,-116.6805419921875
60.651,136,1,0.0,0.0,611.09716796875,-116.6805419921875
60.651,136,1,0.0,0.0,611.09716796875,-116.6805419921875
60.651,136,1,0.0,0.0,611.09716796875,-116.6805419921875
60.691,136,1,0.0,0.0,611.09716796875,-116.6805419921875
60.692,136,1,0.0,0.0,611.09716796875,-116.6805419921875
60.692,136,1,0.0,0.0,611.09716796875,-116.6805419921875
60.717,136,1,0.0,0.0,611.09716796875,-116.6805419921875
60.731,136,1,0.0,0.0,611.09716796875,-116.6805419921875
60.731,136,1,0.0,0.0,611.09716796875,-116.6805419921875
60.731,136,1,0.0,0.0,611.09716796875,-116.6805419921875
60.769,136,1,0.0,0.0,611.09716796875,-116.6805419921875
60.812,136,1,0.0,0.0,611.09716796875,-116.6805419921875
60.813,136,1,0.0,0.0,611.09716796875,-116.6805419921875
60.813,136,1,0.0,0.0,611.09716796875,-116.6805419921875
60.851,136,1,0.0,0.0,611.09716796875,-116.6805419921875
60.852,136,1,0.0,0.0,611.09716796875,-116.6805419921875
60.852,136,1,0.0,0.0,611.09716796875,-116.6805419921875
60.869,136,1,0.0,0.0,611.09716796875,-116.6805419921875
60.891,136,1,0.0,0.0,611.09716796875,-116.6805419921875
60.892,136,1,0.0,0.0,611.09716796875,-116.6805419921875
60.892,136,1,0.0,0.0,611.09716796875,-116.6805419921875
60.919,136,1,0.0,0.0,611.09716796875,-116.6805419921875
60.932,136,1,0.0,0.0,611.09716796875,-116.6805419921875
60.932,136,1,0.0,0.0,611.09716796875,-116.6805419921875
60.932,136,1,0.0,0.0,611.09716796875,-116.6805419921875
60.982,136,1,0.0,0.0,611.09716796875,-116.6805419921875
61.011,136,1,0.0,0.0,611.09716796875,-116.6805419921875
61.011,136,1,0.0,0.0,611.09716796875,-116.6805419921875
61.012,136,1,0.0,0.0,611.09716796875,-116.6805419921875
61.051,136,1,0.0,0.0,611.09716796875,-116.6805419921875
61.052,136,1,0.0,0.0,611.09716796875,-116.6805419921875
61.052,136,1,0.0,0.0,611.09716796875,-116.6805419921875
61.07,136,1,0.0,0.0,611.09716796875,-116.6805419921875
61.092,136,1,0.0,0.0,611.09716796875,-116.6805419921875
61.092,136,1,0.0,0.0,611.09716796875,-116.6805419921875
61.092,136,1,0.0,0.0,611.09716796875,-116.6805419921875
61.116,136,1,0.0,0.0,611.09716796875,-116.6805419921875
61.131,136,1,0.0,0.0,611.09716796875,-116.6805419921875
61.131,136,1,0.0,0.0,611.09716796875,-116.6805419921875
61.132,136,1,0.0,0.0,611.09716796875,-116.6805419921875
61.169,136,1,0.0,0.0,611.09716796875,-116.6805419921875
61.211,136,1,0.0,0.0,611.09716796875,-116.6805419921875
61.211,136,1,0.0,0.0,611.09716796875,-116.6805419921875
61.211,136,1,0.0,0.0,611.09716796875,-116.6805419921875
61.252,136,1,0.0,0.0,611.09716796875,-116.6805419921875
61.252,136,1,0.0,0.0,611.09716796875,-116.6805419921875
61.252,136,1,0.0,0.0,611.09716796875,-116.6805419921875
61.269,136,1,0.0,0.0,611.09716796875,-116.6805419921875
61.292,136,1,0.0,0.0,611.09716796875,-116.6805419921875
61.292,136,1,0.0,0.0,611.09716796875,-116.6805419921875
61.292,136,1,0.0,0.0,611.09716796875,-116.6805419921875
61.332,136,1,0.0,0.0,611.09716796875,-116.6805419921875
61.332,136,1,0.0,0.0,611.09716796875,-116.6805419921875
61.332,136,1,0.0,0.0,611.09716796875,-116.6805419921875
61.383,136,1,0.0,0.0,611.09716796875,-116.6805419921875
61.412,136,1,0.0,0.0,611.09716796875,-116.6805419921875
61.412,136,1,0.0,0.0,611.09716796875,-116.6805419921875
61.412,136,1,0.0,0.0,611.09716796875,-116.6805419921875
61.451,136,1,0.0,0.0,611.09716796875,-116.6805419921875
61.451,136,1,0.0,0.0,611.09716796875,-116.6805419921875
61.452,136,1,0.0,0.0,611.09716796875,-116.6805419921875
61.468,136,1,0.0,0.0,611.09716796875,-116.6805419921875
61.492,136,1,0.0,0.0,611.09716796875,-116.6805419921875
61.492,136,1,0.0,0.0,611.09716796875,-116.6805419921875
61.492,136,1,0.0,0.0,611.09716796875,-116.6805419921875
61.515,136,1,0.0,0.0,611.09716796875,-116.6805419921875
61.532,136,1,0.0,0.0,611.09716796875,-116.6805419921875
61.532,136,1,0.0,0.0,611.09716796875,-116.6805419921875
61.532,136,1,0.0,0.0,611.09716796875,-116.6805419921875
61.57,136,1,0.0,0.0,611.09716796875,-116.6805419921875
61.611,136,1,0.0,0.0,611.09716796875,-116.6805419921875
61.612,136,1,0.0,0.0,611.09716796875,-116.6805419921875
61.612,136,1,0.0,0.0,611.09716796875,-116.6805419921875
61.651,136,1,0.0,0.0,611.09716796875,-116.6805419921875
61.651,136,1,0.0,0.0,611.09716796875,-116.6805419921875
61.651,136,1,0.0,0.0,611.09716796875,-116.6805419921875
61.666,136,1,0.0,0.0,611.09716796875,-116.6805419921875
61.692,136,1,0.0,0.0,611.09716796875,-116.6805419921875
61.692,136,1,0.0,0.0,611.09716796875,-116.6805419921875
61.692,136,1,0.0,0.0,611.09716796875,-116.6805419921875
61.731,136,1,0.0,0.0,611.09716796875,-116.6805419921875
61.731,136,1,0.0,0.0,611.09716796875,-116.6805419921875
61.731,136,1,0.0,0.0,611.09716796875,-116.6805419921875
61.782,136,1,0.0,0.0,611.09716796875,-116.6805419921875
61.811,136,1,0.0,0.0,611.09716796875,-116.6805419921875
61.811,136,1,0.0,0.0,611.09716796875,-116.6805419921875
61.812,136,1,0.0,0.0,611.09716796875,-116.6805419921875
61.851,136,1,0.0,0.0,611.09716796875,-116.6805419921875
61.852,136,1,0.0,0.0,611.09716796875,-116.6805419921875
61.852,136,1,0.0,0.0,611.09716796875,-116.6805419921875
61.868,136,1,0.0,0.0,611.09716796875,-116.6805419921875
61.891,136,1,0.0,0.0,611.09716796875,-116.6805419921875
61.892,136,1,0.0,0.0,611.09716796875,-116.6805419921875
61.892,136,1,0.0,0.0,611.09716796875,-116.6805419921875
61.92,136,1,0.0,0.0,611.09716796875,-116.6805419921875
61.931,136,1,0.0,0.0,611.09716796875,-116.6805419921875
61.931,136,1,0.0,0.0,611.09716796875,-116.6805419921875
61.931,136,1,0.0,0.0,611.09716796875,-116.6805419921875
61.966,136,1,0.0,0.0,611.09716796875,-116.6805419921875
62.011,136,1,0.0,0.0,611.09716796875,-116.6805419921875
62.011,136,1,0.0,0.0,611.09716796875,-116.6805419921875
62.011,136,1,0.0,0.0,611.09716796875,-116.6805419921875
62.051,136,1,0.0,0.0,611.09716796875,-116.6805419921875
62.052,136,1,0.0,0.0,611.09716796875,-116.6805419921875
62.052,136,1,0.0,0.0,611.09716796875,-116.6805419921875
62.092,136,1,0.0,0.0,611.09716796875,-116.6805419921875
62.092,136,1,0.0,0.0,611.09716796875,-116.6805419921875
62.092,136,1,0.0,0.0,611.09716796875,-116.6805419921875
62.117,136,1,0.0,0.0,611.09716796875,-116.6805419921875
62.131,136,1,0.0,0.0,611.09716796875,-116.6805419921875
62.131,136,1,0.0,0.0,611.09716796875,-116.6805419921875
62.132,136,1,0.0,0.0,611.09716796875,-116.6805419921875
62.167,136,1,0.0,0.0,611.09716796875,-116.6805419921875
62.211,136,1,0.0,0.0,611.09716796875,-116.6805419921875
62.211,136,1,0.0,0.0,611.09716796875,-116.6805419921875
62.211,136,1,0.0,0.0,611.09716796875,-116.6805419921875
62.251,136,1,0.0,0.0,611.09716796875,-116.6805419921875
62.251,136,1,0.0,0.0,611.09716796875,-116.6805419921875
62.252,136,1,0.0,0.0,611.09716796875,-116.6805419921875
62.269,136,1,0.0,0.0,611.09716796875,-116.6805419921875
62.291,136,1,0.0,0.0,611.09716796875,-116.6805419921875
62.291,136,1,0.0,0.0,611.09716796875,-116.6805419921875
62.292,136,1,0.0,0.0,611.09716796875,-116.6805419921875
62.331,136,1,0.0,0.0,611.09716796875,-116.6805419921875
62.331,136,1,0.0,0.0,611.09716796875,-116.6805419921875
62.332,136,1,0.0,0.0,611.09716796875,-116.6805419921875
62.382,136,1,0.0,0.0,611.09716796875,-116.6805419921875
62.411,136,1,0.0,0.0,611.09716796875,-116.6805419921875
62.411,136,1,0.0,0.0,611.09716796875,-116.6805419921875
62.412,136,1,0.0,0.0,611.09716796875,-116.6805419921875
62.451,136,1,0.0,0.0,611.09716796875,-116.6805419921875
62.451,136,1,0.0,0.0,611.09716796875,-116.6805419921875
62.455,136,1,0.0,0.0,611.09716796875,-116.6805419921875
62.467,136,1,0.0,0.0,611.09716796875,-116.6805419921875
62.491,136,1,0.0,0.0,611.09716796875,-116.6805419921875
62.491,136,1,0.0,0.0,611.09716796875,-116.6805419921875
62.492,136,1,0.0,0.0,611.09716796875,-116.6805419921875
62.531,136,1,0.0,0.0,611.09716796875,-116.6805419921875
62.532,136,1,0.0,0.0,611.09716796875,-116.6805419921875
62.532,136,1,0.0,0.0,611.09716796875,-116.6805419921875
62.568,136,1,0.0,0.0,611.09716796875,-116.6805419921875
62.611,136,1,0.0,0.0,611.09716796875,-116.6805419921875
62.611,136,1,0.0,0.0,611.09716796875,-116.6805419921875
62.612,136,1,0.0,0.0,611.09716796875,-116.6805419921875
62.651,136,1,0.0,0.0,611.09716796875,-116.6805419921875
62.651,136,1,0.0,0.0,611.09716796875,-116.6805419921875
62.652,136,1,0.0,0.0,611.09716796875,-116.6805419921875
62.667,136,1,0.0,0.0,611.09716796875,-116.6805419921875
62.691,136,1,0.0,0.0,611.09716796875,-116.6805419921875
62.691,136,1,0.0,0.0,611.09716796875,-116.6805419921875
62.692,136,1,0.0,0.0,611.09716796875,-116.6805419921875
62.731,136,1,0.0,0.0,611.09716796875,-116.6805419921875
62.731,136,1,0.0,0.0,611.09716796875,-116.6805419921875
62.732,136,1,0.0,0.0,611.09716796875,-116.6805419921875
62.782,136,1,0.0,0.0,611.09716796875,-116.6805419921875
62.811,136,1,0.0,0.0,611.09716796875,-116.6805419921875
62.812,136,1,0.0,0.0,611.09716796875,-116.6805419921875
62.812,136,1,0.0,0.0,611.09716796875,-116.6805419921875
62.851,136,1,0.0,0.0,611.09716796875,-116.6805419921875
62.851,136,1,0.0,0.0,611.09716796875,-116.6805419921875
62.852,136,1,0.0,0.0,611.09716796875,-116.6805419921875
62.891,136,1,0.0,0.0,611.09716796875,-116.6805419921875
62.892,136,1,0.0,0.0,611.09716796875,-116.6805419921875
62.892,136,1,0.0,0.0,611.09716796875,-116.6805419921875
62.931,136,1,0.0,0.0,611.09716796875,-116.6805419921875
62.931,136,1,0.0,0.0,611.09716796875,-116.6805419921875
62.932,136,1,0.0,0.0,611.09716796875,-116.6805419921875
62.966,136,1,0.0,0.0,611.09716796875,-116.6805419921875
63.011,136,1,0.0,0.0,611.09716796875,-116.6805419921875
63.011,136,1,0.0,0.0,611.09716796875,-116.6805419921875
63.011,136,1,0.0,0.0,611.09716796875,-116.6805419921875
63.051,136,1,0.0,0.0,611.09716796875,-116.6805419921875
63.052,136,1,0.0,0.0,611.09716796875,-116.6805419921875
63.052,136,1,0.0,0.0,611.09716796875,-116.6805419921875
63.092,136,1,0.0,0.0,611.09716796875,-116.6805419921875
63.092,136,1,0.0,0.0,611.09716796875,-116.6805419921875
63.092,136,1,0.0,0.0,611.09716796875,-116.6805419921875
63.119,136,1,0.0,0.0,611.09716796875,-116.6805419921875
63.131,136,1,0.0,0.0,611.09716796875,-116.6805419921875
63.131,136,1,0.0,0.0,611.09716796875,-116.6805419921875
63.131,136,1,0.0,0.0,611.09716796875,-116.6805419921875
63.17,136,1,0.0,0.0,611.09716796875,-116.6805419921875
63.211,136,1,0.0,0.0,611.09716796875,-116.6805419921875
63.211,136,1,0.0,0.0,611.09716796875,-116.6805419921875
63.211,136,1,0.0,0.0,611.09716796875,-116.6805419921875
63.252,136,1,0.0,0.0,611.09716796875,-116.6805419921875
63.254,136,1,0.0,0.0,611.09716796875,-116.6805419921875
63.254,136,1,0.0,0.0,611.09716796875,-116.6805419921875
63.268,136,1,0.0,0.0,611.09716796875,-116.6805419921875
63.291,136,1,0.0,0.0,611.09716796875,-116.6805419921875
63.292,136,1,0.0,0.0,611.09716796875,-116.6805419921875
63.292,136,1,0.0,0.0,611.09716796875,-116.6805419921875
63.331,136,1,0.0,0.0,611.09716796875,-116.6805419921875
63.331,136,1,0.0,0.0,611.09716796875,-116.6805419921875
63.332,136,1,0.0,0.0,611.09716796875,-116.6805419921875
63.367,136,1,0.0,0.0,611.09716796875,-116.6805419921875
63.412,136,1,0.0,0.0,611.09716796875,-116.6805419921875
63.412,136,1,0.0,0.0,611.09716796875,-116.6805419921875
63.412,136,1,0.0,0.0,611.09716796875,-116.6805419921875
63.452,136,1,0.0,0.0,611.09716796875,-116.6805419921875
63.452,136,1,0.0,0.0,611.09716796875,-116.6805419921875
63.452,136,1,0.0,0.0,611.09716796875,-116.6805419921875
63.492,136,1,0.0,0.0,611.09716796875,-116.6805419921875
63.492,136,1,0.0,0.0,611.09716796875,-116.6805419921875
63.494,136,1,0.0,0.0,611.09716796875,-116.6805419921875
63.517,136,1,0.0,0.0,611.09716796875,-116.6805419921875
63.531,136,1,0.0,0.0,611.09716796875,-116.6805419921875
63.531,136,1,0.0,0.0,611.09716796875,-116.6805419921875
63.532,136,1,0.0,0.0,611.09716796875,-116.6805419921875
63.582,136,1,0.0,0.0,611.09716796875,-116.6805419921875
63.611,136,1,0.0,0.0,611.09716796875,-116.6805419921875
63.611,136,1,0.0,0.0,611.09716796875,-116.6805419921875
63.612,136,1,0.0,0.0,611.09716796875,-116.6805419921875
63.651,136,1,0.0,0.0,611.09716796875,-116.6805419921875
63.652,136,1,0.0,0.0,611.09716796875,-116.6805419921875
63.652,136,1,0.0,0.0,611.09716796875,-116.6805419921875
63.668,136,1,0.0,0.0,611.09716796875,-116.6805419921875
63.692,136,1,0.0,0.0,611.09716796875,-116.6805419921875
63.692,136,1,0.0,0.0,611.09716796875,-116.6805419921875
63.693,136,1,0.0,0.0,611.09716796875,-116.6805419921875
63.72,136,1,0.0,0.0,611.09716796875,-116.6805419921875
63.732,136,1,0.0,0.0,611.09716796875,-116.6805419921875
63.732,136,1,0.0,0.0,611.09716796875,-116.6805419921875
63.732,136,1,0.0,0.0,611.09716796875,-116.6805419921875
63.783,136,1,0.0,0.0,611.09716796875,-116.6805419921875
63.812,136,1,0.0,0.0,611.09716796875,-116.6805419921875
63.812,136,1,0.0,0.0,611.09716796875,-116.6805419921875
63.812,136,1,0.0,0.0,611.09716796875,-116.6805419921875
63.851,136,1,0.0,0.0,611.09716796875,-116.6805419921875
63.851,136,1,0.0,0.0,611.09716796875,-116.6805419921875
63.852,136,1,0.0,0.0,611.09716796875,-116.6805419921875
63.891,136,1,0.0,0.0,611.09716796875,-116.6805419921875
63.892,136,1,0.0,0.0,611.09716796875,-116.6805419921875
63.892,136,1,0.0,0.0,611.09716796875,-116.6805419921875
63.919,136,1,0.0,0.0,611.09716796875,-116.6805419921875
63.933,136,1,0.0,0.0,611.09716796875,-116.6805419921875
63.933,136,1,0.0,0.0,611.09716796875,-116.6805419921875
63.933,136,1,0.0,0.0,611.09716796875,-116.6805419921875
63.983,136,1,0.0,0.0,611.09716796875,-116.6805419921875
64.012,136,1,0.0,0.0,611.09716796875,-116.6805419921875
64.012,136,1,0.0,0.0,611.09716796875,-116.6805419921875
64.012,136,1,0.0,0.0,611.09716796875,-116.6805419921875
64.051,136,1,0.0,0.0,611.09716796875,-116.6805419921875
64.052,136,1,0.0,0.0,611.09716796875,-116.6805419921875
64.052,136,1,0.0,0.0,611.09716796875,-116.6805419921875
64.068,136,1,0.0,0.0,611.09716796875,-116.6805419921875
64.092,136,1,0.0,0.0,611.09716796875,-116.6805419921875
64.092,136,1,0.0,0.0,611.09716796875,-116.6805419921875
64.092,136,1,0.0,0.0,611.09716796875,-116.6805419921875
64.118,136,1,0.0,0.0,611.09716796875,-116.6805419921875
64.132,136,1,0.0,0.0,611.09716796875,-116.6805419921875
64.132,136,1,0.0,0.0,611.09716796875,-116.6805419921875
64.132,136,1,0.0,0.0,611.09716796875,-116.6805419921875
64.167,136,1,0.0,0.0,611.09716796875,-116.6805419921875
64.211,136,1,0.0,0.0,611.09716796875,-116.6805419921875
64.211,136,1,0.0,0.0,611.09716796875,-116.6805419921875
64.211,136,1,0.0,0.0,611.09716796875,-116.6805419921875
64.252,136,1,0.0,0.0,611.09716796875,-116.6805419921875
64.252,136,1,0.0,0.0,611.09716796875,-116.6805419921875
64.252,136,1,0.0,0.0,611.09716796875,-116.6805419921875
64.269,136,1,0.0,0.0,611.09716796875,-116.6805419921875
64.291,136,1,0.0,0.0,611.09716796875,-116.6805419921875
64.291,136,1,0.0,0.0,611.09716796875,-116.6805419921875
64.292,136,1,0.0,0.0,611.09716796875,-116.6805419921875
64.331,136,1,0.0,0.0,611.09716796875,-116.6805419921875
64.331,136,1,0.0,0.0,611.09716796875,-116.6805419921875
64.332,136,1,0.0,0.0,611.09716796875,-116.6805419921875
64.382,136,1,0.0,0.0,611.09716796875,-116.6805419921875
64.411,136,1,0.0,0.0,611.09716796875,-116.6805419921875
64.411,136,1,0.0,0.0,611.09716796875,-116.6805419921875
64.412,136,1,0.0,0.0,611.09716796875,-116.6805419921875
64.452,136,1,0.0,0.0,611.09716796875,-116.6805419921875
64.452,136,1,0.0,0.0,611.09716796875,-116.6805419921875
64.452,136,1,0.0,0.0,611.09716796875,-116.6805419921875
64.492,136,1,0.0,0.0,611.09716796875,-116.6805419921875
64.492,136,1,0.0,0.0,611.09716796875,-116.6805419921875
64.492,136,1,0.0,0.0,611.09716796875,-116.6805419921875
64.531,136,1,0.0,0.0,611.09716796875,-116.6805419921875
64.531,136,1,0.0,0.0,611.09716796875,-116.6805419921875
64.532,136,1,0.0,0.0,611.09716796875,-116.6805419921875
64.567,136,1,0.0,0.0,611.09716796875,-116.6805419921875
64.612,136,1,0.0,0.0,611.09716796875,-116.6805419921875
64.612,136,1,0.0,0.0,611.09716796875,-116.6805419921875
64.612,136,1,0.0,0.0,611.09716796875,-116.6805419921875
64.651,136,1,0.0,0.0,611.09716796875,-116.6805419921875
64.651,136,1,0.0,0.0,611.09716796875,-116.6805419921875
64.651,136,1,0.0,0.0,611.09716796875,-116.6805419921875
64.691,136,1,0.0,0.0,611.09716796875,-116.6805419921875
64.691,136,1,0.0,0.0,611.09716796875,-116.6805419921875
64.692,136,1,0.0,0.0,611.09716796875,-116.6805419921875
64.732,136,1,0.0,0.0,611.09716796875,-116.6805419921875
64.732,136,1,0.0,0.0,611.09716796875,-116.6805419921875
64.732,136,1,0.0,0.0,611.09716796875,-116.6805419921875
64.783,136,1,0.0,0.0,611.09716796875,-116.6805419921875
64.812,136,1,0.0,0.0,611.09716796875,-116.6805419921875
64.812,136,1,0.0,0.0,611.09716796875,-116.6805419921875
64.812,136,1,0.0,0.0,611.09716796875,-116.6805419921875
64.852,136,1,0.0,0.0,611.09716796875,-116.6805419921875
64.852,136,1,0.0,0.0,611.09716796875,-116.6805419921875
64.852,136,1,0.0,0.0,611.09716796875,-116.6805419921875
64.866,136,1,0.0,0.0,611.09716796875,-116.6805419921875
64.892,136,1,0.0,0.0,611.09716796875,-116.6805419921875
64.892,136,1,0.0,0.0,611.09716796875,-116.6805419921875
64.892,136,1,0.0,0.0,611.09716796875,-116.6805419921875
64.931,136,1,0.0,0.0,611.09716796875,-116.6805419921875
64.931,136,1,0.0,0.0,611.09716796875,-116.6805419921875
64.931,136,1,0.0,0.0,611.09716796875,-116.6805419921875
64.965,136,1,0.0,0.0,611.09716796875,-116.6805419921875
65.011,136,1,0.0,0.0,611.09716796875,-116.6805419921875
65.011,136,1,0.0,0.0,611.09716796875,-116.6805419921875
65.011,136,1,0.0,0.0,611.09716796875,-116.6805419921875
65.052,136,1,0.0,0.0,611.09716796875,-116.6805419921875
65.052,136,1,0.0,0.0,611.09716796875,-116.6805419921875
65.053,136,1,0.0,0.0,611.09716796875,-116.6805419921875
65.092,136,1,0.0,0.0,611.09716796875,-116.6805419921875
65.092,136,1,0.0,0.0,611.09716796875,-116.6805419921875
65.092,136,1,0.0,0.0,611.09716796875,-116.6805419921875
65.116,136,1,0.0,0.0,611.09716796875,-116.6805419921875
65.132,136,1,0.0,0.0,611.09716796875,-116.6805419921875
65.132,136,1,0.0,0.0,611.09716796875,-116.6805419921875
65.132,136,1,0.0,0.0,611.09716796875,-116.6805419921875
65.169,136,1,0.0,0.0,611.09716796875,-116.6805419921875
65.211,136,1,0.0,0.0,611.09716796875,-116.6805419921875
65.211,136,1,0.0,0.0,611.09716796875,-116.6805419921875
65.211,136,1,0.0,0.0,611.09716796875,-116.6805419921875
65.251,136,1,0.0,0.0,611.09716796875,-116.6805419921875
65.252,136,1,0.0,0.0,611.09716796875,-116.6805419921875
65.252,136,1,0.0,0.0,611.09716796875,-116.6805419921875
65.291,136,1,0.0,0.0,611.09716796875,-116.6805419921875
65.291,136,1,0.0,0.0,611.09716796875,-116.6805419921875
65.292,136,1,0.0,0.0,611.09716796875,-116.6805419921875
65.331,136,1,0.0,0.0,611.09716796875,-116.6805419921875
65.331,136,1,0.0,0.0,611.09716796875,-116.6805419921875
65.332,136,1,0.0,0.0,611.09716796875,-116.6805419921875
65.382,136,1,0.0,0.0,611.09716796875,-116.6805419921875
65.412,136,1,0.0,0.0,611.09716796875,-116.6805419921875
65.412,136,1,0.0,0.0,611.09716796875,-116.6805419921875
65.412,136,1,0.0,0.0,611.09716796875,-116.6805419921875
65.451,136,1,0.0,0.0,611.09716796875,-116.6805419921875
65.451,136,1,0.0,0.0,611.09716796875,-116.6805419921875
65.452,136,1,0.0,0.0,611.09716796875,-116.6805419921875
65.491,136,1,0.0,0.0,611.09716796875,-116.6805419921875
65.491,136,1,0.0,0.0,611.09716796875,-116.6805419921875
65.492,136,1,0.0,0.0,611.09716796875,-116.6805419921875
65.516,136,1,0.0,0.0,611.09716796875,-116.6805419921875
65.531,136,1,0.0,0.0,611.09716796875,-116.6805419921875
65.531,136,1,0.0,0.0,611.09716796875,-116.6805419921875
65.531,136,1,0.0,0.0,611.09716796875,-116.6805419921875
65.569,136,1,0.0,0.0,611.09716796875,-116.6805419921875
65.611,136,1,0.0,0.0,611.09716796875,-116.6805419921875
65.611,136,1,0.0,0.0,611.09716796875,-116.6805419921875
65.611,136,1,0.0,0.0,611.09716796875,-116.6805419921875
65.651,136,1,0.0,0.0,611.09716796875,-116.6805419921875
65.652,136,1,0.0,0.0,611.09716796875,-116.6805419921875
65.654,136,1,0.0,0.0,611.09716796875,-116.6805419921875
65.691,136,1,0.0,0.0,611.09716796875,-116.6805419921875
65.692,136,1,0.0,0.0,611.09716796875,-116.6805419921875
65.693,136,1,0.0,0.0,611.09716796875,-116.6805419921875
65.716,136,1,0.0,0.0,611.09716796875,-116.6805419921875
65.731,136,1,0.0,0.0,611.09716796875,-116.6805419921875
65.731,136,1,0.0,0.0,611.09716796875,-116.6805419921875
65.731,136,1,0.0,0.0,611.09716796875,-116.6805419921875
65.771,136,1,0.0,0.0,611.09716796875,-116.6805419921875
65.811,136,1,0.0,0.0,611.09716796875,-116.6805419921875
65.811,136,1,0.0,0.0,611.09716796875,-116.6805419921875
65.811,136,1,0.0,0.0,611.09716796875,-116.6805419921875
65.851,136,1,0.0,0.0,611.09716796875,-116.6805419921875
65.851,136,1,0.0,0.0,611.09716796875,-116.6805419921875
65.852,136,1,0.0,0.0,611.09716796875,-116.6805419921875
65.867,136,1,0.0,0.0,611.09716796875,-116.6805419921875
65.891,136,1,0.0,0.0,611.09716796875,-116.6805419921875
65.892,136,1,0.0,0.0,611.09716796875,-116.6805419921875
65.892,136,1,0.0,0.0,611.09716796875,-116.6805419921875
65.918,136,1,0.0,0.0,611.09716796875,-116.6805419921875
65.931,136,1,0.0,0.0,611.09716796875,-116.6805419921875
65.931,136,1,0.0,0.0,611.09716796875,-116.6805419921875
65.931,136,1,0.0,0.0,611.09716796875,-116.6805419921875
65.97,136,1,0.0,0.0,611.09716796875,-116.6805419921875
66.011,136,1,0.0,0.0,611.09716796875,-116.6805419921875
66.012,136,1,0.0,0.0,611.09716796875,-116.6805419921875
66.012,136,1,0.0,0.0,611.09716796875,-116.6805419921875
66.052,136,1,0.0,0.0,611.09716796875,-116.6805419921875
66.052,136,1,0.0,0.0,611.09716796875,-116.6805419921875
66.052,136,1,0.0,0.0,611.09716796875,-116.6805419921875
66.066,136,1,0.0,0.0,611.09716796875,-116.6805419921875
66.091,136,1,0.0,0.0,611.09716796875,-116.6805419921875
66.091,136,1,0.0,0.0,611.09716796875,-116.6805419921875
66.092,136,1,0.0,0.0,611.09716796875,-116.6805419921875
66.115,136,1,0.0,0.0,611.09716796875,-116.6805419921875
66.131,136,1,0.0,0.0,611.09716796875,-116.6805419921875
66.131,136,1,0.0,0.0,611.09716796875,-116.6805419921875
66.131,136,1,0.0,0.0,611.09716796875,-116.6805419921875
66.181,136,1,0.0,0.0,611.09716796875,-116.6805419921875
66.211,136,1,0.0,0.0,611.09716796875,-116.6805419921875
66.211,136,1,0.0,0.0,611.09716796875,-116.6805419921875
66.211,136,1,0.0,0.0,611.09716796875,-116.6805419921875
66.252,136,1,0.0,0.0,611.09716796875,-116.6805419921875
66.252,136,1,0.0,0.0,611.09716796875,-116.6805419921875
66.252,136,1,0.0,0.0,611.09716796875,-116.6805419921875
66.266,136,1,0.0,0.0,611.09716796875,-116.6805419921875
66.292,136,1,0.0,0.0,611.09716796875,-116.6805419921875
66.292,136,1,0.0,0.0,611.09716796875,-116.6805419921875
66.292,136,1,0.0,0.0,611.09716796875,-116.6805419921875
66.32,136,1,0.0,0.0,611.09716796875,-116.6805419921875
66.332,136,1,0.0,0.0,611.09716796875,-116.6805419921875
66.332,136,1,0.0,0.0,611.09716796875,-116.6805419921875
66.332,136,1,0.0,0.0,611.09716796875,-116.6805419921875
66.366,136,1,0.0,0.0,611.09716796875,-116.6805419921875
66.412,136,1,0.0,0.0,611.09716796875,-116.6805419921875
66.412,136,1,0.0,0.0,611.09716796875,-116.6805419921875
66.412,136,1,0.0,0.0,611.09716796875,-116.6805419921875
66.451,136,1,0.0,0.0,611.09716796875,-116.6805419921875
66.452,136,1,0.0,0.0,611.09716796875,-116.6805419921875
66.452,136,1,0.0,0.0,611.09716796875,-116.6805419921875
66.492,136,1,0.0,0.0,611.09716796875,-116.6805419921875
66.493,136,1,0.0,0.0,611.09716796875,-116.6805419921875
66.493,136,1,0.0,0.0,611.09716796875,-116.6805419921875
66.533,136,1,0.0,0.0,611.09716796875,-116.6805419921875
66.533,136,1,0.0,0.0,611.09716796875,-116.6805419921875
66.534,136,1,0.0,0.0,611.09716796875,-116.6805419921875
66.566,136,1,0.0,0.0,611.09716796875,-116.6805419921875
66.611,136,1,0.0,0.0,611.09716796875,-116.6805419921875
66.611,136,1,0.0,0.0,611.09716796875,-116.6805419921875
66.611,136,1,0.0,0.0,611.09716796875,-116.6805419921875
66.651,136,1,0.0,0.0,611.09716796875,-116.6805419921875
66.651,136,1,0.0,0.0,611.09716796875,-116.6805419921875
66.651,136,1,0.0,0.0,611.09716796875,-116.6805419921875
66.669,136,1,0.0,0.0,611.09716796875,-116.6805419921875
66.691,136,1,0.0,0.0,611.09716796875,-116.6805419921875
66.692,136,1,0.0,0.0,611.09716796875,-116.6805419921875
66.692,136,1,0.0,0.0,611.09716796875,-116.6805419921875
66.717,136,1,0.0,0.0,611.09716796875,-116.6805419921875
66.731,136,1,0.0,0.0,611.09716796875,-116.6805419921875
66.732,136,1,0.0,0.0,611.09716796875,-116.6805419921875
66.732,136,1,0.0,0.0,611.09716796875,-116.6805419921875
66.766,136,1,0.0,0.0,611.09716796875,-116.6805419921875
66.811,136,1,0.0,0.0,611.09716796875,-116.6805419921875
66.811,136,1,0.0,0.0,611.09716796875,-116.6805419921875
66.811,136,1,0.0,0.0,611.09716796875,-116.6805419921875
66.851,136,1,0.0,0.0,611.09716796875,-116.6805419921875
66.851,136,1,0.0,0.0,611.09716796875,-116.6805419921875
66.852,136,1,0.0,0.0,611.09716796875,-116.6805419921875
66.891,136,1,0.0,0.0,611.09716796875,-116.6805419921875
66.892,136,1,0.0,0.0,611.09716796875,-116.6805419921875
66.892,136,1,0.0,0.0,611.09716796875,-116.6805419921875
66.92,136,1,0.0,0.0,611.09716796875,-116.6805419921875
66.931,136,1,0.0,0.0,611.09716796875,-116.6805419921875
66.932,136,1,0.0,0.0,611.09716796875,-116.6805419921875
66.932,136,1,0.0,0.0,611.09716796875,-116.6805419921875
66.982,136,1,0.0,0.0,611.09716796875,-116.6805419921875
67.011,136,1,0.0,0.0,611.09716796875,-116.6805419921875
67.012,136,1,0.0,0.0,611.09716796875,-116.6805419921875
67.012,136,1,0.0,0.0,611.09716796875,-116.6805419921875
67.052,136,1,0.0,0.0,611.09716796875,-116.6805419921875
67.052,136,1,0.0,0.0,611.09716796875,-116.6805419921875
67.053,136,1,0.0,0.0,611.09716796875,-116.6805419921875
67.067,136,1,0.0,0.0,611.09716796875,-116.6805419921875
67.092,136,1,0.0,0.0,611.09716796875,-116.6805419921875
67.093,136,1,0.0,0.0,611.09716796875,-116.6805419921875
67.093,136,1,0.0,0.0,611.09716796875,-116.6805419921875
67.131,136,1,0.0,0.0,611.09716796875,-116.6805419921875
67.131,136,1,0.0,0.0,611.09716796875,-116.6805419921875
67.131,136,1,0.0,0.0,611.09716796875,-116.6805419921875
67.168,136,1,0.0,0.0,611.09716796875,-116.6805419921875
67.211,136,1,0.0,0.0,611.09716796875,-116.6805419921875
67.211,136,1,0.0,0.0,611.09716796875,-116.6805419921875
67.211,136,1,0.0,0.0,611.09716796875,-116.6805419921875
67.252,136,1,0.0,0.0,611.09716796875,-116.6805419921875
67.252,136,1,0.0,0.0,611.09716796875,-116.6805419921875
67.252,136,1,0.0,0.0,611.09716796875,-116.6805419921875
67.291,136,1,0.0,0.0,611.09716796875,-116.6805419921875
67.292,136,1,0.0,0.0,611.09716796875,-116.6805419921875
67.292,136,1,0.0,0.0,611.09716796875,-116.6805419921875
67.316,136,1,0.0,0.0,611.09716796875,-116.6805419921875
67.332,136,1,0.0,0.0,611.09716796875,-116.6805419921875
67.333,136,1,0.0,0.0,611.09716796875,-116.6805419921875
67.333,136,1,0.0,0.0,611.09716796875,-116.6805419921875
67.383,136,1,0.0,0.0,611.09716796875,-116.6805419921875
67.411,136,1,0.0,0.0,611.09716796875,-116.6805419921875
67.411,136,1,0.0,0.0,611.09716796875,-116.6805419921875
67.412,136,1,0.0,0.0,611.09716796875,-116.6805419921875
67.452,136,1,0.0,0.0,611.09716796875,-116.6805419921875
67.452,136,1,0.0,0.0,611.09716796875,-116.6805419921875
67.452,136,1,0.0,0.0,611.09716796875,-116.6805419921875
67.491,136,1,0.0,0.0,611.09716796875,-116.6805419921875
67.491,136,1,0.0,0.0,611.09716796875,-116.6805419921875
67.491,136,1,0.0,0.0,611.09716796875,-116.6805419921875
67.519,136,1,0.0,0.0,611.09716796875,-116.6805419921875
67.532,136,1,0.0,0.0,611.09716796875,-116.6805419921875
67.532,136,1,0.0,0.0,611.09716796875,-116.6805419921875
67.532,136,1,0.0,0.0,611.09716796875,-116.6805419921875
67.566,136,1,0.0,0.0,611.09716796875,-116.6805419921875
67.614,136,1,0.0,0.0,611.09716796875,-116.6805419921875
67.614,136,1,0.0,0.0,611.09716796875,-116.6805419921875
67.616,136,1,0.0,0.0,611.09716796875,-116.6805419921875
67.651,136,1,0.0,0.0,611.09716796875,-116.6805419921875
67.652,136,1,0.0,0.0,611.09716796875,-116.6805419921875
67.652,136,1,0.0,0.0,611.09716796875,-116.6805419921875
67.669,136,1,0.0,0.0,611.09716796875,-116.6805419921875
67.692,136,1,0.0,0.0,611.09716796875,-116.6805419921875
67.692,136,1,0.0,0.0,611.09716796875,-116.6805419921875
67.693,136,1,0.0,0.0,611.09716796875,-116.6805419921875
67.718,136,1,0.0,0.0,611.09716796875,-116.6805419921875
67.731,136,1,0.0,0.0,611.09716796875,-116.6805419921875
67.731,136,1,0.0,0.0,611.09716796875,-116.6805419921875
67.731,136,1,0.0,0.0,611.09716796875,-116.6805419921875
67.772,136,1,0.0,0.0,611.09716796875,-116.6805419921875
67.811,136,1,0.0,0.0,611.09716796875,-116.6805419921875
67.812,136,1,0.0,0.0,611.09716796875,-116.6805419921875
67.812,136,1,0.0,0.0,611.09716796875,-116.6805419921875
67.851,136,1,0.0,0.0,611.09716796875,-116.6805419921875
67.852,136,1,0.0,0.0,611.09716796875,-116.6805419921875
67.852,136,1,0.0,0.0,611.09716796875,-116.6805419921875
67.866,136,1,0.0,0.0,611.09716796875,-116.6805419921875
67.89,136,1,0.0,0.0,611.09716796875,-116.6805419921875
67.891,136,1,0.0,0.0,611.09716796875,-116.6805419921875
67.891,136,1,0.0,0.0,611.09716796875,-116.6805419921875
67.931,136,1,0.0,0.0,611.09716796875,-116.6805419921875
67.931,136,1,0.0,0.0,611.09716796875,-116.6805419921875
67.931,136,1,0.0,0.0,611.09716796875,-116.6805419921875
67.967,136,1,0.0,0.0,611.09716796875,-116.6805419921875
68.012,136,1,0.0,0.0,611.09716796875,-116.6805419921875
68.012,136,1,0.0,0.0,611.09716796875,-116.6805419921875
68.012,136,1,0.0,0.0,611.09716796875,-116.6805419921875
68.052,136,1,0.0,0.0,611.09716796875,-116.6805419921875
68.052,136,1,0.0,0.0,611.09716796875,-116.6805419921875
68.052,136,1,0.0,0.0,611.09716796875,-116.6805419921875
68.066,136,1,0.0,0.0,611.09716796875,-116.6805419921875
68.092,136,1,0.0,0.0,611.09716796875,-116.6805419921875
68.092,136,1,0.0,0.0,611.09716796875,-116.6805419921875
68.092,136,1,0.0,0.0,611.09716796875,-116.6805419921875
68.115,136,1,0.0,0.0,611.09716796875,-116.6805419921875
68.131,136,1,0.0,0.0,611.09716796875,-116.6805419921875
68.131,136,1,0.0,0.0,611.09716796875,-116.6805419921875
68.131,136,1,0.0,0.0,611.09716796875,-116.6805419921875
68.182,136,1,0.0,0.0,611.09716796875,-116.6805419921875
68.211,136,1,0.0,0.0,611.09716796875,-116.6805419921875
68.211,136,1,0.0,0.0,611.09716796875,-116.6805419921875
68.212,136,1,0.0,0.0,611.09716796875,-116.6805419921875
68.251,136,1,0.0,0.0,611.09716796875,-116.6805419921875
68.251,136,1,0.0,0.0,611.09716796875,-116.6805419921875
68.251,136,1,0.0,0.0,611.09716796875,-116.6805419921875
68.266,136,1,0.0,0.0,611.09716796875,-116.6805419921875
68.292,136,1,0.0,0.0,611.09716796875,-116.6805419921875
68.292,136,1,0.0,0.0,611.09716796875,-116.6805419921875
68.292,136,1,0.0,0.0,611.09716796875,-116.6805419921875
68.331,136,1,0.0,0.0,611.09716796875,-116.6805419921875
68.331,136,1,0.0,0.0,611.09716796875,-116.6805419921875
68.332,136,1,0.0,0.0,611.09716796875,-116.6805419921875
68.37,136,1,0.0,0.0,611.09716796875,-116.6805419921875
68.412,136,1,0.0,0.0,611.09716796875,-116.6805419921875
68.412,136,1,0.0,0.0,611.09716796875,-116.6805419921875
68.413,136,1,0.0,0.0,611.09716796875,-116.6805419921875
68.451,136,1,0.0,0.0,611.09716796875,-116.6805419921875
68.452,136,1,0.0,0.0,611.09716796875,-116.6805419921875
68.453,136,1,0.0,0.0,611.09716796875,-116.6805419921875
68.467,136,1,0.0,0.0,611.09716796875,-116.6805419921875
68.492,136,1,0.0,0.0,611.09716796875,-116.6805419921875
68.493,136,1,0.0,0.0,611.09716796875,-116.6805419921875
68.493,136,1,0.0,0.0,611.09716796875,-116.6805419921875
68.517,136,1,0.0,0.0,611.09716796875,-116.6805419921875
68.531,136,1,0.0,0.0,611.09716796875,-116.6805419921875
68.531,136,1,0.0,0.0,611.09716796875,-116.6805419921875
68.531,136,1,0.0,0.0,611.09716796875,-116.6805419921875
68.567,136,1,0.0,0.0,611.09716796875,-116.6805419921875
68.611,136,1,0.0,0.0,611.09716796875,-116.6805419921875
68.611,136,1,0.0,0.0,611.09716796875,-116.6805419921875
68.611,136,1,0.0,0.0,611.09716796875,-116.6805419921875
68.652,136,1,0.0,0.0,611.09716796875,-116.6805419921875
68.652,136,1,0.0,0.0,611.09716796875,-116.6805419921875
68.653,136,1,0.0,0.0,611.09716796875,-116.6805419921875
68.691,136,1,0.0,0.0,611.09716796875,-116.6805419921875
68.691,136,1,0.0,0.0,611.09716796875,-116.6805419921875
68.691,136,1,0.0,0.0,611.09716796875,-116.6805419921875
68.732,136,1,0.0,0.0,611.09716796875,-116.6805419921875
68.732,136,1,0.0,0.0,611.09716796875,-116.6805419921875
68.732,136,1,0.0,0.0,611.09716796875,-116.6805419921875
68.767,136,1,0.0,0.0,611.09716796875,-116.6805419921875
68.811,136,1,0.0,0.0,611.09716796875,-116.6805419921875
68.811,136,1,0.0,0.0,611.09716796875,-116.6805419921875
68.811,136,1,0.0,0.0,611.09716796875,-116.6805419921875
68.851,136,1,0.0,0.0,611.09716796875,-116.6805419921875
68.851,136,1,0.0,0.0,611.09716796875,-116.6805419921875
68.854,136,1,0.0,0.0,611.09716796875,-116.6805419921875
68.868,136,1,0.0,0.0,611.09716796875,-116.6805419921875
68.892,136,1,0.0,0.0,611.09716796875,-116.6805419921875
68.892,136,1,0.0,0.0,611.09716796875,-116.6805419921875
68.892,136,1,0.0,0.0,611.09716796875,-116.6805419921875
68.915,136,1,0.0,0.0,611.09716796875,-116.6805419921875
68.931,136,1,0.0,0.0,611.09716796875,-116.6805419921875
68.931,136,1,0.0,0.0,611.09716796875,-116.6805419921875
68.931,136,1,0.0,0.0,611.09716796875,-116.6805419921875
68.968,136,1,0.0,0.0,611.09716796875,-116.6805419921875
69.011,136,1,0.0,0.0,611.09716796875,-116.6805419921875
69.012,136,1,0.0,0.0,611.09716796875,-116.6805419921875
69.012,136,1,0.0,0.0,611.09716796875,-116.6805419921875
69.051,136,1,0.0,0.0,611.09716796875,-116.6805419921875
69.052,136,1,0.0,0.0,611.09716796875,-116.6805419921875
69.052,136,1,0.0,0.0,611.09716796875,-116.6805419921875
69.067,136,1,0.0,0.0,611.09716796875,-116.6805419921875
69.092,136,1,0.0,0.0,611.09716796875,-116.6805419921875
69.092,136,1,0.0,0.0,611.09716796875,-116.6805419921875
69.093,136,1,0.0,0.0,611.09716796875,-116.6805419921875
69.116,136,1,0.0,0.0,611.09716796875,-116.6805419921875
69.131,136,1,0.0,0.0,611.09716796875,-116.6805419921875
69.131,136,1,0.0,0.0,611.09716796875,-116.6805419921875
69.132,136,1,0.0,0.0,611.09716796875,-116.6805419921875
69.17,136,1,0.0,0.0,611.09716796875,-116.6805419921875
69.211,136,1,0.0,0.0,611.09716796875,-116.6805419921875
69.211,136,1,0.0,0.0,611.09716796875,-116.6805419921875
69.211,136,1,0.0,0.0,611.09716796875,-116.6805419921875
69.252,136,1,0.0,0.0,611.09716796875,-116.6805419921875
69.252,136,1,0.0,0.0,611.09716796875,-116.6805419921875
69.252,136,1,0.0,0.0,611.09716796875,-116.6805419921875
69.293,136,1,0.0,0.0,611.09716796875,-116.6805419921875
69.293,136,1,0.0,0.0,611.09716796875,-116.6805419921875
69.294,136,1,0.0,0.0,611.09716796875,-116.6805419921875
69.331,136,3,0.0,0.0,611.09716796875,-116.6805419921875
69.332,136,3,0.0,0.0,611.09716796875,-116.6805419921875
69.332,136,3,0.0,0.0,611.09716796875,-116.6805419921875
69.382,136,3,0.0,0.0,611.09716796875,-116.6805419921875
69.412,136,3,0.0,0.0,611.09716796875,-116.6805419921875
69.412,136,3,0.0,0.0,611.09716796875,-116.6805419921875
69.413,136,3,0.0,0.0,611.09716796875,-116.6805419921875
69.451,136,3,0.0,0.0,611.09716796875,-116.6805419921875
69.452,136,3,0.0,0.0,611.09716796875,-116.6805419921875
69.452,136,3,0.0,0.0,611.09716796875,-116.6805419921875
69.467,136,3,0.0,0.0,611.09716796875,-116.6805419921875
69.491,136,3,0.0,0.0,611.09716796875,-116.6805419921875
69.492,136,3,0.0,0.0,611.09716796875,-116.6805419921875
69.492,136,3,0.0,0.0,611.09716796875,-116.6805419921875
69.518,136,3,0.0,0.0,611.09716796875,-116.6805419921875
69.531,136,3,0.0,0.0,611.09716796875,-116.6805419921875
69.531,136,3,0.0,0.0,611.09716796875,-116.6805419921875
69.531,136,3,0.0,0.0,611.09716796875,-116.6805419921875
69.566,136,3,0.0,0.0,611.09716796875,-116.6805419921875
69.612,136,3,0.0,0.0,611.09716796875,-116.6805419921875
69.612,136,3,0.0,0.0,611.09716796875,-116.6805419921875
69.612,136,3,0.0,0.0,611.09716796875,-116.6805419921875
69.651,136,3,0.0,0.0,611.09716796875,-116.6805419921875
69.652,136,3,0.0,0.0,611.09716796875,-116.6805419921875
69.652,136,3,0.0,0.0,611.09716796875,-116.6805419921875
69.669,136,3,0.0,0.0,611.09716796875,-116.6805419921875
69.691,136,3,0.0,0.0,611.09716796875,-116.6805419921875
69.692,136,3,0.0,0.0,611.09716796875,-116.6805419921875
69.692,136,3,0.0,0.0,611.09716796875,-116.6805419921875
69.718,136,3,0.0,0.0,611.09716796875,-116.6805419921875
69.731,136,3,0.0,0.0,611.09716796875,-116.6805419921875
69.731,136,3,0.0,0.0,611.09716796875,-116.6805419921875
69.731,136,3,0.0,0.0,611.09716796875,-116.6805419921875
69.782,136,3,0.0,0.0,611.09716796875,-116.6805419921875
69.811,136,3,0.0,0.0,611.09716796875,-116.6805419921875
69.811,136,3,0.0,0.0,611.09716796875,-116.6805419921875
69.811,136,3,0.0,0.0,611.09716796875,-116.6805419921875
69.852,136,3,0.0,0.0,611.09716796875,-116.6805419921875
69.852,136,3,0.0,0.0,611.09716796875,-116.6805419921875
69.852,136,3,0.0,0.0,611.09716796875,-116.6805419921875
69.892,136,3,0.0,0.0,611.09716796875,-116.6805419921875
69.892,136,3,0.0,0.0,611.09716796875,-116.6805419921875
69.893,136,3,0.0,0.0,611.09716796875,-116.6805419921875
69.916,136,3,0.0,0.0,611.09716796875,-116.6805419921875
69.931,136,3,0.0,0.0,611.09716796875,-116.6805419921875
69.932,136,3,0.0,0.0,611.09716796875,-116.6805419921875
69.932,136,3,0.0,0.0,611.09716796875,-116.6805419921875
69.966,136,3,0.0,0.0,611.09716796875,-116.6805419921875
70.011,136,3,0.0,0.0,611.09716796875,-116.6805419921875
70.011,136,3,0.0,0.0,611.09716796875,-116.6805419921875
70.011,136,3,0.0,0.0,611.09716796875,-116.6805419921875
70.051,136,3,0.0,0.0,611.09716796875,-116.6805419921875
70.052,136,3,0.0,0.0,611.09716796875,-116.6805419921875
70.052,136,3,0.0,0.0,611.09716796875,-116.6805419921875
70.091,136,3,0.0,0.0,611.09716796875,-116.6805419921875
70.091,136,3,0.0,0.0,611.09716796875,-116.6805419921875
70.092,136,3,0.0,0.0,611.09716796875,-116.6805419921875
70.115,136,3,0.0,0.0,611.09716796875,-116.6805419921875
70.133,136,3,0.0,0.0,611.09716796875,-116.6805419921875
70.134,136,3,0.0,0.0,611.09716796875,-116.6805419921875
70.134,136,3,0.0,0.0,611.09716796875,-116.6805419921875
70.169,136,3,0.0,0.0,611.09716796875,-116.6805419921875
70.211,136,3,0.0,0.0,611.09716796875,-116.6805419921875
70.211,136,3,0.0,0.0,611.09716796875,-116.6805419921875
70.211,136,3,0.0,0.0,611.09716796875,-116.6805419921875
70.251,136,3,0.0,0.0,611.09716796875,-116.6805419921875
70.252,136,3,0.0,0.0,611.09716796875,-116.6805419921875
70.252,136,3,0.0,0.0,611.09716796875,-116.6805419921875
70.267,136,3,0.0,0.0,611.09716796875,-116.6805419921875
70.292,136,3,0.0,0.0,611.09716796875,-116.6805419921875
70.292,136,3,0.0,0.0,611.09716796875,-116.6805419921875
70.294,136,3,0.0,0.0,611.09716796875,-116.6805419921875
70.331,136,3,0.0,0.0,611.09716796875,-116.6805419921875
70.332,136,3,0.0,0.0,611.09716796875,-116.6805419921875
70.332,136,3,0.0,0.0,611.09716796875,-116.6805419921875
70.367,136,3,0.0,0.0,611.09716796875,-116.6805419921875
70.412,136,3,0.0,0.0,611.09716796875,-116.6805419921875
70.412,136,3,0.0,0.0,611.09716796875,-116.6805419921875
70.412,136,3,0.0,0.0,611.09716796875,-116.6805419921875
70.451,136,3,0.0,0.0,611.09716796875,-116.6805419921875
70.452,136,3,0.0,0.0,611.09716796875,-116.6805419921875
70.453,136,3,0.0,0.0,611.09716796875,-116.6805419921875
70.467,136,3,0.0,0.0,611.09716796875,-116.6805419921875
70.491,136,3,0.0,0.0,611.09716796875,-116.6805419921875
70.492,136,3,0.0,0.0,611.09716796875,-116.6805419921875
70.492,136,3,0.0,0.0,611.09716796875,-116.6805419921875
70.517,136,3,0.0,0.0,611.09716796875,-116.6805419921875
70.531,136,3,0.0,0.0,611.09716796875,-116.6805419921875
70.531,136,3,0.0,0.0,611.09716796875,-116.6805419921875
70.531,136,3,0.0,0.0,611.09716796875,-116.6805419921875
70.568,136,3,0.0,0.0,611.09716796875,-116.6805419921875
70.612,136,3,0.0,0.0,611.09716796875,-116.6805419921875
70.612,136,3,0.0,0.0,611.09716796875,-116.6805419921875
70.612,136,3,0.0,0.0,611.09716796875,-116.6805419921875
70.651,136,3,0.0,0.0,611.09716796875,-116.6805419921875
70.652,136,3,0.0,0.0,611.09716796875,-116.6805419921875
70.652,136,3,0.0,0.0,611.09716796875,-116.6805419921875
70.666,136,3,0.0,0.0,611.09716796875,-116.6805419921875
70.692,136,3,0.0,0.0,611.09716796875,-116.6805419921875
70.692,136,3,0.0,0.0,611.09716796875,-116.6805419921875
70.692,136,3,0.0,0.0,611.09716796875,-116.6805419921875
70.72,136,3,0.0,0.0,611.09716796875,-116.6805419921875
70.731,136,3,0.0,0.0,611.09716796875,-116.6805419921875
70.735,136,3,0.0,0.0,611.09716796875,-116.6805419921875
70.735,136,3,0.0,0.0,611.09716796875,-116.6805419921875
70.785,136,3,0.0,0.0,611.09716796875,-116.6805419921875
70.811,136,3,0.0,0.0,611.09716796875,-116.6805419921875
70.811,136,3,0.0,0.0,611.09716796875,-116.6805419921875
70.811,136,3,0.0,0.0,611.09716796875,-116.6805419921875
70.852,136,3,0.0,0.0,611.09716796875,-116.6805419921875
70.852,136,3,0.0,0.0,611.09716796875,-116.6805419921875
70.852,136,3,0.0,0.0,611.09716796875,-116.6805419921875
70.891,136,3,0.0,0.0,611.09716796875,-116.6805419921875
70.892,136,3,0.0,0.0,611.09716796875,-116.6805419921875
70.892,136,3,0.0,0.0,611.09716796875,-116.6805419921875
70.914,136,3,0.0,0.0,611.09716796875,-116.6805419921875
70.931,136,3,0.0,0.0,611.09716796875,-116.6805419921875
70.931,136,3,0.0,0.0,611.09716796875,-116.6805419921875
70.932,136,3,0.0,0.0,611.09716796875,-116.6805419921875
70.982,136,3,0.0,0.0,611.09716796875,-116.6805419921875
71.011,136,3,0.0,0.0,611.09716796875,-116.6805419921875
71.011,136,3,0.0,0.0,611.09716796875,-116.6805419921875
71.011,136,3,0.0,0.0,611.09716796875,-116.6805419921875
71.051,136,3,0.0,0.0,611.09716796875,-116.6805419921875
71.051,136,3,0.0,0.0,611.09716796875,-116.6805419921875
71.051,136,3,0.0,0.0,611.09716796875,-116.6805419921875
71.067,136,3,0.0,0.0,611.09716796875,-116.6805419921875
71.091,136,3,0.0,0.0,611.09716796875,-116.6805419921875
71.092,136,3,0.0,0.0,611.09716796875,-116.6805419921875
71.093,136,3,0.0,0.0,611.09716796875,-116.6805419921875
71.133,136,3,0.0,0.0,611.09716796875,-116.6805419921875
71.133,136,3,0.0,0.0,611.09716796875,-116.6805419921875
71.133,136,3,0.0,0.0,611.09716796875,-116.6805419921875
71.169,136,3,0.0,0.0,611.09716796875,-116.6805419921875
71.211,136,3,0.0,0.0,611.09716796875,-116.6805419921875
71.211,136,3,0.0,0.0,611.09716796875,-116.6805419921875
71.212,136,3,0.0,0.0,611.09716796875,-116.6805419921875
71.251,136,3,0.0,0.0,611.09716796875,-116.6805419921875
71.252,136,3,0.0,0.0,611.09716796875,-116.6805419921875
71.252,136,3,0.0,0.0,611.09716796875,-116.6805419921875
71.292,136,3,0.0,0.0,611.09716796875,-116.6805419921875
71.292,136,3,0.0,0.0,611.09716796875,-116.6805419921875
71.292,136,3,0.0,0.0,611.09716796875,-116.6805419921875
71.331,136,3,0.0,0.0,611.09716796875,-116.6805419921875
71.332,136,3,0.0,0.0,611.09716796875,-116.6805419921875
71.332,136,3,0.0,0.0,611.09716796875,-116.6805419921875
71.368,136,3,0.0,0.0,611.09716796875,-116.6805419921875
71.411,136,3,0.0,0.0,611.09716796875,-116.6805419921875
71.411,136,3,0.0,0.0,611.09716796875,-116.6805419921875
71.411,136,3,0.0,0.0,611.09716796875,-116.6805419921875
71.451,136,3,0.0,0.0,611.09716796875,-116.6805419921875
71.452,136,3,0.0,0.0,611.09716796875,-116.6805419921875
71.452,136,3,0.0,0.0,611.09716796875,-116.6805419921875
71.491,136,3,0.0,0.0,611.09716796875,-116.6805419921875
71.492,136,3,0.0,0.0,611.09716796875,-116.6805419921875
71.492,136,3,0.0,0.0,611.09716796875,-116.6805419921875
71.518,136,3,0.0,0.0,611.09716796875,-116.6805419921875
71.532,136,3,0.0,0.0,611.09716796875,-116.6805419921875
71.532,136,3,0.0,0.0,611.09716796875,-116.6805419921875
71.532,136,3,0.0,0.0,611.09716796875,-116.6805419921875
71.567,136,3,0.0,0.0,611.09716796875,-116.6805419921875
71.611,136,3,0.0,0.0,611.09716796875,-116.6805419921875
71.612,136,3,0.0,0.0,611.09716796875,-116.6805419921875
71.612,136,3,0.0,0.0,611.09716796875,-116.6805419921875
71.651,136,3,0.0,0.0,611.09716796875,-116.6805419921875
71.651,136,3,0.0,0.0,611.09716796875,-116.6805419921875
71.652,136,3,0.0,0.0,611.09716796875,-116.6805419921875
71.667,136,3,0.0,0.0,611.09716796875,-116.6805419921875
71.691,136,3,0.0,0.0,611.09716796875,-116.6805419921875
71.693,136,3,0.0,0.0,611.09716796875,-116.6805419921875
71.693,136,3,0.0,0.0,611.09716796875,-116.6805419921875
71.731,136,3,0.0,0.0,611.09716796875,-116.6805419921875
71.732,136,3,0.0,0.0,611.09716796875,-116.6805419921875
71.732,136,3,0.0,0.0,611.09716796875,-116.6805419921875
71.782,136,3,0.0,0.0,611.09716796875,-116.6805419921875
71.811,136,3,0.0,0.0,611.09716796875,-116.6805419921875
71.811,136,3,0.0,0.0,611.09716796875,-116.6805419921875
71.811,136,3,0.0,0.0,611.09716796875,-116.6805419921875
71.851,136,3,0.0,0.0,611.09716796875,-116.6805419921875
71.851,136,3,0.0,0.0,611.09716796875,-116.6805419921875
71.851,136,3,0.0,0.0,611.09716796875,-116.6805419921875
71.868,136,3,0.0,0.0,611.09716796875,-116.6805419921875
71.891,136,3,0.0,0.0,611.09716796875,-116.6805419921875
71.892,136,3,0.0,0.0,611.09716796875,-116.6805419921875
71.892,136,3,0.0,0.0,611.09716796875,-116.6805419921875
71.931,136,3,0.0,0.0,611.09716796875,-116.6805419921875
71.931,136,3,0.0,0.0,611.09716796875,-116.6805419921875
71.932,136,3,0.0,0.0,611.09716796875,-116.6805419921875
71.968,136,3,0.0,0.0,611.09716796875,-116.6805419921875
72.011,136,3,0.0,0.0,611.09716796875,-116.6805419921875
72.011,136,3,0.0,0.0,611.09716796875,-116.6805419921875
72.011,136,3,0.0,0.0,611.09716796875,-116.6805419921875
72.051,136,3,0.0,0.0,611.09716796875,-116.6805419921875
72.052,136,3,0.0,0.0,611.09716796875,-116.6805419921875
72.052,136,3,0.0,0.0,611.09716796875,-116.6805419921875
72.091,136,3,0.0,0.0,611.09716796875,-116.6805419921875
72.092,136,3,0.0,0.0,611.09716796875,-116.6805419921875
72.092,136,3,0.0,0.0,611.09716796875,-116.6805419921875
72.118,136,3,0.0,0.0,611.09716796875,-116.6805419921875
72.131,136,3,0.0,0.0,611.09716796875,-116.6805419921875
72.131,136,3,0.0,0.0,611.09716796875,-116.6805419921875
72.132,136,3,0.0,0.0,611.09716796875,-116.6805419921875
72.169,136,3,0.0,0.0,611.09716796875,-116.6805419921875
72.211,136,3,0.0,0.0,611.09716796875,-116.6805419921875
72.212,136,3,0.0,0.0,611.09716796875,-116.6805419921875
72.212,136,3,0.0,0.0,611.09716796875,-116.6805419921875
72.251,136,3,0.0,0.0,611.09716796875,-116.6805419921875
72.252,136,3,0.0,0.0,611.09716796875,-116.6805419921875
72.252,136,3,0.0,0.0,611.09716796875,-116.6805419921875
72.292,136,3,0.0,0.0,611.09716796875,-116.6805419921875
72.292,136,3,0.0,0.0,611.09716796875,-116.6805419921875
72.296,136,3,0.0,0.0,611.09716796875,-116.6805419921875
72.318,136,3,0.0,0.0,611.09716796875,-116.6805419921875
72.331,136,3,0.0,0.0,611.09716796875,-116.6805419921875
72.332,136,3,0.0,0.0,611.09716796875,-116.6805419921875
72.332,136,3,0.0,0.0,611.09716796875,-116.6805419921875
72.382,136,3,0.0,0.0,611.09716796875,-116.6805419921875
72.411,136,3,0.0,0.0,611.09716796875,-116.6805419921875
72.411,136,3,0.0,0.0,611.09716796875,-116.6805419921875
72.412,136,3,0.0,0.0,611.09716796875,-116.6805419921875
72.451,136,3,0.0,0.0,611.09716796875,-116.6805419921875
72.452,136,3,0.0,0.0,611.09716796875,-116.6805419921875
72.452,136,3,0.0,0.0,611.09716796875,-116.6805419921875
72.491,136,3,0.0,0.0,611.09716796875,-116.6805419921875
72.492,136,3,0.0,0.0,611.09716796875,-116.6805419921875
72.492,136,3,0.0,0.0,611.09716796875,-116.6805419921875
72.517,136,3,0.0,0.0,611.09716796875,-116.6805419921875
72.531,136,3,0.0,0.0,611.09716796875,-116.6805419921875
72.531,136,3,0.0,0.0,611.09716796875,-116.6805419921875
72.531,136,3,0.0,0.0,611.09716796875,-116.6805419921875
72.568,136,3,0.0,0.0,611.09716796875,-116.6805419921875
72.611,136,3,0.0,0.0,611.09716796875,-116.6805419921875
72.611,136,3,0.0,0.0,611.09716796875,-116.6805419921875
72.612,136,3,0.0,0.0,611.09716796875,-116.6805419921875
72.652,136,3,0.0,0.0,611.09716796875,-116.6805419921875
72.652,136,3,0.0,0.0,611.09716796875,-116.6805419921875
72.653,136,3,0.0,0.0,611.09716796875,-116.6805419921875
72.667,136,3,0.0,0.0,611.09716796875,-116.6805419921875
72.691,136,3,0.0,0.0,611.09716796875,-116.6805419921875
72.691,136,3,0.0,0.0,611.09716796875,-116.6805419921875
72.692,136,3,0.0,0.0,611.09716796875,-116.6805419921875
72.718,136,3,0.0,0.0,611.09716796875,-116.6805419921875
72.731,136,3,0.0,0.0,611.09716796875,-116.6805419921875
72.731,136,3,0.0,0.0,611.09716796875,-116.6805419921875
72.731,136,3,0.0,0.0,611.09716796875,-116.6805419921875
72.782,136,3,0.0,0.0,611.09716796875,-116.6805419921875
72.812,136,3,0.0,0.0,611.09716796875,-116.6805419921875
72.812,136,3,0.0,0.0,611.09716796875,-116.6805419921875
72.815,136,3,0.0,0.0,611.09716796875,-116.6805419921875
72.851,136,3,0.0,0.0,611.09716796875,-116.6805419921875
72.851,136,3,0.0,0.0,611.09716796875,-116.6805419921875
72.851,136,3,0.0,0.0,611.09716796875,-116.6805419921875
72.87,136,3,0.0,0.0,611.09716796875,-116.6805419921875
72.892,136,3,0.0,0.0,611.09716796875,-116.6805419921875
72.892,136,3,0.0,0.0,611.09716796875,-116.6805419921875
72.892,136,3,0.0,0.0,611.09716796875,-116.6805419921875
72.919,136,3,0.0,0.0,611.09716796875,-116.6805419921875
72.932,136,3,0.0,0.0,611.09716796875,-116.6805419921875
72.932,136,3,0.0,0.0,611.09716796875,-116.6805419921875
72.932,136,3,0.0,0.0,611.09716796875,-116.6805419921875
72.969,136,3,0.0,0.0,611.09716796875,-116.6805419921875
73.011,136,3,0.0,0.0,611.09716796875,-116.6805419921875
73.011,136,3,0.0,0.0,611.09716796875,-116.6805419921875
73.011,136,3,0.0,0.0,611.09716796875,-116.6805419921875
73.051,136,3,0.0,0.0,611.09716796875,-116.6805419921875
73.052,136,3,0.0,0.0,611.09716796875,-116.6805419921875
73.052,136,3,0.0,0.0,611.09716796875,-116.6805419921875
73.066,136,3,0.0,0.0,611.09716796875,-116.6805419921875
73.091,136,3,0.0,0.0,611.09716796875,-116.6805419921875
73.091,136,3,0.0,0.0,611.09716796875,-116.6805419921875
73.091,136,3,0.0,0.0,611.09716796875,-116.6805419921875
73.117,136,3,0.0,0.0,611.09716796875,-116.6805419921875
73.131,136,3,0.0,0.0,611.09716796875,-116.6805419921875
73.132,136,3,0.0,0.0,611.09716796875,-116.6805419921875
73.133,136,3,0.0,0.0,611.09716796875,-116.6805419921875
73.165,136,3,0.0,0.0,611.09716796875,-116.6805419921875
73.211,136,3,0.0,0.0,611.09716796875,-116.6805419921875
73.212,136,3,0.0,0.0,611.09716796875,-116.6805419921875
73.212,136,3,0.0,0.0,611.09716796875,-116.6805419921875
73.252,136,3,0.0,0.0,611.09716796875,-116.6805419921875
73.252,136,3,0.0,0.0,611.09716796875,-116.6805419921875
73.252,136,3,0.0,0.0,611.09716796875,-116.6805419921875
73.291,136,3,0.0,0.0,611.09716796875,-116.6805419921875
73.292,136,3,0.0,0.0,611.09716796875,-116.6805419921875
73.292,136,3,0.0,0.0,611.09716796875,-116.6805419921875
73.331,136,3,0.0,0.0,611.09716796875,-116.6805419921875
73.331,136,3,0.0,0.0,611.09716796875,-116.6805419921875
73.331,136,3,0.0,0.0,611.09716796875,-116.6805419921875
73.367,136,3,0.0,0.0,611.09716796875,-116.6805419921875
73.411,136,3,0.0,0.0,611.09716796875,-116.6805419921875
73.411,136,3,0.0,0.0,611.09716796875,-116.6805419921875
73.411,136,3,0.0,0.0,611.09716796875,-116.6805419921875
73.452,136,3,0.0,0.0,611.09716796875,-116.6805419921875
73.452,136,3,0.0,0.0,611.09716796875,-116.6805419921875
73.453,136,3,0.0,0.0,611.09716796875,-116.6805419921875
73.493,136,3,0.0,0.0,611.09716796875,-116.6805419921875
73.493,136,3,0.0,0.0,611.09716796875,-116.6805419921875
73.494,136,3,0.0,0.0,611.09716796875,-116.6805419921875
73.518,136,3,0.0,0.0,611.09716796875,-116.6805419921875
73.532,136,3,0.0,0.0,611.09716796875,-116.6805419921875
73.532,136,3,0.0,0.0,611.09716796875,-116.6805419921875
73.532,136,3,0.0,0.0,611.09716796875,-116.6805419921875
73.583,136,3,0.0,0.0,611.09716796875,-116.6805419921875
73.611,136,3,0.0,0.0,611.09716796875,-116.6805419921875
73.611,136,3,0.0,0.0,611.09716796875,-116.6805419921875
73.611,136,3,0.0,0.0,611.09716796875,-116.6805419921875
73.651,136,3,0.0,0.0,611.09716796875,-116.6805419921875
73.652,136,3,0.0,0.0,611.09716796875,-116.6805419921875
73.652,136,3,0.0,0.0,611.09716796875,-116.6805419921875
73.666,136,3,0.0,0.0,611.09716796875,-116.6805419921875
73.691,136,3,0.0,0.0,611.09716796875,-116.6805419921875
73.691,136,3,0.0,0.0,611.09716796875,-116.6805419921875
73.692,136,3,0.0,0.0,611.09716796875,-116.6805419921875
73.715,136,3,0.0,0.0,611.09716796875,-116.6805419921875
73.732,136,3,0.0,0.0,611.09716796875,-116.6805419921875
73.732,136,3,0.0,0.0,611.09716796875,-116.6805419921875
73.732,136,3,0.0,0.0,611.09716796875,-116.6805419921875
73.783,136,3,0.0,0.0,611.09716796875,-116.6805419921875
73.811,136,3,0.0,0.0,611.09716796875,-116.6805419921875
73.811,136,3,0.0,0.0,611.09716796875,-116.6805419921875
73.812,136,3,0.0,0.0,611.09716796875,-116.6805419921875
73.851,136,3,0.0,0.0,611.09716796875,-116.6805419921875
73.851,136,3,0.0,0.0,611.09716796875,-116.6805419921875
73.852,136,3,0.0,0.0,611.09716796875,-116.6805419921875
73.867,136,3,0.0,0.0,611.09716796875,-116.6805419921875
73.892,136,3,0.0,0.0,611.09716796875,-116.6805419921875
73.893,136,3,0.0,0.0,611.09716796875,-116.6805419921875
73.893,136,3,0.0,0.0,611.09716796875,-116.6805419921875
73.931,136,3,0.0,0.0,611.09716796875,-116.6805419921875
73.931,136,3,0.0,0.0,611.09716796875,-116.6805419921875
73.932,136,3,0.0,0.0,611.09716796875,-116.6805419921875
73.982,136,3,0.0,0.0,611.09716796875,-116.6805419921875
74.011,136,3,0.0,0.0,611.09716796875,-116.6805419921875
74.012,136,3,0.0,0.0,611.09716796875,-116.6805419921875
74.012,136,3,0.0,0.0,611.09716796875,-116.6805419921875
74.051,136,3,0.0,0.0,611.09716796875,-116.6805419921875
74.052,136,3,0.0,0.0,611.09716796875,-116.6805419921875
74.052,136,3,0.0,0.0,611.09716796875,-116.6805419921875
74.068,136,3,0.0,0.0,611.09716796875,-116.6805419921875
74.092,136,3,0.0,0.0,611.09716796875,-116.6805419921875
74.092,136,3,0.0,0.0,611.09716796875,-116.6805419921875
74.092,136,3,0.0,0.0,611.09716796875,-116.6805419921875
74.133,136,3,0.0,0.0,611.09716796875,-116.6805419921875
74.133,136,3,0.0,0.0,611.09716796875,-116.6805419921875
74.133,136,3,0.0,0.0,611.09716796875,-116.6805419921875
74.183,136,3,0.0,0.0,611.09716796875,-116.6805419921875
74.212,136,3,0.0,0.0,611.09716796875,-116.6805419921875
74.212,136,3,0.0,0.0,611.09716796875,-116.6805419921875
74.212,136,3,0.0,0.0,611.09716796875,-116.6805419921875
74.251,136,3,0.0,0.0,611.09716796875,-116.6805419921875
74.251,136,3,0.0,0.0,611.09716796875,-116.6805419921875
74.251,136,3,0.0,0.0,611.09716796875,-116.6805419921875
74.266,136,3,0.0,0.0,611.09716796875,-116.6805419921875
74.291,136,3,0.0,0.0,611.09716796875,-116.6805419921875
74.292,136,3,0.0,0.0,611.09716796875,-116.6805419921875
74.292,136,3,0.0,0.0,611.09716796875,-116.6805419921875
74.32,136,3,0.0,0.0,611.09716796875,-116.6805419921875
74.331,136,3,0.0,0.0,611.09716796875,-116.6805419921875
74.331,136,3,0.0,0.0,611.09716796875,-116.6805419921875
74.333,136,3,0.0,0.0,611.09716796875,-116.6805419921875
74.367,136,3,0.0,0.0,611.09716796875,-116.6805419921875
74.411,136,3,0.0,0.0,611.09716796875,-116.6805419921875
74.411,136,3,0.0,0.0,611.09716796875,-116.6805419921875
74.413,136,3,0.0,0.0,611.09716796875,-116.6805419921875
74.451,136,3,0.0,0.0,611.09716796875,-116.6805419921875
74.451,136,3,0.0,0.0,611.09716796875,-116.6805419921875
74.451,136,3,0.0,0.0,611.09716796875,-116.6805419921875
74.47,136,3,0.0,0.0,611.09716796875,-116.6805419921875
74.492,136,3,0.0,0.0,611.09716796875,-116.6805419921875
74.493,136,3,0.0,0.0,611.09716796875,-116.6805419921875
74.493,136,3,0.0,0.0,611.09716796875,-116.6805419921875
74.531,136,3,0.0,0.0,611.09716796875,-116.6805419921875
74.531,136,3,0.0,0.0,611.09716796875,-116.6805419921875
74.531,136,3,0.0,0.0,611.09716796875,-116.6805419921875
74.565,136,3,0.0,0.0,611.09716796875,-116.6805419921875
74.611,136,3,0.0,0.0,611.09716796875,-116.6805419921875
74.612,136,3,0.0,0.0,611.09716796875,-116.6805419921875
74.613,136,3,0.0,0.0,611.09716796875,-116.6805419921875
74.651,136,3,0.0,0.0,611.09716796875,-116.6805419921875
74.651,136,3,0.0,0.0,611.09716796875,-116.6805419921875
74.652,136,3,0.0,0.0,611.09716796875,-116.6805419921875
74.691,136,3,0.0,0.0,611.09716796875,-116.6805419921875
74.692,136,3,0.0,0.0,611.09716796875,-116.6805419921875
74.692,136,3,0.0,0.0,611.09716796875,-116.6805419921875
74.731,136,3,0.0,0.0,611.09716796875,-116.6805419921875
74.732,136,3,0.0,0.0,611.09716796875,-116.6805419921875
74.735,136,3,0.0,0.0,611.09716796875,-116.6805419921875
74.767,136,3,0.0,0.0,611.09716796875,-116.6805419921875
74.811,136,3,0.0,0.0,611.09716796875,-116.6805419921875
74.811,136,3,0.0,0.0,611.09716796875,-116.6805419921875
74.811,136,3,0.0,0.0,611.09716796875,-116.6805419921875
74.851,136,3,0.0,0.0,611.09716796875,-116.6805419921875
74.851,136,3,0.0,0.0,611.09716796875,-116.6805419921875
74.851,136,3,0.0,0.0,611.09716796875,-116.6805419921875
74.868,136,3,0.0,0.0,611.09716796875,-116.6805419921875
74.891,136,3,0.0,0.0,611.09716796875,-116.6805419921875
74.891,136,3,0.0,0.0,611.09716796875,-116.6805419921875
74.891,136,3,0.0,0.0,611.09716796875,-116.6805419921875
74.931,136,3,0.0,0.0,611.09716796875,-116.6805419921875
74.932,136,3,0.0,0.0,611.09716796875,-116.6805419921875
74.933,136,3,0.0,0.0,611.09716796875,-116.6805419921875
74.966,136,3,0.0,0.0,611.09716796875,-116.6805419921875
75.011,136,3,0.0,0.0,611.09716796875,-116.6805419921875
75.011,136,3,0.0,0.0,611.09716796875,-116.6805419921875
75.011,136,3,0.0,0.0,611.09716796875,-116.6805419921875
75.051,136,3,0.0,0.0,611.09716796875,-116.6805419921875
75.052,136,3,0.0,0.0,611.09716796875,-116.6805419921875
75.052,136,3,0.0,0.0,611.09716796875,-116.6805419921875
75.069,136,3,0.0,0.0,611.09716796875,-116.6805419921875
75.091,136,3,0.0,0.0,611.09716796875,-116.6805419921875
75.091,136,3,0.0,0.0,611.09716796875,-116.6805419921875
75.091,136,3,0.0,0.0,611.09716796875,-116.6805419921875
75.116,136,3,0.0,0.0,611.09716796875,-116.6805419921875
75.132,136,3,0.0,0.0,611.09716796875,-116.6805419921875
75.132,136,3,0.0,0.0,611.09716796875,-116.6805419921875
75.132,136,3,0.0,0.0,611.09716796875,-116.6805419921875
75.169,136,3,0.0,0.0,611.09716796875,-116.6805419921875
75.211,136,3,0.0,0.0,611.09716796875,-116.6805419921875
75.211,136,3,0.0,0.0,611.09716796875,-116.6805419921875
75.212,136,3,0.0,0.0,611.09716796875,-116.6805419921875
75.252,136,3,0.0,0.0,611.09716796875,-116.6805419921875
75.252,136,3,0.0,0.0,611.09716796875,-116.6805419921875
75.252,136,3,0.0,0.0,611.09716796875,-116.6805419921875
75.291,136,3,0.0,0.0,611.09716796875,-116.6805419921875
75.292,136,3,0.0,0.0,611.09716796875,-116.6805419921875
75.292,136,3,0.0,0.0,611.09716796875,-116.6805419921875
75.332,136,3,0.0,0.0,611.09716796875,-116.6805419921875
75.332,136,3,0.0,0.0,611.09716796875,-116.6805419921875
75.332,136,3,0.0,0.0,611.09716796875,-116.6805419921875
75.383,136,3,0.0,0.0,611.09716796875,-116.6805419921875
75.411,136,3,0.0,0.0,611.09716796875,-116.6805419921875
75.411,136,3,0.0,0.0,611.09716796875,-116.6805419921875
75.411,136,3,0.0,0.0,611.09716796875,-116.6805419921875
75.451,136,3,0.0,0.0,611.09716796875,-116.6805419921875
75.451,136,3,0.0,0.0,611.09716796875,-116.6805419921875
75.451,136,3,0.0,0.0,611.09716796875,-116.6805419921875
75.466,136,3,0.0,0.0,611.09716796875,-116.6805419921875
75.492,136,3,0.0,0.0,611.09716796875,-116.6805419921875
75.492,136,3,0.0,0.0,611.09716796875,-116.6805419921875
75.493,136,3,0.0,0.0,611.09716796875,-116.6805419921875
75.532,136,3,0.0,0.0,611.09716796875,-116.6805419921875
75.532,136,3,0.0,0.0,611.09716796875,-116.6805419921875
75.532,136,3,0.0,0.0,611.09716796875,-116.6805419921875
75.583,136,3,0.0,0.0,611.09716796875,-116.6805419921875
75.611,136,3,0.0,0.0,611.09716796875,-116.6805419921875
75.611,136,3,0.0,0.0,611.09716796875,-116.6805419921875
75.611,136,3,0.0,0.0,611.09716796875,-116.6805419921875
75.651,136,3,0.0,0.0,611.09716796875,-116.6805419921875
75.651,136,3,0.0,0.0,611.09716796875,-116.6805419921875
75.654,136,3,0.0,0.0,611.09716796875,-116.6805419921875
75.665,136,3,0.0,0.0,611.09716796875,-116.6805419921875
75.69,136,3,0.0,0.0,611.09716796875,-116.6805419921875
75.691,136,3,0.0,0.0,611.09716796875,-116.6805419921875
75.692,136,3,0.0,0.0,611.09716796875,-116.6805419921875
75.716,136,3,0.0,0.0,611.09716796875,-116.6805419921875
75.731,136,3,0.0,0.0,611.09716796875,-116.6805419921875
75.732,136,3,0.0,0.0,611.09716796875,-116.6805419921875
75.732,136,3,0.0,0.0,611.09716796875,-116.6805419921875
75.782,136,3,0.0,0.0,611.09716796875,-116.6805419921875
75.811,136,3,0.0,0.0,611.09716796875,-116.6805419921875
75.811,136,3,0.0,0.0,611.09716796875,-116.6805419921875
75.812,136,3,0.0,0.0,611.09716796875,-116.6805419921875
75.851,136,3,0.0,0.0,611.09716796875,-116.6805419921875
75.852,136,3,0.0,0.0,611.09716796875,-116.6805419921875
75.852,136,3,0.0,0.0,611.09716796875,-116.6805419921875
75.868,136,3,0.0,0.0,611.09716796875,-116.6805419921875
75.891,136,3,0.0,0.0,611.09716796875,-116.6805419921875
75.892,136,3,0.0,0.0,611.09716796875,-116.6805419921875
75.892,136,3,0.0,0.0,611.09716796875,-116.6805419921875
75.918,136,3,0.0,0.0,611.09716796875,-116.6805419921875
75.931,136,3,0.0,0.0,611.09716796875,-116.6805419921875
75.931,136,3,0.0,0.0,611.09716796875,-116.6805419921875
75.931,136,3,0.0,0.0,611.09716796875,-116.6805419921875
75.982,136,3,0.0,0.0,611.09716796875,-116.6805419921875
76.011,136,3,0.0,0.0,611.09716796875,-116.6805419921875
76.011,136,3,0.0,0.0,611.09716796875,-116.6805419921875
76.011,136,3,0.0,0.0,611.09716796875,-116.6805419921875
76.052,136,3,0.0,0.0,611.09716796875,-116.6805419921875
76.052,136,3,0.0,0.0,611.09716796875,-116.6805419921875
76.052,136,3,0.0,0.0,611.09716796875,-116.6805419921875
76.069,136,3,0.0,0.0,611.09716796875,-116.6805419921875
76.092,136,3,0.0,0.0,611.09716796875,-116.6805419921875
76.092,136,3,0.0,0.0,611.09716796875,-116.6805419921875
76.092,136,3,0.0,0.0,611.09716796875,-116.6805419921875
76.117,136,3,0.0,0.0,611.09716796875,-116.6805419921875
76.13,136,3,0.0,0.0,611.09716796875,-116.6805419921875
76.131,136,3,0.0,0.0,611.09716796875,-116.6805419921875
76.131,136,3,0.0,0.0,611.09716796875,-116.6805419921875
76.181,136,3,0.0,0.0,611.09716796875,-116.6805419921875
76.211,136,3,0.0,0.0,611.09716796875,-116.6805419921875
76.211,136,3,0.0,0.0,611.09716796875,-116.6805419921875
76.212,136,3,0.0,0.0,611.09716796875,-116.6805419921875
76.251,136,3,0.0,0.0,611.09716796875,-116.6805419921875
76.252,136,3,0.0,0.0,611.09716796875,-116.6805419921875
76.252,136,3,0.0,0.0,611.09716796875,-116.6805419921875
76.268,136,3,0.0,0.0,611.09716796875,-116.6805419921875
76.293,136,3,0.0,0.0,611.09716796875,-116.6805419921875
76.293,136,3,0.0,0.0,611.09716796875,-116.6805419921875
76.293,136,3,0.0,0.0,611.09716796875,-116.6805419921875
76.316,136,3,0.0,0.0,611.09716796875,-116.6805419921875
76.331,136,3,0.0,0.0,611.09716796875,-116.6805419921875
76.331,136,3,0.0,0.0,611.09716796875,-116.6805419921875
76.331,136,3,0.0,0.0,611.09716796875,-116.6805419921875
76.367,136,3,0.0,0.0,611.09716796875,-116.6805419921875
76.411,136,3,0.0,0.0,611.09716796875,-116.6805419921875
76.411,136,3,0.0,0.0,611.09716796875,-116.6805419921875
76.411,136,3,0.0,0.0,611.09716796875,-116.6805419921875
76.451,136,3,0.0,0.0,611.09716796875,-116.6805419921875
76.451,136,3,0.0,0.0,611.09716796875,-116.6805419921875
76.452,136,3,0.0,0.0,611.09716796875,-116.6805419921875
76.467,136,3,0.0,0.0,611.09716796875,-116.6805419921875
76.492,136,3,0.0,0.0,611.09716796875,-116.6805419921875
76.492,136,3,0.0,0.0,611.09716796875,-116.6805419921875
76.492,136,3,0.0,0.0,611.09716796875,-116.6805419921875
76.531,136,3,0.0,0.0,611.09716796875,-116.6805419921875
76.532,136,3,0.0,0.0,611.09716796875,-116.6805419921875
76.532,136,3,0.0,0.0,611.09716796875,-116.6805419921875
76.566,136,3,0.0,0.0,611.09716796875,-116.6805419921875
76.611,136,3,0.0,0.0,611.09716796875,-116.6805419921875
76.612,136,3,0.0,0.0,611.09716796875,-116.6805419921875
76.612,136,3,0.0,0.0,611.09716796875,-116.6805419921875
76.651,136,3,0.0,0.0,611.09716796875,-116.6805419921875
76.651,136,3,0.0,0.0,611.09716796875,-116.6805419921875
76.652,136,3,0.0,0.0,611.09716796875,-116.6805419921875
76.666,136,3,0.0,0.0,611.09716796875,-116.6805419921875
76.691,136,3,0.0,0.0,611.09716796875,-116.6805419921875
76.691,136,3,0.0,0.0,611.09716796875,-116.6805419921875
76.692,136,3,0.0,0.0,611.09716796875,-116.6805419921875
76.718,136,3,0.0,0.0,611.09716796875,-116.6805419921875
76.731,136,3,0.0,0.0,611.09716796875,-116.6805419921875
76.732,136,3,0.0,0.0,611.09716796875,-116.6805419921875
76.732,136,3,0.0,0.0,611.09716796875,-116.6805419921875
76.783,136,3,0.0,0.0,611.09716796875,-116.6805419921875
76.811,136,3,0.0,0.0,611.09716796875,-116.6805419921875
76.811,136,3,0.0,0.0,611.09716796875,-116.6805419921875
76.811,136,3,0.0,0.0,611.09716796875,-116.6805419921875
76.851,136,3,0.0,0.0,611.09716796875,-116.6805419921875
76.852,136,3,0.0,0.0,611.09716796875,-116.6805419921875
76.854,136,3,0.0,0.0,611.09716796875,-116.6805419921875
76.866,136,3,0.0,0.0,611.09716796875,-116.6805419921875
76.891,136,3,0.0,0.0,611.09716796875,-116.6805419921875
76.891,136,3,0.0,0.0,611.09716796875,-116.6805419921875
76.892,136,3,0.0,0.0,611.09716796875,-116.6805419921875
76.918,136,3,0.0,0.0,611.09716796875,-116.6805419921875
76.931,136,3,0.0,0.0,611.09716796875,-116.6805419921875
76.931,136,3,0.0,0.0,611.09716796875,-116.6805419921875
76.931,136,3,0.0,0.0,611.09716796875,-116.6805419921875
76.969,136,3,0.0,0.0,611.09716796875,-116.6805419921875
77.011,136,3,0.0,0.0,611.09716796875,-116.6805419921875
77.011,136,3,0.0,0.0,611.09716796875,-116.6805419921875
77.011,136,3,0.0,0.0,611.09716796875,-116.6805419921875
77.051,136,3,0.0,0.0,611.09716796875,-116.6805419921875
77.052,136,3,0.0,0.0,611.09716796875,-116.6805419921875
77.052,136,3,0.0,0.0,611.09716796875,-116.6805419921875
77.091,136,3,0.0,0.0,611.09716796875,-116.6805419921875
77.092,136,3,0.0,0.0,611.09716796875,-116.6805419921875
77.093,136,3,0.0,0.0,611.09716796875,-116.6805419921875
77.131,136,3,0.0,0.0,611.09716796875,-116.6805419921875
77.131,136,3,0.0,0.0,611.09716796875,-116.6805419921875
77.132,136,3,0.0,0.0,611.09716796875,-116.6805419921875
77.182,136,3,0.0,0.0,611.09716796875,-116.6805419921875
77.211,136,3,0.0,0.0,611.09716796875,-116.6805419921875
77.211,136,3,0.0,0.0,611.09716796875,-116.6805419921875
77.211,136,3,0.0,0.0,611.09716796875,-116.6805419921875
77.252,136,3,0.0,0.0,611.09716796875,-116.6805419921875
77.252,136,3,0.0,0.0,611.09716796875,-116.6805419921875
77.254,136,3,0.0,0.0,611.09716796875,-116.6805419921875
77.292,136,3,0.0,0.0,611.09716796875,-116.6805419921875
77.292,136,3,0.0,0.0,611.09716796875,-116.6805419921875
77.292,136,3,0.0,0.0,611.09716796875,-116.6805419921875
77.317,136,3,0.0,0.0,611.09716796875,-116.6805419921875
77.331,136,3,0.0,0.0,611.09716796875,-116.6805419921875
77.331,136,3,0.0,0.0,611.09716796875,-116.6805419921875
77.331,136,3,0.0,0.0,611.09716796875,-116.6805419921875
77.367,136,3,0.0,0.0,611.09716796875,-116.6805419921875
77.411,136,3,0.0,0.0,611.09716796875,-116.6805419921875
77.412,136,3,0.0,0.0,611.09716796875,-116.6805419921875
77.412,136,3,0.0,0.0,611.09716796875,-116.6805419921875
77.451,136,3,0.0,0.0,611.09716796875,-116.6805419921875
77.452,136,3,0.0,0.0,611.09716796875,-116.6805419921875
77.452,136,3,0.0,0.0,611.09716796875,-116.6805419921875
77.492,136,3,0.0,0.0,611.09716796875,-116.6805419921875
77.492,136,3,0.0,0.0,611.09716796875,-116.6805419921875
77.492,136,3,0.0,0.0,611.09716796875,-116.6805419921875
77.517,136,3,0.0,0.0,611.09716796875,-116.6805419921875
77.531,136,3,0.0,0.0,611.09716796875,-116.6805419921875
77.531,136,3,0.0,0.0,611.09716796875,-116.6805419921875
77.531,136,3,0.0,0.0,611.09716796875,-116.6805419921875
77.567,136,3,0.0,0.0,611.09716796875,-116.6805419921875
77.611,136,3,0.0,0.0,611.09716796875,-116.6805419921875
77.611,136,3,0.0,0.0,611.09716796875,-116.6805419921875
77.611,136,3,0.0,0.0,611.09716796875,-116.6805419921875
77.651,136,3,0.0,0.0,611.09716796875,-116.6805419921875
77.652,136,3,0.0,0.0,611.09716796875,-116.6805419921875
77.652,136,3,0.0,0.0,611.09716796875,-116.6805419921875
77.692,136,3,0.0,0.0,611.09716796875,-116.6805419921875
77.693,136,3,0.0,0.0,611.09716796875,-116.6805419921875
77.693,136,3,0.0,0.0,611.09716796875,-116.6805419921875
77.717,136,3,0.0,0.0,611.09716796875,-116.6805419921875
77.731,136,3,0.0,0.0,611.09716796875,-116.6805419921875
77.731,136,3,0.0,0.0,611.09716796875,-116.6805419921875
77.732,136,3,0.0,0.0,611.09716796875,-116.6805419921875
77.782,136,3,0.0,0.0,611.09716796875,-116.6805419921875
77.812,136,3,0.0,0.0,611.09716796875,-116.6805419921875
77.812,136,3,0.0,0.0,611.09716796875,-116.6805419921875
77.812,136,3,0.0,0.0,611.09716796875,-116.6805419921875
77.851,136,3,0.0,0.0,611.09716796875,-116.6805419921875
77.852,136,3,0.0,0.0,611.09716796875,-116.6805419921875
77.853,136,3,0.0,0.0,611.09716796875,-116.6805419921875
77.891,136,3,0.0,0.0,611.09716796875,-116.6805419921875
77.891,136,3,0.0,0.0,611.09716796875,-116.6805419921875
77.892,136,3,0.0,0.0,611.09716796875,-116.6805419921875
77.918,136,3,0.0,0.0,611.09716796875,-116.6805419921875
77.931,136,3,0.0,0.0,611.09716796875,-116.6805419921875
77.932,136,3,0.0,0.0,611.09716796875,-116.6805419921875
77.932,136,3,0.0,0.0,611.09716796875,-116.6805419921875
77.966,136,3,0.0,0.0,611.09716796875,-116.6805419921875
78.011,136,3,0.0,0.0,611.09716796875,-116.6805419921875
78.012,136,3,0.0,0.0,611.09716796875,-116.6805419921875
78.012,136,3,0.0,0.0,611.09716796875,-116.6805419921875
78.051,136,3,0.0,0.0,611.09716796875,-116.6805419921875
78.052,136,3,0.0,0.0,611.09716796875,-116.6805419921875
78.052,136,3,0.0,0.0,611.09716796875,-116.6805419921875
78.069,136,3,0.0,0.0,611.09716796875,-116.6805419921875
78.091,136,3,0.0,0.0,611.09716796875,-116.6805419921875
78.092,136,3,0.0,0.0,611.09716796875,-116.6805419921875
78.092,136,3,0.0,0.0,611.09716796875,-116.6805419921875
78.119,136,3,0.0,0.0,611.09716796875,-116.6805419921875
78.131,136,3,0.0,0.0,611.09716796875,-116.6805419921875
78.131,136,3,0.0,0.0,611.09716796875,-116.6805419921875
78.131,136,3,0.0,0.0,611.09716796875,-116.6805419921875
78.168,136,3,0.0,0.0,611.09716796875,-116.6805419921875
78.211,136,3,0.0,0.0,611.09716796875,-116.6805419921875
78.211,136,3,0.0,0.0,611.09716796875,-116.6805419921875
78.211,136,3,0.0,0.0,611.09716796875,-116.6805419921875
78.251,136,3,0.0,0.0,611.09716796875,-116.6805419921875
78.252,136,3,0.0,0.0,611.09716796875,-116.6805419921875
78.253,136,3,0.0,0.0,611.09716796875,-116.6805419921875
78.292,136,3,0.0,0.0,611.09716796875,-116.6805419921875
78.293,136,3,0.0,0.0,611.09716796875,-116.6805419921875
78.293,136,3,0.0,0.0,611.09716796875,-116.6805419921875
78.331,136,3,0.0,0.0,611.09716796875,-116.6805419921875
78.332,136,3,0.0,0.0,611.09716796875,-116.6805419921875
78.332,136,3,0.0,0.0,611.09716796875,-116.6805419921875
78.369,136,3,0.0,0.0,611.09716796875,-116.6805419921875
78.411,136,3,0.0,0.0,611.09716796875,-116.6805419921875
78.412,136,3,0.0,0.0,611.09716796875,-116.6805419921875
78.412,136,3,0.0,0.0,611.09716796875,-116.6805419921875
78.451,136,3,0.0,0.0,611.09716796875,-116.6805419921875
78.451,136,3,0.0,0.0,611.09716796875,-116.6805419921875
78.452,136,3,0.0,0.0,611.09716796875,-116.6805419921875
78.468,136,3,0.0,0.0,611.09716796875,-116.6805419921875
78.491,136,3,0.0,0.0,611.09716796875,-116.6805419921875
78.492,136,3,0.0,0.0,611.09716796875,-116.6805419921875
78.492,136,3,0.0,0.0,611.09716796875,-116.6805419921875
78.532,136,3,0.0,0.0,611.09716796875,-116.6805419921875
78.532,136,3,0.0,0.0,611.09716796875,-116.6805419921875
78.532,136,3,0.0,0.0,611.09716796875,-116.6805419921875
78.582,136,3,0.0,0.0,611.09716796875,-116.6805419921875
78.611,136,3,0.0,0.0,611.09716796875,-116.6805419921875
78.612,136,3,0.0,0.0,611.09716796875,-116.6805419921875
78.612,136,3,0.0,0.0,611.09716796875,-116.6805419921875
78.651,136,3,0.0,0.0,611.09716796875,-116.6805419921875
78.652,136,3,0.0,0.0,611.09716796875,-116.6805419921875
78.652,136,3,0.0,0.0,611.09716796875,-116.6805419921875
78.667,136,3,0.0,0.0,611.09716796875,-116.6805419921875
78.692,136,3,0.0,0.0,611.09716796875,-116.6805419921875
78.692,136,3,0.0,0.0,611.09716796875,-116.6805419921875
78.693,136,3,0.0,0.0,611.09716796875,-116.6805419921875
78.732,136,3,0.0,0.0,611.09716796875,-116.6805419921875
78.732,136,3,0.0,0.0,611.09716796875,-116.6805419921875
78.733,136,3,0.0,0.0,611.09716796875,-116.6805419921875
78.769,136,3,0.0,0.0,611.09716796875,-116.6805419921875
78.811,136,3,0.0,0.0,611.09716796875,-116.6805419921875
78.811,136,3,0.0,0.0,611.09716796875,-116.6805419921875
78.811,136,3,0.0,0.0,611.09716796875,-116.6805419921875
78.851,136,3,0.0,0.0,611.09716796875,-116.6805419921875
78.852,136,3,0.0,0.0,611.09716796875,-116.6805419921875
78.852,136,3,0.0,0.0,611.09716796875,-116.6805419921875
78.892,136,3,0.0,0.0,611.09716796875,-116.6805419921875
78.892,136,3,0.0,0.0,611.09716796875,-116.6805419921875
78.892,136,3,0.0,0.0,611.09716796875,-116.6805419921875
78.919,136,3,0.0,0.0,611.09716796875,-116.6805419921875
78.932,136,3,0.0,0.0,611.09716796875,-116.6805419921875
78.932,136,3,0.0,0.0,611.09716796875,-116.6805419921875
78.932,136,3,0.0,0.0,611.09716796875,-116.6805419921875
78.971,136,3,0.0,0.0,611.09716796875,-116.6805419921875
79.011,136,3,0.0,0.0,611.09716796875,-116.6805419921875
79.011,136,3,0.0,0.0,611.09716796875,-116.6805419921875
79.011,136,3,0.0,0.0,611.09716796875,-116.6805419921875
79.051,136,3,0.0,0.0,611.09716796875,-116.6805419921875
79.052,136,3,0.0,0.0,611.09716796875,-116.6805419921875
79.052,136,3,0.0,0.0,611.09716796875,-116.6805419921875
79.067,136,3,0.0,0.0,611.09716796875,-116.6805419921875
79.091,136,3,0.0,0.0,611.09716796875,-116.6805419921875
79.091,136,3,0.0,0.0,611.09716796875,-116.6805419921875
79.092,136,3,0.0,0.0,611.09716796875,-116.6805419921875
79.117,136,3,0.0,0.0,611.09716796875,-116.6805419921875
79.131,136,3,0.0,0.0,611.09716796875,-116.6805419921875
79.131,136,3,0.0,0.0,611.09716796875,-116.6805419921875
79.132,136,3,0.0,0.0,611.09716796875,-116.6805419921875
79.171,136,3,0.0,0.0,611.09716796875,-116.6805419921875
79.211,136,3,0.0,0.0,611.09716796875,-116.6805419921875
79.211,136,3,0.0,0.0,611.09716796875,-116.6805419921875
79.212,136,3,0.0,0.0,611.09716796875,-116.6805419921875
79.252,136,3,0.0,0.0,611.09716796875,-116.6805419921875
79.252,136,3,0.0,0.0,611.09716796875,-116.6805419921875
79.252,136,3,0.0,0.0,611.09716796875,-116.6805419921875
79.291,136,3,0.0,0.0,611.09716796875,-116.6805419921875
79.291,136,3,0.0,0.0,611.09716796875,-116.6805419921875
79.291,136,3,0.0,0.0,611.09716796875,-116.6805419921875
79.331,136,3,0.0,0.0,611.09716796875,-116.6805419921875
79.332,136,3,0.0,0.0,611.09716796875,-116.6805419921875
79.332,136,3,0.0,0.0,611.09716796875,-116.6805419921875
79.369,136,3,0.0,0.0,611.09716796875,-116.6805419921875
79.411,136,3,0.0,0.0,611.09716796875,-116.6805419921875
79.412,136,3,0.0,0.0,611.09716796875,-116.6805419921875
79.412,136,3,0.0,0.0,611.09716796875,-116.6805419921875
79.451,136,3,0.0,0.0,611.09716796875,-116.6805419921875
79.452,136,3,0.0,0.0,611.09716796875,-116.6805419921875
79.452,136,3,0.0,0.0,611.09716796875,-116.6805419921875
79.491,136,3,0.0,0.0,611.09716796875,-116.6805419921875
79.491,136,3,0.0,0.0,611.09716796875,-116.6805419921875
79.491,136,3,0.0,0.0,611.09716796875,-116.6805419921875
79.517,136,3,0.0,0.0,611.09716796875,-116.6805419921875
79.532,136,3,0.0,0.0,611.09716796875,-116.6805419921875
79.532,136,3,0.0,0.0,611.09716796875,-116.6805419921875
79.532,136,3,0.0,0.0,611.09716796875,-116.6805419921875
79.582,136,3,0.0,0.0,611.09716796875,-116.6805419921875
79.611,136,3,0.0,0.0,611.09716796875,-116.6805419921875
79.612,136,3,0.0,0.0,611.09716796875,-116.6805419921875
79.612,136,3,0.0,0.0,611.09716796875,-116.6805419921875
79.652,136,3,0.0,0.0,611.09716796875,-116.6805419921875
79.652,136,3,0.0,0.0,611.09716796875,-116.6805419921875
79.653,136,3,0.0,0.0,611.09716796875,-116.6805419921875
79.665,136,3,0.0,0.0,611.09716796875,-116.6805419921875
79.691,136,3,0.0,0.0,611.09716796875,-116.6805419921875
79.691,136,3,0.0,0.0,611.09716796875,-116.6805419921875
79.692,136,3,0.0,0.0,611.09716796875,-116.6805419921875
79.732,136,3,0.0,0.0,611.09716796875,-116.6805419921875
79.732,136,3,0.0,0.0,611.09716796875,-116.6805419921875
79.732,136,3,0.0,0.0,611.09716796875,-116.6805419921875
79.783,136,3,0.0,0.0,611.09716796875,-116.6805419921875
79.811,136,3,0.0,0.0,611.09716796875,-116.6805419921875
79.811,136,3,0.0,0.0,611.09716796875,-116.6805419921875
79.811,136,3,0.0,0.0,611.09716796875,-116.6805419921875
79.852,136,3,0.0,0.0,611.09716796875,-116.6805419921875
79.852,136,3,0.0,0.0,611.09716796875,-116.6805419921875
79.852,136,3,0.0,0.0,611.09716796875,-116.6805419921875
79.891,136,3,0.0,0.0,611.09716796875,-116.6805419921875
79.892,136,3,0.0,0.0,611.09716796875,-116.6805419921875
79.892,136,3,0.0,0.0,611.09716796875,-116.6805419921875
79.931,136,3,0.0,0.0,611.09716796875,-116.6805419921875
79.931,136,3,0.0,0.0,611.09716796875,-116.6805419921875
79.931,136,3,0.0,0.0,611.09716796875,-116.6805419921875
79.966,136,3,0.0,0.0,611.09716796875,-116.6805419921875
80.012,136,3,0.0,0.0,611.09716796875,-116.6805419921875
80.012,136,3,0.0,0.0,611.09716796875,-116.6805419921875
80.012,136,3,0.0,0.0,611.09716796875,-116.6805419921875
80.051,136,3,0.0,0.0,611.09716796875,-116.6805419921875
80.052,136,3,0.0,0.0,611.09716796875,-116.6805419921875
80.052,136,3,0.0,0.0,611.09716796875,-116.6805419921875
80.068,136,3,0.0,0.0,611.09716796875,-116.6805419921875
80.091,136,3,0.0,0.0,611.09716796875,-116.6805419921875
80.091,136,3,0.0,0.0,611.09716796875,-116.6805419921875
80.092,136,3,0.0,0.0,611.09716796875,-116.6805419921875
80.131,136,3,0.0,0.0,611.09716796875,-116.6805419921875
80.131,136,3,0.0,0.0,611.09716796875,-116.6805419921875
80.131,136,3,0.0,0.0,611.09716796875,-116.6805419921875
80.182,136,3,0.0,0.0,611.09716796875,-116.6805419921875
80.212,136,3,0.0,0.0,611.09716796875,-116.6805419921875
80.212,136,3,0.0,0.0,611.09716796875,-116.6805419921875
80.212,136,3,0.0,0.0,611.09716796875,-116.6805419921875
80.251,136,3,0.0,0.0,611.09716796875,-116.6805419921875
80.252,136,3,0.0,0.0,611.09716796875,-116.6805419921875
80.252,136,3,0.0,0.0,611.09716796875,-116.6805419921875
80.268,136,3,0.0,0.0,611.09716796875,-116.6805419921875
80.291,136,3,0.0,0.0,611.09716796875,-116.6805419921875
80.292,136,3,0.0,0.0,611.09716796875,-116.6805419921875
80.294,136,3,0.0,0.0,611.09716796875,-116.6805419921875
80.331,136,3,0.0,0.0,611.09716796875,-116.6805419921875
80.332,136,3,0.0,0.0,611.09716796875,-116.6805419921875
80.332,136,3,0.0,0.0,611.09716796875,-116.6805419921875
80.382,136,3,0.0,0.0,611.09716796875,-116.6805419921875
80.411,136,3,0.0,0.0,611.09716796875,-116.6805419921875
80.411,136,3,0.0,0.0,611.09716796875,-116.6805419921875
80.411,136,3,0.0,0.0,611.09716796875,-116.6805419921875
80.451,136,3,0.0,0.0,611.09716796875,-116.6805419921875
80.452,136,3,0.0,0.0,611.09716796875,-116.6805419921875
80.452,136,3,0.0,0.0,611.09716796875,-116.6805419921875
80.466,136,3,0.0,0.0,611.09716796875,-116.6805419921875
80.492,136,3,0.0,0.0,611.09716796875,-116.6805419921875
80.492,136,3,0.0,0.0,611.09716796875,-116.6805419921875
80.492,136,3,0.0,0.0,611.09716796875,-116.6805419921875
80.516,136,3,0.0,0.0,611.09716796875,-116.6805419921875
80.532,136,3,0.0,0.0,611.09716796875,-116.6805419921875
80.532,136,3,0.0,0.0,611.09716796875,-116.6805419921875
80.532,136,3,0.0,0.0,611.09716796875,-116.6805419921875
80.567,136,3,0.0,0.0,611.09716796875,-116.6805419921875
80.611,136,3,0.0,0.0,611.09716796875,-116.6805419921875
80.611,136,3,0.0,0.0,611.09716796875,-116.6805419921875
80.611,136,3,0.0,0.0,611.09716796875,-116.6805419921875
80.651,136,3,0.0,0.0,611.09716796875,-116.6805419921875
80.652,136,3,0.0,0.0,611.09716796875,-116.6805419921875
80.652,136,3,0.0,0.0,611.09716796875,-116.6805419921875
80.691,136,3,0.0,0.0,611.09716796875,-116.6805419921875
80.691,136,3,0.0,0.0,611.09716796875,-116.6805419921875
80.692,136,3,0.0,0.0,611.09716796875,-116.6805419921875
80.715,136,3,0.0,0.0,611.09716796875,-116.6805419921875
80.731,136,3,0.0,0.0,611.09716796875,-116.6805419921875
80.731,136,3,0.0,0.0,611.09716796875,-116.6805419921875
80.731,136,3,0.0,0.0,611.09716796875,-116.6805419921875
80.767,136,3,0.0,0.0,611.09716796875,-116.6805419921875
80.811,136,3,0.0,0.0,611.09716796875,-116.6805419921875
80.811,136,3,0.0,0.0,611.09716796875,-116.6805419921875
80.812,136,3,0.0,0.0,611.09716796875,-116.6805419921875
80.851,136,3,0.0,0.0,611.09716796875,-116.6805419921875
80.852,136,3,0.0,0.0,611.09716796875,-116.6805419921875
80.852,136,3,0.0,0.0,611.09716796875,-116.6805419921875
80.891,136,3,0.0,0.0,611.09716796875,-116.6805419921875
80.892,136,3,0.0,0.0,611.09716796875,-116.6805419921875
80.892,136,3,0.0,0.0,611.09716796875,-116.6805419921875
80.916,136,3,0.0,0.0,611.09716796875,-116.6805419921875
80.931,136,3,0.0,0.0,611.09716796875,-116.6805419921875
80.931,136,3,0.0,0.0,611.09716796875,-116.6805419921875
80.931,136,3,0.0,0.0,611.09716796875,-116.6805419921875
80.965,136,3,0.0,0.0,611.09716796875,-116.6805419921875
81.011,136,3,0.0,0.0,611.09716796875,-116.6805419921875
81.011,136,3,0.0,0.0,611.09716796875,-116.6805419921875
81.012,136,3,0.0,0.0,611.09716796875,-116.6805419921875
81.051,136,3,0.0,0.0,611.09716796875,-116.6805419921875
81.051,136,3,0.0,0.0,611.09716796875,-116.6805419921875
81.051,136,3,0.0,0.0,611.09716796875,-116.6805419921875
81.069,136,3,0.0,0.0,611.09716796875,-116.6805419921875
81.092,136,3,0.0,0.0,611.09716796875,-116.6805419921875
81.092,136,3,0.0,0.0,611.09716796875,-116.6805419921875
81.093,136,3,0.0,0.0,611.09716796875,-116.6805419921875
81.132,136,3,0.0,0.0,611.09716796875,-116.6805419921875
81.132,136,3,0.0,0.0,611.09716796875,-116.6805419921875
81.132,136,3,0.0,0.0,611.09716796875,-116.6805419921875
81.183,136,3,0.0,0.0,611.09716796875,-116.6805419921875
81.211,136,3,0.0,0.0,611.09716796875,-116.6805419921875
81.212,136,3,0.0,0.0,611.09716796875,-116.6805419921875
81.212,136,3,0.0,0.0,611.09716796875,-116.6805419921875
81.252,136,3,0.0,0.0,611.09716796875,-116.6805419921875
81.252,136,3,0.0,0.0,611.09716796875,-116.6805419921875
81.254,136,3,0.0,0.0,611.09716796875,-116.6805419921875
81.266,136,3,0.0,0.0,611.09716796875,-116.6805419921875
81.291,136,3,0.0,0.0,611.09716796875,-116.6805419921875
81.291,136,3,0.0,0.0,611.09716796875,-116.6805419921875
81.291,136,3,0.0,0.0,611.09716796875,-116.6805419921875
81.316,136,3,0.0,0.0,611.09716796875,-116.6805419921875
81.333,136,3,0.0,0.0,611.09716796875,-116.6805419921875
81.333,136,3,0.0,0.0,611.09716796875,-116.6805419921875
81.334,136,3,0.0,0.0,611.09716796875,-116.6805419921875
81.366,136,3,0.0,0.0,611.09716796875,-116.6805419921875
81.411,136,3,0.0,0.0,611.09716796875,-116.6805419921875
81.411,136,3,0.0,0.0,611.09716796875,-116.6805419921875
81.411,136,3,0.0,0.0,611.09716796875,-116.6805419921875
81.452,136,3,0.0,0.0,611.09716796875,-116.6805419921875
81.452,136,3,0.0,0.0,611.09716796875,-116.6805419921875
81.453,136,3,0.0,0.0,611.09716796875,-116.6805419921875
81.469,136,3,0.0,0.0,611.09716796875,-116.6805419921875
81.491,136,3,0.0,0.0,611.09716796875,-116.6805419921875
81.491,136,3,0.0,0.0,611.09716796875,-116.6805419921875
81.492,136,3,0.0,0.0,611.09716796875,-116.6805419921875
81.516,136,3,0.0,0.0,611.09716796875,-116.6805419921875
81.532,136,3,0.0,0.0,611.09716796875,-116.6805419921875
81.532,136,3,0.0,0.0,611.09716796875,-116.6805419921875
81.532,136,3,0.0,0.0,611.09716796875,-116.6805419921875
81.582,136,3,0.0,0.0,611.09716796875,-116.6805419921875
81.611,136,3,0.0,0.0,611.09716796875,-116.6805419921875
81.611,136,3,0.0,0.0,611.09716796875,-116.6805419921875
81.611,136,3,0.0,0.0,611.09716796875,-116.6805419921875
81.652,136,3,0.0,0.0,611.09716796875,-116.6805419921875
81.652,136,3,0.0,0.0,611.09716796875,-116.6805419921875
81.652,136,3,0.0,0.0,611.09716796875,-116.6805419921875
81.691,136,3,0.0,0.0,611.09716796875,-116.6805419921875
81.692,136,3,0.0,0.0,611.09716796875,-116.6805419921875
81.692,136,3,0.0,0.0,611.09716796875,-116.6805419921875
81.717,136,3,0.0,0.0,611.09716796875,-116.6805419921875
81.731,136,3,0.0,0.0,611.09716796875,-116.6805419921875
81.732,136,3,0.0,0.0,611.09716796875,-116.6805419921875
81.732,136,3,0.0,0.0,611.09716796875,-116.6805419921875
81.767,136,3,0.0,0.0,611.09716796875,-116.6805419921875
81.811,136,3,0.0,0.0,611.09716796875,-116.6805419921875
81.811,136,3,0.0,0.0,611.09716796875,-116.6805419921875
81.811,136,3,0.0,0.0,611.09716796875,-116.6805419921875
81.851,136,3,0.0,0.0,611.09716796875,-116.6805419921875
81.851,136,3,0.0,0.0,611.09716796875,-116.6805419921875
81.852,136,3,0.0,0.0,611.09716796875,-116.6805419921875
81.868,136,3,0.0,0.0,611.09716796875,-116.6805419921875
81.89,136,3,0.0,0.0,611.09716796875,-116.6805419921875
81.891,136,3,0.0,0.0,611.09716796875,-116.6805419921875
81.891,136,3,0.0,0.0,611.09716796875,-116.6805419921875
81.932,136,3,0.0,0.0,611.09716796875,-116.6805419921875
81.932,136,3,0.0,0.0,611.09716796875,-116.6805419921875
81.932,136,3,0.0,0.0,611.09716796875,-116.6805419921875
81.966,136,3,0.0,0.0,611.09716796875,-116.6805419921875
82.012,136,3,0.0,0.0,611.09716796875,-116.6805419921875
82.012,136,3,0.0,0.0,611.09716796875,-116.6805419921875
82.013,136,3,0.0,0.0,611.09716796875,-116.6805419921875
82.051,136,3,0.0,0.0,611.09716796875,-116.6805419921875
82.051,136,3,0.0,0.0,611.09716796875,-116.6805419921875
82.052,136,3,0.0,0.0,611.09716796875,-116.6805419921875
82.091,136,3,0.0,0.0,611.09716796875,-116.6805419921875
82.092,136,3,0.0,0.0,611.09716796875,-116.6805419921875
82.092,136,3,0.0,0.0,611.09716796875,-116.6805419921875
82.119,136,3,0.0,0.0,611.09716796875,-116.6805419921875
82.132,136,3,0.0,0.0,611.09716796875,-116.6805419921875
82.132,136,3,0.0,0.0,611.09716796875,-116.6805419921875
82.132,136,3,0.0,0.0,611.09716796875,-116.6805419921875
82.183,136,3,0.0,0.0,611.09716796875,-116.6805419921875
82.211,136,3,0.0,0.0,611.09716796875,-116.6805419921875
82.211,136,3,0.0,0.0,611.09716796875,-116.6805419921875
82.211,136,3,0.0,0.0,611.09716796875,-116.6805419921875
82.251,136,3,0.0,0.0,611.09716796875,-116.6805419921875
82.252,136,3,0.0,0.0,611.09716796875,-116.6805419921875
82.252,136,3,0.0,0.0,611.09716796875,-116.6805419921875
82.268,136,3,0.0,0.0,611.09716796875,-116.6805419921875
82.292,136,3,0.0,0.0,611.09716796875,-116.6805419921875
82.293,136,3,0.0,0.0,611.09716796875,-116.6805419921875
82.293,136,3,0.0,0.0,611.09716796875,-116.6805419921875
82.331,136,3,0.0,0.0,611.09716796875,-116.6805419921875
82.331,136,3,0.0,0.0,611.09716796875,-116.6805419921875
82.331,136,3,0.0,0.0,611.09716796875,-116.6805419921875
82.367,136,3,0.0,0.0,611.09716796875,-116.6805419921875
82.411,136,3,0.0,0.0,611.09716796875,-116.6805419921875
82.412,136,3,0.0,0.0,611.09716796875,-116.6805419921875
82.412,136,3,0.0,0.0,611.09716796875,-116.6805419921875
82.451,136,3,0.0,0.0,611.09716796875,-116.6805419921875
82.451,136,3,0.0,0.0,611.09716796875,-116.6805419921875
82.451,136,3,0.0,0.0,611.09716796875,-116.6805419921875
82.468,136,3,0.0,0.0,611.09716796875,-116.6805419921875
82.491,136,3,0.0,0.0,611.09716796875,-116.6805419921875
82.491,136,3,0.0,0.0,611.09716796875,-116.6805419921875
82.491,136,3,0.0,0.0,611.09716796875,-116.6805419921875
82.521,136,3,0.0,0.0,611.09716796875,-116.6805419921875
82.532,136,3,0.0,0.0,611.09716796875,-116.6805419921875
82.532,136,3,0.0,0.0,611.09716796875,-116.6805419921875
82.532,136,3,0.0,0.0,611.09716796875,-116.6805419921875
82.567,136,3,0.0,0.0,611.09716796875,-116.6805419921875
82.611,136,3,0.0,0.0,611.09716796875,-116.6805419921875
82.611,136,3,0.0,0.0,611.09716796875,-116.6805419921875
82.611,136,3,0.0,0.0,611.09716796875,-116.6805419921875
82.651,136,3,0.0,0.0,611.09716796875,-116.6805419921875
82.651,136,3,0.0,0.0,611.09716796875,-116.6805419921875
82.651,136,3,0.0,0.0,611.09716796875,-116.6805419921875
82.67,136,3,0.0,0.0,611.09716796875,-116.6805419921875
82.691,136,3,0.0,0.0,611.09716796875,-116.6805419921875
82.691,136,3,0.0,0.0,611.09716796875,-116.6805419921875
82.691,136,3,0.0,0.0,611.09716796875,-116.6805419921875
82.732,136,3,0.0,0.0,611.09716796875,-116.6805419921875
82.732,136,3,0.0,0.0,611.09716796875,-116.6805419921875
82.732,136,3,0.0,0.0,611.09716796875,-116.6805419921875
82.782,136,3,0.0,0.0,611.09716796875,-116.6805419921875
82.811,136,3,0.0,0.0,611.09716796875,-116.6805419921875
82.812,136,3,0.0,0.0,611.09716796875,-116.6805419921875
82.812,136,3,0.0,0.0,611.09716796875,-116.6805419921875
82.851,136,3,0.0,0.0,611.09716796875,-116.6805419921875
82.851,136,3,0.0,0.0,611.09716796875,-116.6805419921875
82.851,136,3,0.0,0.0,611.09716796875,-116.6805419921875
82.891,136,3,0.0,0.0,611.09716796875,-116.6805419921875
82.891,136,3,0.0,0.0,611.09716796875,-116.6805419921875
82.892,136,3,0.0,0.0,611.09716796875,-116.6805419921875
82.916,136,3,0.0,0.0,611.09716796875,-116.6805419921875
82.931,136,3,0.0,0.0,611.09716796875,-116.6805419921875
82.931,136,3,0.0,0.0,611.09716796875,-116.6805419921875
82.931,136,3,0.0,0.0,611.09716796875,-116.6805419921875
82.965,136,3,0.0,0.0,611.09716796875,-116.6805419921875
83.013,136,3,0.0,0.0,611.09716796875,-116.6805419921875
83.013,136,3,0.0,0.0,611.09716796875,-116.6805419921875
83.013,136,3,0.0,0.0,611.09716796875,-116.6805419921875
83.051,136,3,0.0,0.0,611.09716796875,-116.6805419921875
83.051,136,3,0.0,0.0,611.09716796875,-116.6805419921875
83.051,136,3,0.0,0.0,611.09716796875,-116.6805419921875
83.092,136,3,0.0,0.0,611.09716796875,-116.6805419921875
83.092,136,3,0.0,0.0,611.09716796875,-116.6805419921875
83.092,136,3,0.0,0.0,611.09716796875,-116.6805419921875
83.119,136,3,0.0,0.0,611.09716796875,-116.6805419921875
83.132,136,3,0.0,0.0,611.09716796875,-116.6805419921875
83.132,136,3,0.0,0.0,611.09716796875,-116.6805419921875
83.132,136,3,0.0,0.0,611.09716796875,-116.6805419921875
83.168,136,3,0.0,0.0,611.09716796875,-116.6805419921875
83.212,136,3,0.0,0.0,611.09716796875,-116.6805419921875
83.212,136,3,0.0,0.0,611.09716796875,-116.6805419921875
83.212,136,3,0.0,0.0,611.09716796875,-116.6805419921875
83.251,136,3,0.0,0.0,611.09716796875,-116.6805419921875
83.252,136,3,0.0,0.0,611.09716796875,-116.6805419921875
83.253,136,3,0.0,0.0,611.09716796875,-116.6805419921875
83.265,136,3,0.0,0.0,611.09716796875,-116.6805419921875
83.292,136,3,0.0,0.0,611.09716796875,-116.6805419921875
83.292,136,3,0.0,0.0,611.09716796875,-116.6805419921875
83.293,136,3,0.0,0.0,611.09716796875,-116.6805419921875
83.331,136,3,0.0,0.0,611.09716796875,-116.6805419921875
83.331,136,3,0.0,0.0,611.09716796875,-116.6805419921875
83.332,136,3,0.0,0.0,611.09716796875,-116.6805419921875
83.382,136,3,0.0,0.0,611.09716796875,-116.6805419921875
83.411,136,3,0.0,0.0,611.09716796875,-116.6805419921875
83.411,136,3,0.0,0.0,611.09716796875,-116.6805419921875
83.411,136,3,0.0,0.0,611.09716796875,-116.6805419921875
83.451,136,3,0.0,0.0,611.09716796875,-116.6805419921875
83.452,136,3,0.0,0.0,611.09716796875,-116.6805419921875
83.452,136,3,0.0,0.0,611.09716796875,-116.6805419921875
83.491,136,3,0.0,0.0,611.09716796875,-116.6805419921875
83.491,136,3,0.0,0.0,611.09716796875,-116.6805419921875
83.491,136,3,0.0,0.0,611.09716796875,-116.6805419921875
83.522,136,3,0.0,0.0,611.09716796875,-116.6805419921875
83.531,136,3,0.0,0.0,611.09716796875,-116.6805419921875
83.532,136,3,0.0,0.0,611.09716796875,-116.6805419921875
83.533,136,3,0.0,0.0,611.09716796875,-116.6805419921875
83.565,136,3,0.0,0.0,611.09716796875,-116.6805419921875
83.613,136,3,0.0,0.0,611.09716796875,-116.6805419921875
83.613,136,3,0.0,0.0,611.09716796875,-116.6805419921875
83.613,136,3,0.0,0.0,611.09716796875,-116.6805419921875
83.651,136,3,0.0,0.0,611.09716796875,-116.6805419921875
83.651,136,3,0.0,0.0,611.09716796875,-116.6805419921875
83.651,136,3,0.0,0.0,611.09716796875,-116.6805419921875
83.666,136,3,0.0,0.0,611.09716796875,-116.6805419921875
83.691,136,3,0.0,0.0,611.09716796875,-116.6805419921875
83.691,136,3,0.0,0.0,611.09716796875,-116.6805419921875
83.691,136,3,0.0,0.0,611.09716796875,-116.6805419921875
83.718,136,3,0.0,0.0,611.09716796875,-116.6805419921875
83.733,136,3,0.0,0.0,611.09716796875,-116.6805419921875
83.733,136,3,0.0,0.0,611.09716796875,-116.6805419921875
83.733,136,3,0.0,0.0,611.09716796875,-116.6805419921875
83.78,136,3,0.0,0.0,611.09716796875,-116.6805419921875
83.811,136,3,0.0,0.0,611.09716796875,-116.6805419921875
83.812,136,3,0.0,0.0,611.09716796875,-116.6805419921875
83.812,136,3,0.0,0.0,611.09716796875,-116.6805419921875
83.851,136,3,0.0,0.0,611.09716796875,-116.6805419921875
83.851,136,3,0.0,0.0,611.09716796875,-116.6805419921875
83.852,136,3,0.0,0.0,611.09716796875,-116.6805419921875
83.87,136,3,0.0,0.0,611.09716796875,-116.6805419921875
83.892,136,3,0.0,0.0,611.09716796875,-116.6805419921875
83.892,136,3,0.0,0.0,611.09716796875,-116.6805419921875
83.892,136,3,0.0,0.0,611.09716796875,-116.6805419921875
83.931,136,3,0.0,0.0,611.09716796875,-116.6805419921875
83.931,136,3,0.0,0.0,611.09716796875,-116.6805419921875
83.932,136,3,0.0,0.0,611.09716796875,-116.6805419921875
83.969,136,3,0.0,0.0,611.09716796875,-116.6805419921875
84.011,136,3,0.0,0.0,611.09716796875,-116.6805419921875
84.011,136,3,0.0,0.0,611.09716796875,-116.6805419921875
84.011,136,3,0.0,0.0,611.09716796875,-116.6805419921875
84.051,136,3,0.0,0.0,611.09716796875,-116.6805419921875
84.052,136,3,0.0,0.0,611.09716796875,-116.6805419921875
84.052,136,3,0.0,0.0,611.09716796875,-116.6805419921875
84.091,136,3,0.0,0.0,611.09716796875,-116.6805419921875
84.091,136,3,0.0,0.0,611.09716796875,-116.6805419921875
84.092,136,3,0.0,0.0,611.09716796875,-116.6805419921875
84.131,136,3,0.0,0.0,611.09716796875,-116.6805419921875
84.131,136,3,0.0,0.0,611.09716796875,-116.6805419921875
84.131,136,3,0.0,0.0,611.09716796875,-116.6805419921875
84.181,136,3,0.0,0.0,611.09716796875,-116.6805419921875
84.211,136,3,0.0,0.0,611.09716796875,-116.6805419921875
84.211,136,3,0.0,0.0,611.09716796875,-116.6805419921875
84.212,136,3,0.0,0.0,611.09716796875,-116.6805419921875
84.252,136,3,0.0,0.0,611.09716796875,-116.6805419921875
84.252,136,3,0.0,0.0,611.09716796875,-116.6805419921875
84.253,136,3,0.0,0.0,611.09716796875,-116.6805419921875
84.266,136,3,0.0,0.0,611.09716796875,-116.6805419921875
84.291,136,3,0.0,0.0,611.09716796875,-116.6805419921875
84.292,136,3,0.0,0.0,611.09716796875,-116.6805419921875
84.292,136,3,0.0,0.0,611.09716796875,-116.6805419921875
84.317,136,3,0.0,0.0,611.09716796875,-116.6805419921875
84.331,136,2,0.0,0.0,611.09716796875,-116.6805419921875
84.332,136,2,0.0,0.0,611.09716796875,-116.6805419921875
84.332,136,2,0.0,0.0,611.09716796875,-116.6805419921875
84.382,136,2,0.0,0.0,611.09716796875,-116.6805419921875
84.412,136,2,0.0,0.0,611.09716796875,-116.6805419921875
84.412,136,2,0.0,0.0,611.09716796875,-116.6805419921875
84.412,136,2,0.0,0.0,611.09716796875,-116.6805419921875
84.451,136,2,0.0,0.0,611.09716796875,-116.6805419921875
84.451,136,2,0.0,0.0,611.09716796875,-116.6805419921875
84.452,136,2,0.0,0.0,611.09716796875,-116.6805419921875
84.491,136,2,0.0,0.0,611.09716796875,-116.6805419921875
84.491,136,2,0.0,0.0,611.09716796875,-116.6805419921875
84.492,136,2,0.0,0.0,611.09716796875,-116.6805419921875
84.531,136,2,0.0,0.0,611.09716796875,-116.6805419921875
84.531,136,2,0.0,0.0,611.09716796875,-116.6805419921875
84.532,136,2,0.0,0.0,611.09716796875,-116.6805419921875
84.582,136,2,0.0,0.0,611.09716796875,-116.6805419921875
84.611,136,2,0.0,0.0,611.09716796875,-116.6805419921875
84.612,136,2,0.0,0.0,611.09716796875,-116.6805419921875
84.612,136,2,0.0,0.0,611.09716796875,-116.6805419921875
84.652,136,2,0.0,0.0,611.09716796875,-116.6805419921875
84.652,136,2,0.0,0.0,611.09716796875,-116.6805419921875
84.652,136,2,0.0,0.0,611.09716796875,-116.6805419921875
84.666,136,2,0.0,0.0,611.09716796875,-116.6805419921875
84.691,136,2,0.0,0.0,611.09716796875,-116.6805419921875
84.691,136,2,0.0,0.0,611.09716796875,-116.6805419921875
84.692,136,2,0.0,0.0,611.09716796875,-116.6805419921875
84.717,136,2,0.0,0.0,611.09716796875,-116.6805419921875
84.731,136,2,0.0,0.0,611.09716796875,-116.6805419921875
84.732,136,2,0.0,0.0,611.09716796875,-116.6805419921875
84.733,136,2,0.0,0.0,611.09716796875,-116.6805419921875
84.767,136,2,0.0,0.0,611.09716796875,-116.6805419921875
84.811,136,2,0.0,0.0,611.09716796875,-116.6805419921875
84.811,136,2,0.0,0.0,611.09716796875,-116.6805419921875
84.811,136,2,0.0,0.0,611.09716796875,-116.6805419921875
84.851,136,2,0.0,0.0,611.09716796875,-116.6805419921875
84.852,136,2,0.0,0.0,611.09716796875,-116.6805419921875
84.853,136,2,0.0,0.0,611.09716796875,-116.6805419921875
84.891,136,2,0.0,0.0,611.09716796875,-116.6805419921875
84.892,136,2,0.0,0.0,611.09716796875,-116.6805419921875
84.892,136,2,0.0,0.0,611.09716796875,-116.6805419921875
84.931,136,2,0.0,0.0,611.09716796875,-116.6805419921875
84.932,136,2,0.0,0.0,611.09716796875,-116.6805419921875
84.932,136,2,0.0,0.0,611.09716796875,-116.6805419921875
84.965,136,2,0.0,0.0,611.09716796875,-116.6805419921875
85.011,136,2,0.0,0.0,611.09716796875,-116.6805419921875
85.011,136,2,0.0,0.0,611.09716796875,-116.6805419921875
85.012,136,2,0.0,0.0,611.09716796875,-116.6805419921875
85.051,136,2,0.0,0.0,611.09716796875,-116.6805419921875
85.051,136,2,0.0,0.0,611.09716796875,-116.6805419921875
85.051,136,2,0.0,0.0,611.09716796875,-116.6805419921875
85.091,136,2,0.0,0.0,611.09716796875,-116.6805419921875
85.091,136,2,0.0,0.0,611.09716796875,-116.6805419921875
85.091,136,2,0.0,0.0,611.09716796875,-116.6805419921875
85.117,136,2,0.0,0.0,611.09716796875,-116.6805419921875
85.131,136,2,0.0,0.0,611.09716796875,-116.6805419921875
85.131,136,2,0.0,0.0,611.09716796875,-116.6805419921875
85.131,136,2,0.0,0.0,611.09716796875,-116.6805419921875
85.181,136,2,0.0,0.0,611.09716796875,-116.6805419921875
85.211,136,2,0.0,0.0,611.09716796875,-116.6805419921875
85.211,136,2,0.0,0.0,611.09716796875,-116.6805419921875
85.212,136,2,0.0,0.0,611.09716796875,-116.6805419921875
85.251,136,2,0.0,0.0,611.09716796875,-116.6805419921875
85.251,136,2,0.0,0.0,611.09716796875,-116.6805419921875
85.251,136,2,0.0,0.0,611.09716796875,-116.6805419921875
85.291,136,2,0.0,0.0,611.09716796875,-116.6805419921875
85.291,136,2,0.0,0.0,611.09716796875,-116.6805419921875
85.291,136,2,0.0,0.0,611.09716796875,-116.6805419921875
85.318,136,2,0.0,0.0,611.09716796875,-116.6805419921875
85.331,136,2,0.0,0.0,611.09716796875,-116.6805419921875
85.331,136,2,0.0,0.0,611.09716796875,-116.6805419921875
85.331,136,2,0.0,0.0,611.09716796875,-116.6805419921875
85.381,136,2,0.0,0.0,611.09716796875,-116.6805419921875
85.411,136,2,0.0,0.0,611.09716796875,-116.6805419921875
85.411,136,2,0.0,0.0,611.09716796875,-116.6805419921875
85.411,136,2,0.0,0.0,611.09716796875,-116.6805419921875
85.451,136,2,0.0,0.0,611.09716796875,-116.6805419921875
85.452,136,2,0.0,0.0,611.09716796875,-116.6805419921875
85.452,136,2,0.0,0.0,611.09716796875,-116.6805419921875
85.467,136,2,0.0,0.0,611.09716796875,-116.6805419921875
85.491,136,2,0.0,0.0,611.09716796875,-116.6805419921875
85.491,136,2,0.0,0.0,611.09716796875,-116.6805419921875
85.491,136,2,0.0,0.0,611.09716796875,-116.6805419921875
85.517,136,2,0.0,0.0,611.09716796875,-116.6805419921875
85.532,136,2,0.0,0.0,611.09716796875,-116.6805419921875
85.532,136,2,0.0,0.0,611.09716796875,-116.6805419921875
85.532,136,2,0.0,0.0,611.09716796875,-116.6805419921875
85.571,136,2,0.0,0.0,611.09716796875,-116.6805419921875
85.611,136,2,0.0,0.0,611.09716796875,-116.6805419921875
85.611,136,2,0.0,0.0,611.09716796875,-116.6805419921875
85.612,136,2,0.0,0.0,611.09716796875,-116.6805419921875
85.651,136,2,0.0,0.0,611.09716796875,-116.6805419921875
85.651,136,2,0.0,0.0,611.09716796875,-116.6805419921875
85.651,136,2,0.0,0.0,611.09716796875,-116.6805419921875
85.667,136,2,0.0,0.0,611.09716796875,-116.6805419921875
85.691,136,2,0.0,0.0,611.09716796875,-116.6805419921875
85.691,136,2,0.0,0.0,611.09716796875,-116.6805419921875
85.691,136,2,0.0,0.0,611.09716796875,-116.6805419921875
85.717,136,2,0.0,0.0,611.09716796875,-116.6805419921875
85.732,136,2,0.0,0.0,611.09716796875,-116.6805419921875
85.732,136,2,0.0,0.0,611.09716796875,-116.6805419921875
85.732,136,2,0.0,0.0,611.09716796875,-116.6805419921875
85.77,136,2,0.0,0.0,611.09716796875,-116.6805419921875
85.812,136,2,0.0,0.0,611.09716796875,-116.6805419921875
85.812,136,2,0.0,0.0,611.09716796875,-116.6805419921875
85.812,136,2,0.0,0.0,611.09716796875,-116.6805419921875
85.851,136,2,0.0,0.0,611.09716796875,-116.6805419921875
85.852,136,2,0.0,0.0,611.09716796875,-116.6805419921875
85.852,136,2,0.0,0.0,611.09716796875,-116.6805419921875
85.868,136,2,0.0,0.0,611.09716796875,-116.6805419921875
85.891,136,2,0.0,0.0,611.09716796875,-116.6805419921875
85.891,136,2,0.0,0.0,611.09716796875,-116.6805419921875
85.892,136,2,0.0,0.0,611.09716796875,-116.6805419921875
85.931,136,2,0.0,0.0,611.09716796875,-116.6805419921875
85.931,136,2,0.0,0.0,611.09716796875,-116.6805419921875
85.931,136,2,0.0,0.0,611.09716796875,-116.6805419921875
85.966,136,2,0.0,0.0,611.09716796875,-116.6805419921875
86.011,136,2,0.0,0.0,611.09716796875,-116.6805419921875
86.011,136,2,0.0,0.0,611.09716796875,-116.6805419921875
86.012,136,2,0.0,0.0,611.09716796875,-116.6805419921875
86.051,136,2,0.0,0.0,611.09716796875,-116.6805419921875
86.052,136,2,0.0,0.0,611.09716796875,-116.6805419921875
86.052,136,2,0.0,0.0,611.09716796875,-116.6805419921875
86.068,136,2,0.0,0.0,611.09716796875,-116.6805419921875
86.092,136,2,0.0,0.0,611.09716796875,-116.6805419921875
86.092,136,2,0.0,0.0,611.09716796875,-116.6805419921875
86.093,136,2,0.0,0.0,611.09716796875,-116.6805419921875
86.12,136,2,0.0,0.0,611.09716796875,-116.6805419921875
86.131,136,2,0.0,0.0,611.09716796875,-116.6805419921875
86.131,136,2,0.0,0.0,611.09716796875,-116.6805419921875
86.132,136,2,0.0,0.0,611.09716796875,-116.6805419921875
86.169,136,2,0.0,0.0,611.09716796875,-116.6805419921875
86.211,136,2,0.0,0.0,611.09716796875,-116.6805419921875
86.212,136,2,0.0,0.0,611.09716796875,-116.6805419921875
86.212,136,2,0.0,0.0,611.09716796875,-116.6805419921875
86.251,136,2,0.0,0.0,611.09716796875,-116.6805419921875
86.251,136,2,0.0,0.0,611.09716796875,-116.6805419921875
86.252,136,2,0.0,0.0,611.09716796875,-116.6805419921875
86.269,136,2,0.0,0.0,611.09716796875,-116.6805419921875
86.291,136,2,0.0,0.0,611.09716796875,-116.6805419921875
86.292,136,2,0.0,0.0,611.09716796875,-116.6805419921875
86.292,136,2,0.0,0.0,611.09716796875,-116.6805419921875
86.32,136,2,0.0,0.0,611.09716796875,-116.6805419921875
86.331,136,2,0.0,0.0,611.09716796875,-116.6805419921875
86.332,136,2,0.0,0.0,611.09716796875,-116.6805419921875
86.332,136,2,0.0,0.0,611.09716796875,-116.6805419921875
86.383,136,2,0.0,0.0,611.09716796875,-116.6805419921875
86.411,136,2,0.0,0.0,611.09716796875,-116.6805419921875
86.411,136,2,0.0,0.0,611.09716796875,-116.6805419921875
86.412,136,2,0.0,0.0,611.09716796875,-116.6805419921875
86.452,136,2,0.0,0.0,611.09716796875,-116.6805419921875
86.452,136,2,0.0,0.0,611.09716796875,-116.6805419921875
86.452,136,2,0.0,0.0,611.09716796875,-116.6805419921875
86.492,136,2,0.0,0.0,611.09716796875,-116.6805419921875
86.492,136,2,0.0,0.0,611.09716796875,-116.6805419921875
86.492,136,2,0.0,0.0,611.09716796875,-116.6805419921875
86.517,136,2,0.0,0.0,611.09716796875,-116.6805419921875
86.531,136,2,0.0,0.0,611.09716796875,-116.6805419921875
86.532,136,2,0.0,0.0,611.09716796875,-116.6805419921875
86.532,136,2,0.0,0.0,611.09716796875,-116.6805419921875
86.569,136,2,0.0,0.0,611.09716796875,-116.6805419921875
86.611,136,2,0.0,0.0,611.09716796875,-116.6805419921875
86.611,136,2,0.0,0.0,611.09716796875,-116.6805419921875
86.612,136,2,0.0,0.0,611.09716796875,-116.6805419921875
86.651,136,2,0.0,0.0,611.09716796875,-116.6805419921875
86.652,136,2,0.0,0.0,611.09716796875,-116.6805419921875
86.652,136,2,0.0,0.0,611.09716796875,-116.6805419921875
86.692,136,2,0.0,0.0,611.09716796875,-116.6805419921875
86.692,136,2,0.0,0.0,611.09716796875,-116.6805419921875
86.692,136,2,0.0,0.0,611.09716796875,-116.6805419921875
86.731,136,2,0.0,0.0,611.09716796875,-116.6805419921875
86.731,136,2,0.0,0.0,611.09716796875,-116.6805419921875
86.732,136,2,0.0,0.0,611.09716796875,-116.6805419921875
86.782,136,2,0.0,0.0,611.09716796875,-116.6805419921875
86.811,136,2,0.0,0.0,611.09716796875,-116.6805419921875
86.811,136,2,0.0,0.0,611.09716796875,-116.6805419921875
86.812,136,2,0.0,0.0,611.09716796875,-116.6805419921875
86.851,136,2,0.0,0.0,611.09716796875,-116.6805419921875
86.852,136,2,0.0,0.0,611.09716796875,-116.6805419921875
86.852,136,2,0.0,0.0,611.09716796875,-116.6805419921875
86.891,136,2,0.0,0.0,611.09716796875,-116.6805419921875
86.892,136,2,0.0,0.0,611.09716796875,-116.6805419921875
86.892,136,2,0.0,0.0,611.09716796875,-116.6805419921875
86.915,136,2,0.0,0.0,611.09716796875,-116.6805419921875
86.931,136,2,0.0,0.0,611.09716796875,-116.6805419921875
86.932,136,2,0.0,0.0,611.09716796875,-116.6805419921875
86.932,136,2,0.0,0.0,611.09716796875,-116.6805419921875
86.983,136,2,0.0,0.0,611.09716796875,-116.6805419921875
87.012,136,2,0.0,0.0,611.09716796875,-116.6805419921875
87.012,136,2,0.0,0.0,611.09716796875,-116.6805419921875
87.012,136,2,0.0,0.0,611.09716796875,-116.6805419921875
87.051,136,2,0.0,0.0,611.09716796875,-116.6805419921875
87.052,136,2,0.0,0.0,611.09716796875,-116.6805419921875
87.052,136,2,0.0,0.0,611.09716796875,-116.6805419921875
87.068,136,2,0.0,0.0,611.09716796875,-116.6805419921875
87.091,136,2,0.0,0.0,611.09716796875,-116.6805419921875
87.092,136,2,0.0,0.0,611.09716796875,-116.6805419921875
87.092,136,2,0.0,0.0,611.09716796875,-116.6805419921875
87.117,136,2,0.0,0.0,611.09716796875,-116.6805419921875
87.132,136,2,0.0,0.0,611.09716796875,-116.6805419921875
87.132,136,2,0.0,0.0,611.09716796875,-116.6805419921875
87.133,136,2,0.0,0.0,611.09716796875,-116.6805419921875
87.167,136,2,0.0,0.0,611.09716796875,-116.6805419921875
87.212,136,2,0.0,0.0,611.09716796875,-116.6805419921875
87.212,136,2,0.0,0.0,611.09716796875,-116.6805419921875
87.212,136,2,0.0,0.0,611.09716796875,-116.6805419921875
87.251,136,2,0.0,0.0,611.09716796875,-116.6805419921875
87.252,136,2,0.0,0.0,611.09716796875,-116.6805419921875
87.253,136,2,0.0,0.0,611.09716796875,-116.6805419921875
87.291,136,2,0.0,0.0,611.09716796875,-116.6805419921875
87.292,136,2,0.0,0.0,611.09716796875,-116.6805419921875
87.292,136,2,0.0,0.0,611.09716796875,-116.6805419921875
87.322,136,2,0.0,0.0,611.09716796875,-116.6805419921875
87.331,136,1,0.0,0.0,611.09716796875,-116.6805419921875
87.332,136,1,0.0,0.0,611.09716796875,-116.6805419921875
87.332,136,1,0.0,0.0,611.09716796875,-116.6805419921875
87.383,136,1,0.0,0.0,611.09716796875,-116.6805419921875
87.412,136,1,0.0,0.0,611.09716796875,-116.6805419921875
87.412,136,1,0.0,0.0,611.09716796875,-116.6805419921875
87.413,136,1,0.0,0.0,611.09716796875,-116.6805419921875
87.451,136,1,0.0,0.0,611.09716796875,-116.6805419921875
87.451,136,1,0.0,0.0,611.09716796875,-116.6805419921875
87.451,136,1,0.0,0.0,611.09716796875,-116.6805419921875
87.491,136,1,0.0,0.0,611.09716796875,-116.6805419921875
87.491,136,1,0.0,0.0,611.09716796875,-116.6805419921875
87.492,136,1,0.0,0.0,611.09716796875,-116.6805419921875
87.532,136,1,0.0,0.0,611.09716796875,-116.6805419921875
87.532,136,1,0.0,0.0,611.09716796875,-116.6805419921875
87.532,136,1,0.0,0.0,611.09716796875,-116.6805419921875
87.567,136,1,0.0,0.0,611.09716796875,-116.6805419921875
87.611,136,1,0.0,0.0,611.09716796875,-116.6805419921875
87.611,136,1,0.0,0.0,611.09716796875,-116.6805419921875
87.611,136,1,0.0,0.0,611.09716796875,-116.6805419921875
87.652,136,1,0.0,0.0,611.09716796875,-116.6805419921875
87.652,136,1,0.0,0.0,611.09716796875,-116.6805419921875
87.652,136,1,0.0,0.0,611.09716796875,-116.6805419921875
87.692,136,1,0.0,0.0,611.09716796875,-116.6805419921875
87.692,136,1,0.0,0.0,611.09716796875,-116.6805419921875
87.692,136,1,0.0,0.0,611.09716796875,-116.6805419921875
87.717,136,1,0.0,0.0,611.09716796875,-116.6805419921875
87.73,136,1,0.0,0.0,611.09716796875,-116.6805419921875
87.731,136,1,0.0,0.0,611.09716796875,-116.6805419921875
87.731,136,1,0.0,0.0,611.09716796875,-116.6805419921875
87.781,136,1,0.0,0.0,611.09716796875,-116.6805419921875
87.811,136,1,0.0,0.0,611.09716796875,-116.6805419921875
87.812,136,1,0.0,0.0,611.09716796875,-116.6805419921875
87.813,136,1,0.0,0.0,611.09716796875,-116.6805419921875
87.851,136,1,0.0,0.0,611.09716796875,-116.6805419921875
87.851,136,1,0.0,0.0,611.09716796875,-116.6805419921875
87.852,136,1,0.0,0.0,611.09716796875,-116.6805419921875
87.868,136,1,0.0,0.0,611.09716796875,-116.6805419921875
87.891,136,1,0.0,0.0,611.09716796875,-116.6805419921875
87.891,136,1,0.0,0.0,611.09716796875,-116.6805419921875
87.891,136,1,0.0,0.0,611.09716796875,-116.6805419921875
87.931,136,1,0.0,0.0,611.09716796875,-116.6805419921875
87.931,136,1,0.0,0.0,611.09716796875,-116.6805419921875
87.932,136,1,0.0,0.0,611.09716796875,-116.6805419921875
87.968,136,1,0.0,0.0,611.09716796875,-116.6805419921875
88.011,136,1,0.0,0.0,611.09716796875,-116.6805419921875
88.011,136,1,0.0,0.0,611.09716796875,-116.6805419921875
88.012,136,1,0.0,0.0,611.09716796875,-116.6805419921875
88.051,136,1,0.0,0.0,611.09716796875,-116.6805419921875
88.052,136,1,0.0,0.0,611.09716796875,-116.6805419921875
88.053,136,1,0.0,0.0,611.09716796875,-116.6805419921875
88.065,136,1,0.0,0.0,611.09716796875,-116.6805419921875
88.091,136,1,0.0,0.0,611.09716796875,-116.6805419921875
88.091,136,1,0.0,0.0,611.09716796875,-116.6805419921875
88.092,136,1,0.0,0.0,611.09716796875,-116.6805419921875
88.118,136,1,0.0,0.0,611.09716796875,-116.6805419921875
88.131,136,1,0.0,0.0,611.09716796875,-116.6805419921875
88.131,136,1,0.0,0.0,611.09716796875,-116.6805419921875
88.132,136,1,0.0,0.0,611.09716796875,-116.6805419921875
88.182,136,1,0.0,0.0,611.09716796875,-116.6805419921875
88.211,136,1,0.0,0.0,611.09716796875,-116.6805419921875
88.211,136,1,0.0,0.0,611.09716796875,-116.6805419921875
88.211,136,1,0.0,0.0,611.09716796875,-116.6805419921875
88.252,136,1,0.0,0.0,611.09716796875,-116.6805419921875
88.253,136,1,0.0,0.0,611.09716796875,-116.6805419921875
88.253,136,1,0.0,0.0,611.09716796875,-116.6805419921875
88.291,136,1,0.0,0.0,611.09716796875,-116.6805419921875
88.292,136,1,0.0,0.0,611.09716796875,-116.6805419921875
88.292,136,1,0.0,0.0,611.09716796875,-116.6805419921875
88.319,136,1,0.0,0.0,611.09716796875,-116.6805419921875
88.331,136,1,0.0,0.0,611.09716796875,-116.6805419921875
88.331,136,1,0.0,0.0,611.09716796875,-116.6805419921875
88.331,136,1,0.0,0.0,611.09716796875,-116.6805419921875
88.369,136,1,0.0,0.0,611.09716796875,-116.6805419921875
88.411,136,1,0.0,0.0,611.09716796875,-116.6805419921875
88.411,136,1,0.0,0.0,611.09716796875,-116.6805419921875
88.411,136,1,0.0,0.0,611.09716796875,-116.6805419921875
88.451,136,1,0.0,0.0,611.09716796875,-116.6805419921875
88.452,136,1,0.0,0.0,611.09716796875,-116.6805419921875
88.452,136,1,0.0,0.0,611.09716796875,-116.6805419921875
88.493,136,1,0.0,0.0,611.09716796875,-116.6805419921875
88.493,136,1,0.0,0.0,611.09716796875,-116.6805419921875
88.493,136,1,0.0,0.0,611.09716796875,-116.6805419921875
88.517,136,1,0.0,0.0,611.09716796875,-116.6805419921875
88.532,136,1,0.0,0.0,611.09716796875,-116.6805419921875
88.532,136,1,0.0,0.0,611.09716796875,-116.6805419921875
88.533,136,1,0.0,0.0,611.09716796875,-116.6805419921875
88.566,136,1,0.0,0.0,611.09716796875,-116.6805419921875
88.611,136,1,0.0,0.0,611.09716796875,-116.6805419921875
88.611,136,1,0.0,0.0,611.09716796875,-116.6805419921875
88.611,136,1,0.0,0.0,611.09716796875,-116.6805419921875
88.652,136,1,0.0,0.0,611.09716796875,-116.6805419921875
88.652,136,1,0.0,0.0,611.09716796875,-116.6805419921875
88.652,136,1,0.0,0.0,611.09716796875,-116.6805419921875
88.671,136,1,0.0,0.0,611.09716796875,-116.6805419921875
88.692,136,1,0.0,0.0,611.09716796875,-116.6805419921875
88.692,136,1,0.0,0.0,611.09716796875,-116.6805419921875
88.693,136,1,0.0,0.0,611.09716796875,-116.6805419921875
88.72,136,1,0.0,0.0,611.09716796875,-116.6805419921875
88.731,136,1,0.0,0.0,611.09716796875,-116.6805419921875
88.731,136,1,0.0,0.0,611.09716796875,-116.6805419921875
88.731,136,1,0.0,0.0,611.09716796875,-116.6805419921875
88.767,136,1,0.0,0.0,611.09716796875,-116.6805419921875
88.812,136,1,0.0,0.0,611.09716796875,-116.6805419921875
88.812,136,1,0.0,0.0,611.09716796875,-116.6805419921875
88.812,136,1,0.0,0.0,611.09716796875,-116.6805419921875
88.851,136,1,0.0,0.0,611.09716796875,-116.6805419921875
88.852,136,1,0.0,0.0,611.09716796875,-116.6805419921875
88.853,136,1,0.0,0.0,611.09716796875,-116.6805419921875
88.873,136,1,0.0,0.0,611.09716796875,-116.6805419921875
88.891,136,1,0.0,0.0,611.09716796875,-116.6805419921875
88.891,136,1,0.0,0.0,611.09716796875,-116.6805419921875
88.892,136,1,0.0,0.0,611.09716796875,-116.6805419921875
88.915,136,1,0.0,0.0,611.09716796875,-116.6805419921875
88.931,136,1,0.0,0.0,611.09716796875,-116.6805419921875
88.931,136,1,0.0,0.0,611.09716796875,-116.6805419921875
88.931,136,1,0.0,0.0,611.09716796875,-116.6805419921875
88.968,136,1,0.0,0.0,611.09716796875,-116.6805419921875
89.011,136,1,0.0,0.0,611.09716796875,-116.6805419921875
89.011,136,1,0.0,0.0,611.09716796875,-116.6805419921875
89.011,136,1,0.0,0.0,611.09716796875,-116.6805419921875
89.051,136,1,0.0,0.0,611.09716796875,-116.6805419921875
89.052,136,1,0.0,0.0,611.09716796875,-116.6805419921875
89.052,136,1,0.0,0.0,611.09716796875,-116.6805419921875
89.068,136,1,0.0,0.0,611.09716796875,-116.6805419921875
89.092,136,1,0.0,0.0,611.09716796875,-116.6805419921875
89.092,136,1,0.0,0.0,611.09716796875,-116.6805419921875
89.092,136,1,0.0,0.0,611.09716796875,-116.6805419921875
89.116,136,1,0.0,0.0,611.09716796875,-116.6805419921875
89.131,136,1,0.0,0.0,611.09716796875,-116.6805419921875
89.131,136,1,0.0,0.0,611.09716796875,-116.6805419921875
89.132,136,1,0.0,0.0,611.09716796875,-116.6805419921875
89.182,136,1,0.0,0.0,611.09716796875,-116.6805419921875
89.211,136,1,0.0,0.0,611.09716796875,-116.6805419921875
89.211,136,1,0.0,0.0,611.09716796875,-116.6805419921875
89.211,136,1,0.0,0.0,611.09716796875,-116.6805419921875
89.251,136,1,0.0,0.0,611.09716796875,-116.6805419921875
89.251,136,1,0.0,0.0,611.09716796875,-116.6805419921875
89.252,136,1,0.0,0.0,611.09716796875,-116.6805419921875
89.269,136,1,0.0,0.0,611.09716796875,-116.6805419921875
89.291,136,1,0.0,0.0,611.09716796875,-116.6805419921875
89.291,136,1,0.0,0.0,611.09716796875,-116.6805419921875
89.292,136,1,0.0,0.0,611.09716796875,-116.6805419921875
89.319,136,1,0.0,0.0,611.09716796875,-116.6805419921875
89.332,136,1,0.0,0.0,611.09716796875,-116.6805419921875
89.332,136,1,0.0,0.0,611.09716796875,-116.6805419921875
89.332,136,1,0.0,0.0,611.09716796875,-116.6805419921875
89.382,136,1,0.0,0.0,611.09716796875,-116.6805419921875
89.411,136,1,0.0,0.0,611.09716796875,-116.6805419921875
89.411,136,1,0.0,0.0,611.09716796875,-116.6805419921875
89.411,136,1,0.0,0.0,611.09716796875,-116.6805419921875
89.451,136,1,0.0,0.0,611.09716796875,-116.6805419921875
89.452,136,1,0.0,0.0,611.09716796875,-116.6805419921875
89.452,136,1,0.0,0.0,611.09716796875,-116.6805419921875
89.467,136,1,0.0,0.0,611.09716796875,-116.6805419921875
89.491,136,1,0.0,0.0,611.09716796875,-116.6805419921875
89.491,136,1,0.0,0.0,611.09716796875,-116.6805419921875
89.492,136,1,0.0,0.0,611.09716796875,-116.6805419921875
89.52,136,1,0.0,0.0,611.09716796875,-116.6805419921875
89.531,136,1,0.0,0.0,611.09716796875,-116.6805419921875
89.531,136,1,0.0,0.0,611.09716796875,-116.6805419921875
89.532,136,1,0.0,0.0,611.09716796875,-116.6805419921875
89.566,136,1,0.0,0.0,611.09716796875,-116.6805419921875
89.611,136,1,0.0,0.0,611.09716796875,-116.6805419921875
89.611,136,1,0.0,0.0,611.09716796875,-116.6805419921875
89.612,136,1,0.0,0.0,611.09716796875,-116.6805419921875
89.651,136,1,0.0,0.0,611.09716796875,-116.6805419921875
89.652,136,1,0.0,0.0,611.09716796875,-116.6805419921875
89.652,136,1,0.0,0.0,611.09716796875,-116.6805419921875
89.665,136,1,0.0,0.0,611.09716796875,-116.6805419921875
89.691,136,1,0.0,0.0,611.09716796875,-116.6805419921875
89.692,136,1,0.0,0.0,611.09716796875,-116.6805419921875
89.692,136,1,0.0,0.0,611.09716796875,-116.6805419921875
89.718,136,1,0.0,0.0,611.09716796875,-116.6805419921875
89.731,136,1,0.0,0.0,611.09716796875,-116.6805419921875
89.731,136,1,0.0,0.0,611.09716796875,-116.6805419921875
89.731,136,1,0.0,0.0,611.09716796875,-116.6805419921875
89.781,136,1,0.0,0.0,611.09716796875,-116.6805419921875
89.811,136,1,0.0,0.0,611.09716796875,-116.6805419921875
89.811,136,1,0.0,0.0,611.09716796875,-116.6805419921875
89.811,136,1,0.0,0.0,611.09716796875,-116.6805419921875
89.852,136,1,0.0,0.0,611.09716796875,-116.6805419921875
89.852,136,1,0.0,0.0,611.09716796875,-116.6805419921875
89.852,136,1,0.0,0.0,611.09716796875,-116.6805419921875
89.867,136,1,0.0,0.0,611.09716796875,-116.6805419921875
89.894,136,1,0.0,0.0,611.09716796875,-116.6805419921875
89.894,136,1,0.0,0.0,611.09716796875,-116.6805419921875
89.895,136,1,0.0,0.0,611.09716796875,-116.6805419921875
89.931,136,1,0.0,0.0,611.09716796875,-116.6805419921875
89.931,136,1,0.0,0.0,611.09716796875,-116.6805419921875
89.932,136,1,0.0,0.0,611.09716796875,-116.6805419921875
89.983,136,1,0.0,0.0,611.09716796875,-116.6805419921875
90.011,136,1,0.0,0.0,611.09716796875,-116.6805419921875
90.011,136,1,0.0,0.0,611.09716796875,-116.6805419921875
90.011,136,1,0.0,0.0,611.09716796875,-116.6805419921875
90.051,136,1,0.0,0.0,611.09716796875,-116.6805419921875
90.051,136,1,0.0,0.0,611.09716796875,-116.6805419921875
90.051,136,1,0.0,0.0,611.09716796875,-116.6805419921875
90.07,136,1,0.0,0.0,611.09716796875,-116.6805419921875
90.091,136,1,0.0,0.0,611.09716796875,-116.6805419921875
90.091,136,1,0.0,0.0,611.09716796875,-116.6805419921875
90.091,136,1,0.0,0.0,611.09716796875,-116.6805419921875
90.115,136,1,0.0,0.0,611.09716796875,-116.6805419921875
90.131,136,1,0.0,0.0,611.09716796875,-116.6805419921875
90.131,136,1,0.0,0.0,611.09716796875,-116.6805419921875
90.132,136,1,0.0,0.0,611.09716796875,-116.6805419921875
90.182,136,1,0.0,0.0,611.09716796875,-116.6805419921875
90.211,136,1,0.0,0.0,611.09716796875,-116.6805419921875
90.211,136,1,0.0,0.0,611.09716796875,-116.6805419921875
90.211,136,1,0.0,0.0,611.09716796875,-116.6805419921875
90.251,136,1,0.0,0.0,611.09716796875,-116.6805419921875
90.252,136,1,0.0,0.0,611.09716796875,-116.6805419921875
90.252,136,1,0.0,0.0,611.09716796875,-116.6805419921875
90.291,136,1,0.0,0.0,611.09716796875,-116.6805419921875
90.292,136,1,0.0,0.0,611.09716796875,-116.6805419921875
90.292,136,1,0.0,0.0,611.09716796875,-116.6805419921875
90.318,136,1,0.0,0.0,611.09716796875,-116.6805419921875
90.332,136,1,0.0,0.0,611.09716796875,-116.6805419921875
90.332,136,1,0.0,0.0,611.09716796875,-116.6805419921875
90.332,136,1,0.0,0.0,611.09716796875,-116.6805419921875
90.367,136,1,0.0,0.0,611.09716796875,-116.6805419921875
90.411,136,1,0.0,0.0,611.09716796875,-116.6805419921875
90.411,136,1,0.0,0.0,611.09716796875,-116.6805419921875
90.411,136,1,0.0,0.0,611.09716796875,-116.6805419921875
90.455,136,1,0.0,0.0,611.09716796875,-116.6805419921875
90.455,136,1,0.0,0.0,611.09716796875,-116.6805419921875
90.455,136,1,0.0,0.0,611.09716796875,-116.6805419921875
90.468,136,1,0.0,0.0,611.09716796875,-116.6805419921875
90.492,136,1,0.0,0.0,611.09716796875,-116.6805419921875
90.492,136,1,0.0,0.0,611.09716796875,-116.6805419921875
90.493,136,1,0.0,0.0,611.09716796875,-116.6805419921875
90.519,136,1,0.0,0.0,611.09716796875,-116.6805419921875
90.531,136,1,0.0,0.0,611.09716796875,-116.6805419921875
90.532,136,1,0.0,0.0,611.09716796875,-116.6805419921875
90.532,136,1,0.0,0.0,611.09716796875,-116.6805419921875
90.582,136,1,0.0,0.0,611.09716796875,-116.6805419921875
90.611,136,1,0.0,0.0,611.09716796875,-116.6805419921875
90.611,136,1,0.0,0.0,611.09716796875,-116.6805419921875
90.612,136,1,0.0,0.0,611.09716796875,-116.6805419921875
90.651,136,1,0.0,0.0,611.09716796875,-116.6805419921875
90.651,136,1,0.0,0.0,611.09716796875,-116.6805419921875
90.651,136,1,0.0,0.0,611.09716796875,-116.6805419921875
90.691,136,1,0.0,0.0,611.09716796875,-116.6805419921875
90.692,136,1,0.0,0.0,611.09716796875,-116.6805419921875
90.692,136,1,0.0,0.0,611.09716796875,-116.6805419921875
90.731,136,1,0.0,0.0,611.09716796875,-116.6805419921875
90.731,136,1,0.0,0.0,611.09716796875,-116.6805419921875
90.731,136,1,0.0,0.0,611.09716796875,-116.6805419921875
90.782,136,1,0.0,0.0,611.09716796875,-116.6805419921875
90.811,136,1,0.0,0.0,611.09716796875,-116.6805419921875
90.811,136,1,0.0,0.0,611.09716796875,-116.6805419921875
90.812,136,1,0.0,0.0,611.09716796875,-116.6805419921875
90.851,136,1,0.0,0.0,611.09716796875,-116.6805419921875
90.852,136,1,0.0,0.0,611.09716796875,-116.6805419921875
90.852,136,1,0.0,0.0,611.09716796875,-116.6805419921875
90.866,136,1,0.0,0.0,611.09716796875,-116.6805419921875
90.891,136,1,0.0,0.0,611.09716796875,-116.6805419921875
90.891,136,1,0.0,0.0,611.09716796875,-116.6805419921875
90.892,136,1,0.0,0.0,611.09716796875,-116.6805419921875
90.933,136,1,0.0,0.0,611.09716796875,-116.6805419921875
90.933,136,1,0.0,0.0,611.09716796875,-116.6805419921875
90.933,136,1,0.0,0.0,611.09716796875,-116.6805419921875
90.967,136,1,0.0,0.0,611.09716796875,-116.6805419921875
91.01,136,1,0.0,0.0,611.09716796875,-116.6805419921875
91.011,136,1,0.0,0.0,611.09716796875,-116.6805419921875
91.011,136,1,0.0,0.0,611.09716796875,-116.6805419921875
91.051,136,1,0.0,0.0,611.09716796875,-116.6805419921875
91.051,136,1,0.0,0.0,611.09716796875,-116.6805419921875
91.052,136,1,0.0,0.0,611.09716796875,-116.6805419921875
91.068,136,1,0.0,0.0,611.09716796875,-116.6805419921875
91.091,136,1,0.0,0.0,611.09716796875,-116.6805419921875
91.091,136,1,0.0,0.0,611.09716796875,-116.6805419921875
91.091,136,1,0.0,0.0,611.09716796875,-116.6805419921875
91.132,136,1,0.0,0.0,611.09716796875,-116.6805419921875
91.132,136,1,0.0,0.0,611.09716796875,-116.6805419921875
91.132,136,1,0.0,0.0,611.09716796875,-116.6805419921875
91.183,136,1,0.0,0.0,611.09716796875,-116.6805419921875
91.211,136,1,0.0,0.0,611.09716796875,-116.6805419921875
91.211,136,1,0.0,0.0,611.09716796875,-116.6805419921875
91.211,136,1,0.0,0.0,611.09716796875,-116.6805419921875
91.253,136,1,0.0,0.0,611.09716796875,-116.6805419921875
91.253,136,1,0.0,0.0,611.09716796875,-116.6805419921875
91.253,136,1,0.0,0.0,611.09716796875,-116.6805419921875
91.268,136,1,0.0,0.0,611.09716796875,-116.6805419921875
91.291,136,1,0.0,0.0,611.09716796875,-116.6805419921875
91.291,136,1,0.0,0.0,611.09716796875,-116.6805419921875
91.291,136,1,0.0,0.0,611.09716796875,-116.6805419921875
91.331,136,1,0.0,0.0,611.09716796875,-116.6805419921875
91.331,136,1,0.0,0.0,611.09716796875,-116.6805419921875
91.332,136,1,0.0,0.0,611.09716796875,-116.6805419921875
91.365,136,1,0.0,0.0,611.09716796875,-116.6805419921875
91.411,136,1,0.0,0.0,611.09716796875,-116.6805419921875
91.411,136,1,0.0,0.0,611.09716796875,-116.6805419921875
91.412,136,1,0.0,0.0,611.09716796875,-116.6805419921875
91.452,136,1,0.0,0.0,611.09716796875,-116.6805419921875
91.452,136,1,0.0,0.0,611.09716796875,-116.6805419921875
91.452,136,1,0.0,0.0,611.09716796875,-116.6805419921875
91.469,136,1,0.0,0.0,611.09716796875,-116.6805419921875
91.491,136,1,0.0,0.0,611.09716796875,-116.6805419921875
91.491,136,1,0.0,0.0,611.09716796875,-116.6805419921875
91.491,136,1,0.0,0.0,611.09716796875,-116.6805419921875
91.517,136,1,0.0,0.0,611.09716796875,-116.6805419921875
91.531,136,1,0.0,0.0,611.09716796875,-116.6805419921875
91.531,136,1,0.0,0.0,611.09716796875,-116.6805419921875
91.531,136,1,0.0,0.0,611.09716796875,-116.6805419921875
91.568,136,1,0.0,0.0,611.09716796875,-116.6805419921875
91.612,136,1,0.0,0.0,611.09716796875,-116.6805419921875
91.612,136,1,0.0,0.0,611.09716796875,-116.6805419921875
91.612,136,1,0.0,0.0,611.09716796875,-116.6805419921875
91.651,136,1,0.0,0.0,611.09716796875,-116.6805419921875
91.652,136,1,0.0,0.0,611.09716796875,-116.6805419921875
91.652,136,1,0.0,0.0,611.09716796875,-116.6805419921875
91.669,136,1,0.0,0.0,611.09716796875,-116.6805419921875
91.691,136,1,0.0,0.0,611.09716796875,-116.6805419921875
91.692,136,1,0.0,0.0,611.09716796875,-116.6805419921875
91.692,136,1,0.0,0.0,611.09716796875,-116.6805419921875
91.732,136,1,0.0,0.0,611.09716796875,-116.6805419921875
91.732,136,1,0.0,0.0,611.09716796875,-116.6805419921875
91.733,136,1,0.0,0.0,611.09716796875,-116.6805419921875
91.783,136,1,0.0,0.0,611.09716796875,-116.6805419921875
91.811,136,1,0.0,0.0,611.09716796875,-116.6805419921875
91.811,136,1,0.0,0.0,611.09716796875,-116.6805419921875
91.812,136,1,0.0,0.0,611.09716796875,-116.6805419921875
91.851,136,1,0.0,0.0,611.09716796875,-116.6805419921875
91.851,136,1,0.0,0.0,611.09716796875,-116.6805419921875
91.851,136,1,0.0,0.0,611.09716796875,-116.6805419921875
91.867,136,1,0.0,0.0,611.09716796875,-116.6805419921875
91.891,136,1,0.0,0.0,611.09716796875,-116.6805419921875
91.891,136,1,0.0,0.0,611.09716796875,-116.6805419921875
91.892,136,1,0.0,0.0,611.09716796875,-116.6805419921875
91.926,136,1,0.0,0.0,611.09716796875,-116.6805419921875
91.931,136,1,0.0,0.0,611.09716796875,-116.6805419921875
91.931,136,1,0.0,0.0,611.09716796875,-116.6805419921875
91.932,136,1,0.0,0.0,611.09716796875,-116.6805419921875
91.966,136,1,0.0,0.0,611.09716796875,-116.6805419921875
92.012,136,1,0.0,0.0,611.09716796875,-116.6805419921875
92.012,136,1,0.0,0.0,611.09716796875,-116.6805419921875
92.013,136,1,0.0,0.0,611.09716796875,-116.6805419921875
92.051,136,1,0.0,0.0,611.09716796875,-116.6805419921875
92.052,136,1,0.0,0.0,611.09716796875,-116.6805419921875
92.052,136,1,0.0,0.0,611.09716796875,-116.6805419921875
92.067,136,1,0.0,0.0,611.09716796875,-116.6805419921875
92.091,136,1,0.0,0.0,611.09716796875,-116.6805419921875
92.091,136,1,0.0,0.0,611.09716796875,-116.6805419921875
92.091,136,1,0.0,0.0,611.09716796875,-116.6805419921875
92.116,136,1,0.0,0.0,611.09716796875,-116.6805419921875
92.131,136,1,0.0,0.0,611.09716796875,-116.6805419921875
92.131,136,1,0.0,0.0,611.09716796875,-116.6805419921875
92.131,136,1,0.0,0.0,611.09716796875,-116.6805419921875
92.182,136,1,0.0,0.0,611.09716796875,-116.6805419921875
92.211,136,1,0.0,0.0,611.09716796875,-116.6805419921875
92.212,136,1,0.0,0.0,611.09716796875,-116.6805419921875
92.212,136,1,0.0,0.0,611.09716796875,-116.6805419921875
92.252,136,1,0.0,0.0,611.09716796875,-116.6805419921875
92.252,136,1,0.0,0.0,611.09716796875,-116.6805419921875
92.253,136,1,0.0,0.0,611.09716796875,-116.6805419921875
92.268,136,1,0.0,0.0,611.09716796875,-116.6805419921875
92.292,136,1,0.0,0.0,611.09716796875,-116.6805419921875
92.292,136,1,0.0,0.0,611.09716796875,-116.6805419921875
92.292,136,1,0.0,0.0,611.09716796875,-116.6805419921875
92.331,136,1,0.0,0.0,611.09716796875,-116.6805419921875
92.331,136,1,0.0,0.0,611.09716796875,-116.6805419921875
92.331,136,1,0.0,0.0,611.09716796875,-116.6805419921875
92.366,136,1,0.0,0.0,611.09716796875,-116.6805419921875
92.411,136,1,0.0,0.0,611.09716796875,-116.6805419921875
92.411,136,1,0.0,0.0,611.09716796875,-116.6805419921875
92.411,136,1,0.0,0.0,611.09716796875,-116.6805419921875
92.451,136,1,0.0,0.0,611.09716796875,-116.6805419921875
92.452,136,1,0.0,0.0,611.09716796875,-116.6805419921875
92.452,136,1,0.0,0.0,611.09716796875,-116.6805419921875
92.491,136,1,0.0,0.0,611.09716796875,-116.6805419921875
92.491,136,1,0.0,0.0,611.09716796875,-116.6805419921875
92.491,136,1,0.0,0.0,611.09716796875,-116.6805419921875
92.517,136,1,0.0,0.0,611.09716796875,-116.6805419921875
92.532,136,1,0.0,0.0,611.09716796875,-116.6805419921875
92.533,136,1,0.0,0.0,611.09716796875,-116.6805419921875
92.534,136,1,0.0,0.0,611.09716796875,-116.6805419921875
92.566,136,1,0.0,0.0,611.09716796875,-116.6805419921875
92.611,136,1,0.0,0.0,611.09716796875,-116.6805419921875
92.611,136,1,0.0,0.0,611.09716796875,-116.6805419921875
92.611,136,1,0.0,0.0,611.09716796875,-116.6805419921875
92.651,136,1,0.0,0.0,611.09716796875,-116.6805419921875
92.651,136,1,0.0,0.0,611.09716796875,-116.6805419921875
92.651,136,1,0.0,0.0,611.09716796875,-116.6805419921875
92.666,136,1,0.0,0.0,611.09716796875,-116.6805419921875
92.692,136,1,0.0,0.0,611.09716796875,-116.6805419921875
92.692,136,1,0.0,0.0,611.09716796875,-116.6805419921875
92.692,136,1,0.0,0.0,611.09716796875,-116.6805419921875
92.72,136,1,0.0,0.0,611.09716796875,-116.6805419921875
92.731,136,1,0.0,0.0,611.09716796875,-116.6805419921875
92.731,136,1,0.0,0.0,611.09716796875,-116.6805419921875
92.733,136,1,0.0,0.0,611.09716796875,-116.6805419921875
92.783,136,1,0.0,0.0,611.09716796875,-116.6805419921875
92.812,136,1,0.0,0.0,611.09716796875,-116.6805419921875
92.812,136,1,0.0,0.0,611.09716796875,-116.6805419921875
92.812,136,1,0.0,0.0,611.09716796875,-116.6805419921875
92.852,136,1,0.0,0.0,611.09716796875,-116.6805419921875
92.852,136,1,0.0,0.0,611.09716796875,-116.6805419921875
92.852,136,1,0.0,0.0,611.09716796875,-116.6805419921875
92.868,136,1,0.0,0.0,611.09716796875,-116.6805419921875
92.89,136,1,0.0,0.0,611.09716796875,-116.6805419921875
92.891,136,1,0.0,0.0,611.09716796875,-116.6805419921875
92.891,136,1,0.0,0.0,611.09716796875,-116.6805419921875
92.918,136,1,0.0,0.0,611.09716796875,-116.6805419921875
92.931,136,1,0.0,0.0,611.09716796875,-116.6805419921875
92.931,136,1,0.0,0.0,611.09716796875,-116.6805419921875
92.931,136,1,0.0,0.0,611.09716796875,-116.6805419921875
92.969,136,1,0.0,0.0,611.09716796875,-116.6805419921875
93.011,136,1,0.0,0.0,611.09716796875,-116.6805419921875
93.012,136,1,0.0,0.0,611.09716796875,-116.6805419921875
93.012,136,1,0.0,0.0,611.09716796875,-116.6805419921875
93.051,136,1,0.0,0.0,611.09716796875,-116.6805419921875
93.052,136,1,0.0,0.0,611.09716796875,-116.6805419921875
93.052,136,1,0.0,0.0,611.09716796875,-116.6805419921875
93.069,136,1,0.0,0.0,611.09716796875,-116.6805419921875
93.091,136,1,0.0,0.0,611.09716796875,-116.6805419921875
93.091,136,1,0.0,0.0,611.09716796875,-116.6805419921875
93.091,136,1,0.0,0.0,611.09716796875,-116.6805419921875
93.117,136,1,0.0,0.0,611.09716796875,-116.6805419921875
93.131,136,1,0.0,0.0,611.09716796875,-116.6805419921875
93.131,136,1,0.0,0.0,611.09716796875,-116.6805419921875
93.131,136,1,0.0,0.0,611.09716796875,-116.6805419921875
93.182,136,1,0.0,0.0,611.09716796875,-116.6805419921875
93.211,136,1,0.0,0.0,611.09716796875,-116.6805419921875
93.211,136,1,0.0,0.0,611.09716796875,-116.6805419921875
93.212,136,1,0.0,0.0,611.09716796875,-116.6805419921875
93.251,136,1,0.0,0.0,611.09716796875,-116.6805419921875
93.251,136,1,0.0,0.0,611.09716796875,-116.6805419921875
93.251,136,1,0.0,0.0,611.09716796875,-116.6805419921875
93.269,136,1,0.0,0.0,611.09716796875,-116.6805419921875
93.292,136,1,0.0,0.0,611.09716796875,-116.6805419921875
93.292,136,1,0.0,0.0,611.09716796875,-116.6805419921875
93.293,136,1,0.0,0.0,611.09716796875,-116.6805419921875
93.332,136,1,0.0,0.0,611.09716796875,-116.6805419921875
93.332,136,1,0.0,0.0,611.09716796875,-116.6805419921875
93.333,136,1,0.0,0.0,611.09716796875,-116.6805419921875
93.368,136,1,0.0,0.0,611.09716796875,-116.6805419921875
93.411,136,1,0.0,0.0,611.09716796875,-116.6805419921875
93.411,136,1,0.0,0.0,611.09716796875,-116.6805419921875
93.411,136,1,0.0,0.0,611.09716796875,-116.6805419921875
93.451,136,1,0.0,0.0,611.09716796875,-116.6805419921875
93.451,136,1,0.0,0.0,611.09716796875,-116.6805419921875
93.452,136,1,0.0,0.0,611.09716796875,-116.6805419921875
93.467,136,1,0.0,0.0,611.09716796875,-116.6805419921875
93.492,136,1,0.0,0.0,611.09716796875,-116.6805419921875
93.492,136,1,0.0,0.0,611.09716796875,-116.6805419921875
93.492,136,1,0.0,0.0,611.09716796875,-116.6805419921875
93.517,136,1,0.0,0.0,611.09716796875,-116.6805419921875
93.532,136,1,0.0,0.0,611.09716796875,-116.6805419921875
93.532,136,1,0.0,0.0,611.09716796875,-116.6805419921875
93.532,136,1,0.0,0.0,611.09716796875,-116.6805419921875
93.582,136,1,0.0,0.0,611.09716796875,-116.6805419921875
93.612,136,1,0.0,0.0,611.09716796875,-116.6805419921875
93.612,136,1,0.0,0.0,611.09716796875,-116.6805419921875
93.612,136,1,0.0,0.0,611.09716796875,-116.6805419921875
93.651,136,1,0.0,0.0,611.09716796875,-116.6805419921875
93.651,136,1,0.0,0.0,611.09716796875,-116.6805419921875
93.652,136,1,0.0,0.0,611.09716796875,-116.6805419921875
93.668,136,1,0.0,0.0,611.09716796875,-116.6805419921875
93.692,136,1,0.0,0.0,611.09716796875,-116.6805419921875
93.692,136,1,0.0,0.0,611.09716796875,-116.6805419921875
93.692,136,1,0.0,0.0,611.09716796875,-116.6805419921875
93.731,136,1,0.0,0.0,611.09716796875,-116.6805419921875
93.732,136,1,0.0,0.0,611.09716796875,-116.6805419921875
93.734,136,1,0.0,0.0,611.09716796875,-116.6805419921875
93.768,136,1,0.0,0.0,611.09716796875,-116.6805419921875
93.811,136,1,0.0,0.0,611.09716796875,-116.6805419921875
93.811,136,1,0.0,0.0,611.09716796875,-116.6805419921875
93.812,136,1,0.0,0.0,611.09716796875,-116.6805419921875
93.852,136,1,0.0,0.0,611.09716796875,-116.6805419921875
93.853,136,1,0.0,0.0,611.09716796875,-116.6805419921875
93.853,136,1,0.0,0.0,611.09716796875,-116.6805419921875
93.869,136,1,0.0,0.0,611.09716796875,-116.6805419921875
93.892,136,1,0.0,0.0,611.09716796875,-116.6805419921875
93.892,136,1,0.0,0.0,611.09716796875,-116.6805419921875
93.893,136,1,0.0,0.0,611.09716796875,-116.6805419921875
93.921,136,1,0.0,0.0,611.09716796875,-116.6805419921875
93.931,136,1,0.0,0.0,611.09716796875,-116.6805419921875
93.932,136,1,0.0,0.0,611.09716796875,-116.6805419921875
93.934,136,1,0.0,0.0,611.09716796875,-116.6805419921875
93.984,136,1,0.0,0.0,611.09716796875,-116.6805419921875
94.011,136,1,0.0,0.0,611.09716796875,-116.6805419921875
94.011,136,1,0.0,0.0,611.09716796875,-116.6805419921875
94.011,136,1,0.0,0.0,611.09716796875,-116.6805419921875
94.051,136,1,0.0,0.0,611.09716796875,-116.6805419921875
94.052,136,1,0.0,0.0,611.09716796875,-116.6805419921875
94.052,136,1,0.0,0.0,611.09716796875,-116.6805419921875
94.091,136,1,0.0,0.0,611.09716796875,-116.6805419921875
94.092,136,1,0.0,0.0,611.09716796875,-116.6805419921875
94.096,136,1,0.0,0.0,611.09716796875,-116.6805419921875
94.116,136,1,0.0,0.0,611.09716796875,-116.6805419921875
94.131,136,1,0.0,0.0,611.09716796875,-116.6805419921875
94.132,136,1,0.0,0.0,611.09716796875,-116.6805419921875
94.132,136,1,0.0,0.0,611.09716796875,-116.6805419921875
94.168,136,1,0.0,0.0,611.09716796875,-116.6805419921875
94.211,136,1,0.0,0.0,611.09716796875,-116.6805419921875
94.211,136,1,0.0,0.0,611.09716796875,-116.6805419921875
94.211,136,1,0.0,0.0,611.09716796875,-116.6805419921875
94.251,136,1,0.0,0.0,611.09716796875,-116.6805419921875
94.252,136,1,0.0,0.0,611.09716796875,-116.6805419921875
94.252,136,1,0.0,0.0,611.09716796875,-116.6805419921875
94.292,136,1,0.0,0.0,611.09716796875,-116.6805419921875
94.293,136,1,0.0,0.0,611.09716796875,-116.6805419921875
94.296,136,1,0.0,0.0,611.09716796875,-116.6805419921875
94.315,136,1,0.0,0.0,611.09716796875,-116.6805419921875
94.331,136,1,0.0,0.0,611.09716796875,-116.6805419921875
94.331,136,1,0.0,0.0,611.09716796875,-116.6805419921875
94.332,136,1,0.0,0.0,611.09716796875,-116.6805419921875
94.382,136,1,0.0,0.0,611.09716796875,-116.6805419921875
94.412,136,1,0.0,0.0,611.09716796875,-116.6805419921875
94.412,136,1,0.0,0.0,611.09716796875,-116.6805419921875
94.412,136,1,0.0,0.0,611.09716796875,-116.6805419921875
94.452,136,1,0.0,0.0,611.09716796875,-116.6805419921875
94.452,136,1,0.0,0.0,611.09716796875,-116.6805419921875
94.452,136,1,0.0,0.0,611.09716796875,-116.6805419921875
94.467,136,1,0.0,0.0,611.09716796875,-116.6805419921875
94.491,136,1,0.0,0.0,611.09716796875,-116.6805419921875
94.492,136,1,0.0,0.0,611.09716796875,-116.6805419921875
94.492,136,1,0.0,0.0,611.09716796875,-116.6805419921875
94.531,136,1,0.0,0.0,611.09716796875,-116.6805419921875
94.532,136,1,0.0,0.0,611.09716796875,-116.6805419921875
94.533,136,1,0.0,0.0,611.09716796875,-116.6805419921875
94.583,136,1,0.0,0.0,611.09716796875,-116.6805419921875
94.611,136,1,0.0,0.0,611.09716796875,-116.6805419921875
94.611,136,1,0.0,0.0,611.09716796875,-116.6805419921875
94.614,136,1,0.0,0.0,611.09716796875,-116.6805419921875
94.653,136,1,0.0,0.0,611.09716796875,-116.6805419921875
94.653,136,1,0.0,0.0,611.09716796875,-116.6805419921875
94.653,136,1,0.0,0.0,611.09716796875,-116.6805419921875
94.668,136,1,0.0,0.0,611.09716796875,-116.6805419921875
94.691,136,1,0.0,0.0,611.09716796875,-116.6805419921875
94.692,136,1,0.0,0.0,611.09716796875,-116.6805419921875
94.692,136,1,0.0,0.0,611.09716796875,-116.6805419921875
94.731,136,1,0.0,0.0,611.09716796875,-116.6805419921875
94.731,136,1,0.0,0.0,611.09716796875,-116.6805419921875
94.732,136,1,0.0,0.0,611.09716796875,-116.6805419921875
94.766,136,1,0.0,0.0,611.09716796875,-116.6805419921875
94.812,136,1,0.0,0.0,611.09716796875,-116.6805419921875
94.812,136,1,0.0,0.0,611.09716796875,-116.6805419921875
94.812,136,1,0.0,0.0,611.09716796875,-116.6805419921875
94.851,136,1,0.0,0.0,611.09716796875,-116.6805419921875
94.852,136,1,0.0,0.0,611.09716796875,-116.6805419921875
94.852,136,1,0.0,0.0,611.09716796875,-116.6805419921875
94.868,136,1,0.0,0.0,611.09716796875,-116.6805419921875
94.891,136,1,0.0,0.0,611.09716796875,-116.6805419921875
94.892,136,1,0.0,0.0,611.09716796875,-116.6805419921875
94.892,136,1,0.0,0.0,611.09716796875,-116.6805419921875
94.917,136,1,0.0,0.0,611.09716796875,-116.6805419921875
94.932,136,1,0.0,0.0,611.09716796875,-116.6805419921875
94.932,136,1,0.0,0.0,611.09716796875,-116.6805419921875
94.932,136,1,0.0,0.0,611.09716796875,-116.6805419921875
94.983,136,1,0.0,0.0,611.09716796875,-116.6805419921875
95.011,136,1,0.0,0.0,611.09716796875,-116.6805419921875
95.011,136,1,0.0,0.0,611.09716796875,-116.6805419921875
95.012,136,1,0.0,0.0,611.09716796875,-116.6805419921875
95.051,136,1,0.0,0.0,611.09716796875,-116.6805419921875
95.052,136,1,0.0,0.0,611.09716796875,-116.6805419921875
95.053,136,1,0.0,0.0,611.09716796875,-116.6805419921875
95.068,136,1,0.0,0.0,611.09716796875,-116.6805419921875
95.091,136,1,0.0,0.0,611.09716796875,-116.6805419921875
95.091,136,1,0.0,0.0,611.09716796875,-116.6805419921875
95.091,136,1,0.0,0.0,611.09716796875,-116.6805419921875
95.117,136,1,0.0,0.0,611.09716796875,-116.6805419921875
95.132,136,1,0.0,0.0,611.09716796875,-116.6805419921875
95.132,136,1,0.0,0.0,611.09716796875,-116.6805419921875
95.132,136,1,0.0,0.0,611.09716796875,-116.6805419921875
95.17,136,1,0.0,0.0,611.09716796875,-116.6805419921875
95.211,136,1,0.0,0.0,611.09716796875,-116.6805419921875
95.211,136,1,0.0,0.0,611.09716796875,-116.6805419921875
95.211,136,1,0.0,0.0,611.09716796875,-116.6805419921875
95.252,136,1,0.0,0.0,611.09716796875,-116.6805419921875
95.252,136,1,0.0,0.0,611.09716796875,-116.6805419921875
95.252,136,1,0.0,0.0,611.09716796875,-116.6805419921875
95.269,136,1,0.0,0.0,611.09716796875,-116.6805419921875
95.291,136,1,0.0,0.0,611.09716796875,-116.6805419921875
95.291,136,1,0.0,0.0,611.09716796875,-116.6805419921875
95.291,136,1,0.0,0.0,611.09716796875,-116.6805419921875
95.316,136,1,0.0,0.0,611.09716796875,-116.6805419921875
95.331,136,1,0.0,0.0,611.09716796875,-116.6805419921875
95.331,136,1,0.0,0.0,611.09716796875,-116.6805419921875
95.333,136,1,0.0,0.0,611.09716796875,-116.6805419921875
95.383,136,1,0.0,0.0,611.09716796875,-116.6805419921875
95.411,136,1,0.0,0.0,611.09716796875,-116.6805419921875
95.412,136,1,0.0,0.0,611.09716796875,-116.6805419921875
95.412,136,1,0.0,0.0,611.09716796875,-116.6805419921875
95.452,136,1,0.0,0.0,611.09716796875,-116.6805419921875
95.452,136,1,0.0,0.0,611.09716796875,-116.6805419921875
95.452,136,1,0.0,0.0,611.09716796875,-116.6805419921875
95.467,136,1,0.0,0.0,611.09716796875,-116.6805419921875
95.491,136,1,0.0,0.0,611.09716796875,-116.6805419921875
95.491,136,1,0.0,0.0,611.09716796875,-116.6805419921875
95.492,136,1,0.0,0.0,611.09716796875,-116.6805419921875
95.518,136,1,0.0,0.0,611.09716796875,-116.6805419921875
95.531,136,1,0.0,0.0,611.09716796875,-116.6805419921875
95.531,136,1,0.0,0.0,611.09716796875,-116.6805419921875
95.531,136,1,0.0,0.0,611.09716796875,-116.6805419921875
95.582,136,1,0.0,0.0,611.09716796875,-116.6805419921875
95.611,136,1,0.0,0.0,611.09716796875,-116.6805419921875
95.612,136,1,0.0,0.0,611.09716796875,-116.6805419921875
95.612,136,1,0.0,0.0,611.09716796875,-116.6805419921875
95.651,136,1,0.0,0.0,611.09716796875,-116.6805419921875
95.651,136,1,0.0,0.0,611.09716796875,-116.6805419921875
95.651,136,1,0.0,0.0,611.09716796875,-116.6805419921875
95.668,136,1,0.0,0.0,611.09716796875,-116.6805419921875
95.691,136,1,0.0,0.0,611.09716796875,-116.6805419921875
95.691,136,1,0.0,0.0,611.09716796875,-116.6805419921875
95.692,136,1,0.0,0.0,611.09716796875,-116.6805419921875
95.719,136,1,0.0,0.0,611.09716796875,-116.6805419921875
95.731,136,1,0.0,0.0,611.09716796875,-116.6805419921875
95.732,136,1,0.0,0.0,611.09716796875,-116.6805419921875
95.732,136,1,0.0,0.0,611.09716796875,-116.6805419921875
95.767,136,1,0.0,0.0,611.09716796875,-116.6805419921875
95.811,136,1,0.0,0.0,611.09716796875,-116.6805419921875
95.811,136,1,0.0,0.0,611.09716796875,-116.6805419921875
95.812,136,1,0.0,0.0,611.09716796875,-116.6805419921875
95.851,136,1,0.0,0.0,611.09716796875,-116.6805419921875
95.851,136,1,0.0,0.0,611.09716796875,-116.6805419921875
95.851,136,1,0.0,0.0,611.09716796875,-116.6805419921875
95.892,136,1,0.0,0.0,611.09716796875,-116.6805419921875
95.892,136,1,0.0,0.0,611.09716796875,-116.6805419921875
95.892,136,1,0.0,0.0,611.09716796875,-116.6805419921875
95.915,136,1,0.0,0.0,611.09716796875,-116.6805419921875
95.931,136,1,0.0,0.0,611.09716796875,-116.6805419921875
95.931,136,1,0.0,0.0,611.09716796875,-116.6805419921875
95.931,136,1,0.0,0.0,611.09716796875,-116.6805419921875
95.971,136,1,0.0,0.0,611.09716796875,-116.6805419921875
96.011,136,1,0.0,0.0,611.09716796875,-116.6805419921875
96.011,136,1,0.0,0.0,611.09716796875,-116.6805419921875
96.012,136,1,0.0,0.0,611.09716796875,-116.6805419921875
96.051,136,1,0.0,0.0,611.09716796875,-116.6805419921875
96.051,136,1,0.0,0.0,611.09716796875,-116.6805419921875
96.051,136,1,0.0,0.0,611.09716796875,-116.6805419921875
96.092,136,1,0.0,0.0,611.09716796875,-116.6805419921875
96.092,136,1,0.0,0.0,611.09716796875,-116.6805419921875
96.092,136,1,0.0,0.0,611.09716796875,-116.6805419921875
96.131,136,1,0.0,0.0,611.09716796875,-116.6805419921875
96.132,136,1,0.0,0.0,611.09716796875,-116.6805419921875
96.132,136,1,0.0,0.0,611.09716796875,-116.6805419921875
96.168,136,1,0.0,0.0,611.09716796875,-116.6805419921875
96.212,136,1,0.0,0.0,611.09716796875,-116.6805419921875
96.212,136,1,0.0,0.0,611.09716796875,-116.6805419921875
96.212,136,1,0.0,0.0,611.09716796875,-116.6805419921875
96.251,136,1,0.0,0.0,611.09716796875,-116.6805419921875
96.252,136,1,0.0,0.0,611.09716796875,-116.6805419921875
96.252,136,1,0.0,0.0,611.09716796875,-116.6805419921875
96.292,136,1,0.0,0.0,611.09716796875,-116.6805419921875
96.292,136,1,0.0,0.0,611.09716796875,-116.6805419921875
96.292,136,1,0.0,0.0,611.09716796875,-116.6805419921875
96.317,136,1,0.0,0.0,611.09716796875,-116.6805419921875
96.331,136,1,0.0,0.0,611.09716796875,-116.6805419921875
96.331,136,1,0.0,0.0,611.09716796875,-116.6805419921875
96.332,136,1,0.0,0.0,611.09716796875,-116.6805419921875
96.369,136,1,0.0,0.0,611.09716796875,-116.6805419921875
96.411,136,1,0.0,0.0,611.09716796875,-116.6805419921875
96.411,136,1,0.0,0.0,611.09716796875,-116.6805419921875
96.412,136,1,0.0,0.0,611.09716796875,-116.6805419921875
96.451,136,1,0.0,0.0,611.09716796875,-116.6805419921875
96.451,136,1,0.0,0.0,611.09716796875,-116.6805419921875
96.452,136,1,0.0,0.0,611.09716796875,-116.6805419921875
96.491,136,1,0.0,0.0,611.09716796875,-116.6805419921875
96.491,136,1,0.0,0.0,611.09716796875,-116.6805419921875
96.492,136,1,0.0,0.0,611.09716796875,-116.6805419921875
96.518,136,1,0.0,0.0,611.09716796875,-116.6805419921875
96.531,136,1,0.0,0.0,611.09716796875,-116.6805419921875
96.531,136,1,0.0,0.0,611.09716796875,-116.6805419921875
96.532,136,1,0.0,0.0,611.09716796875,-116.6805419921875
96.583,136,1,0.0,0.0,611.09716796875,-116.6805419921875
96.611,136,1,0.0,0.0,611.09716796875,-116.6805419921875
96.612,136,1,0.0,0.0,611.09716796875,-116.6805419921875
96.613,136,1,0.0,0.0,611.09716796875,-116.6805419921875
96.651,136,1,0.0,0.0,611.09716796875,-116.6805419921875
96.652,136,1,0.0,0.0,611.09716796875,-116.6805419921875
96.652,136,1,0.0,0.0,611.09716796875,-116.6805419921875
96.692,136,1,0.0,0.0,611.09716796875,-116.6805419921875
96.692,136,1,0.0,0.0,611.09716796875,-116.6805419921875
96.692,136,1,0.0,0.0,611.09716796875,-116.6805419921875
96.731,136,1,0.0,0.0,611.09716796875,-116.6805419921875
96.731,136,1,0.0,0.0,611.09716796875,-116.6805419921875
96.732,136,1,0.0,0.0,611.09716796875,-116.6805419921875
96.782,136,1,0.0,0.0,611.09716796875,-116.6805419921875
96.812,136,1,0.0,0.0,611.09716796875,-116.6805419921875
96.812,136,1,0.0,0.0,611.09716796875,-116.6805419921875
96.812,136,1,0.0,0.0,611.09716796875,-116.6805419921875
96.851,136,1,0.0,0.0,611.09716796875,-116.6805419921875
96.851,136,1,0.0,0.0,611.09716796875,-116.6805419921875
96.851,136,1,0.0,0.0,611.09716796875,-116.6805419921875
96.866,136,1,0.0,0.0,611.09716796875,-116.6805419921875
96.891,136,1,0.0,0.0,611.09716796875,-116.6805419921875
96.891,136,1,0.0,0.0,611.09716796875,-116.6805419921875
96.892,136,1,0.0,0.0,611.09716796875,-116.6805419921875
96.916,136,1,0.0,0.0,611.09716796875,-116.6805419921875
96.931,136,1,0.0,0.0,611.09716796875,-116.6805419921875
96.931,136,1,0.0,0.0,611.09716796875,-116.6805419921875
96.931,136,1,0.0,0.0,611.09716796875,-116.6805419921875
96.967,136,1,0.0,0.0,611.09716796875,-116.6805419921875
97.012,136,1,0.0,0.0,611.09716796875,-116.6805419921875
97.012,136,1,0.0,0.0,611.09716796875,-116.6805419921875
97.012,136,1,0.0,0.0,611.09716796875,-116.6805419921875
97.052,136,1,0.0,0.0,611.09716796875,-116.6805419921875
97.052,136,1,0.0,0.0,611.09716796875,-116.6805419921875
97.053,136,1,0.0,0.0,611.09716796875,-116.6805419921875
97.066,136,1,0.0,0.0,611.09716796875,-116.6805419921875
97.093,136,1,0.0,0.0,611.09716796875,-116.6805419921875
97.093,136,1,0.0,0.0,611.09716796875,-116.6805419921875
97.093,136,1,0.0,0.0,611.09716796875,-116.6805419921875
97.115,136,1,0.0,0.0,611.09716796875,-116.6805419921875
97.131,136,1,0.0,0.0,611.09716796875,-116.6805419921875
97.131,136,1,0.0,0.0,611.09716796875,-116.6805419921875
97.132,136,1,0.0,0.0,611.09716796875,-116.6805419921875
97.182,136,1,0.0,0.0,611.09716796875,-116.6805419921875
97.211,136,1,0.0,0.0,611.09716796875,-116.6805419921875
97.212,136,1,0.0,0.0,611.09716796875,-116.6805419921875
97.212,136,1,0.0,0.0,611.09716796875,-116.6805419921875
97.252,136,1,0.0,0.0,611.09716796875,-116.6805419921875
97.252,136,1,0.0,0.0,611.09716796875,-116.6805419921875
97.252,136,1,0.0,0.0,611.09716796875,-116.6805419921875
97.291,136,1,0.0,0.0,611.09716796875,-116.6805419921875
97.291,136,1,0.0,0.0,611.09716796875,-116.6805419921875
97.291,136,1,0.0,0.0,611.09716796875,-116.6805419921875
97.32,136,1,0.0,0.0,611.09716796875,-116.6805419921875
97.331,136,1,0.0,0.0,611.09716796875,-116.6805419921875
97.331,136,1,0.0,0.0,611.09716796875,-116.6805419921875
97.331,136,1,0.0,0.0,611.09716796875,-116.6805419921875
97.381,136,1,0.0,0.0,611.09716796875,-116.6805419921875
97.411,136,1,0.0,0.0,611.09716796875,-116.6805419921875
97.411,136,1,0.0,0.0,611.09716796875,-116.6805419921875
97.412,136,1,0.0,0.0,611.09716796875,-116.6805419921875
97.451,136,1,0.0,0.0,611.09716796875,-116.6805419921875
97.451,136,1,0.0,0.0,611.09716796875,-116.6805419921875
97.452,136,1,0.0,0.0,611.09716796875,-116.6805419921875
97.465,136,1,0.0,0.0,611.09716796875,-116.6805419921875
97.491,136,1,0.0,0.0,611.09716796875,-116.6805419921875
97.491,136,1,0.0,0.0,611.09716796875,-116.6805419921875
97.492,136,1,0.0,0.0,611.09716796875,-116.6805419921875
97.518,136,1,0.0,0.0,611.09716796875,-116.6805419921875
97.53,136,1,0.0,0.0,611.09716796875,-116.6805419921875
97.531,136,1,0.0,0.0,611.09716796875,-116.6805419921875
97.531,136,1,0.0,0.0,611.09716796875,-116.6805419921875
97.566,136,1,0.0,0.0,611.09716796875,-116.6805419921875
97.611,136,1,0.0,0.0,611.09716796875,-116.6805419921875
97.612,136,1,0.0,0.0,611.09716796875,-116.6805419921875
97.612,136,1,0.0,0.0,611.09716796875,-116.6805419921875
97.652,136,1,0.0,0.0,611.09716796875,-116.6805419921875
97.652,136,1,0.0,0.0,611.09716796875,-116.6805419921875
97.652,136,1,0.0,0.0,611.09716796875,-116.6805419921875
97.669,136,1,0.0,0.0,611.09716796875,-116.6805419921875
97.692,136,1,0.0,0.0,611.09716796875,-116.6805419921875
97.692,136,1,0.0,0.0,611.09716796875,-116.6805419921875
97.693,136,1,0.0,0.0,611.09716796875,-116.6805419921875
97.731,136,1,0.0,0.0,611.09716796875,-116.6805419921875
97.731,136,1,0.0,0.0,611.09716796875,-116.6805419921875
97.732,136,1,0.0,0.0,611.09716796875,-116.6805419921875
97.783,136,1,0.0,0.0,611.09716796875,-116.6805419921875
97.811,136,1,0.0,0.0,611.09716796875,-116.6805419921875
97.811,136,1,0.0,0.0,611.09716796875,-116.6805419921875
97.812,136,1,0.0,0.0,611.09716796875,-116.6805419921875
97.852,136,1,0.0,0.0,611.09716796875,-116.6805419921875
97.853,136,1,0.0,0.0,611.09716796875,-116.6805419921875
97.853,136,1,0.0,0.0,611.09716796875,-116.6805419921875
97.89,136,1,0.0,0.0,611.09716796875,-116.6805419921875
97.891,136,1,0.0,0.0,611.09716796875,-116.6805419921875
97.891,136,1,0.0,0.0,611.09716796875,-116.6805419921875
97.917,136,1,0.0,0.0,611.09716796875,-116.6805419921875
97.931,136,1,0.0,0.0,611.09716796875,-116.6805419921875
97.931,136,1,0.0,0.0,611.09716796875,-116.6805419921875
97.931,136,1,0.0,0.0,611.09716796875,-116.6805419921875
97.982,136,1,0.0,0.0,611.09716796875,-116.6805419921875
98.011,136,1,0.0,0.0,611.09716796875,-116.6805419921875
98.011,136,1,0.0,0.0,611.09716796875,-116.6805419921875
98.011,136,1,0.0,0.0,611.09716796875,-116.6805419921875
98.053,136,1,0.0,0.0,611.09716796875,-116.6805419921875
98.053,136,1,0.0,0.0,611.09716796875,-116.6805419921875
98.053,136,1,0.0,0.0,611.09716796875,-116.6805419921875
98.07,136,1,0.0,0.0,611.09716796875,-116.6805419921875
98.091,136,1,0.0,0.0,611.09716796875,-116.6805419921875
98.091,136,1,0.0,0.0,611.09716796875,-116.6805419921875
98.091,136,1,0.0,0.0,611.09716796875,-116.6805419921875
98.116,136,1,0.0,0.0,611.09716796875,-116.6805419921875
98.131,136,1,0.0,0.0,611.09716796875,-116.6805419921875
98.131,136,1,0.0,0.0,611.09716796875,-116.6805419921875
98.131,136,1,0.0,0.0,611.09716796875,-116.6805419921875
98.168,136,1,0.0,0.0,611.09716796875,-116.6805419921875
98.211,136,1,0.0,0.0,611.09716796875,-116.6805419921875
98.211,136,1,0.0,0.0,611.09716796875,-116.6805419921875
98.211,136,1,0.0,0.0,611.09716796875,-116.6805419921875
98.251,136,1,0.0,0.0,611.09716796875,-116.6805419921875
98.251,136,1,0.0,0.0,611.09716796875,-116.6805419921875
98.252,136,1,0.0,0.0,611.09716796875,-116.6805419921875
98.291,136,1,0.0,0.0,611.09716796875,-116.6805419921875
98.291,136,1,0.0,0.0,611.09716796875,-116.6805419921875
98.292,136,1,0.0,0.0,611.09716796875,-116.6805419921875
98.321,136,1,0.0,0.0,611.09716796875,-116.6805419921875
98.331,136,1,0.0,0.0,611.09716796875,-116.6805419921875
98.331,136,1,0.0,0.0,611.09716796875,-116.6805419921875
98.331,136,1,0.0,0.0,611.09716796875,-116.6805419921875
98.366,136,1,0.0,0.0,611.09716796875,-116.6805419921875
98.412,136,1,0.0,0.0,611.09716796875,-116.6805419921875
98.412,136,1,0.0,0.0,611.09716796875,-116.6805419921875
98.412,136,1,0.0,0.0,611.09716796875,-116.6805419921875
98.451,136,1,0.0,0.0,611.09716796875,-116.6805419921875
98.452,136,1,0.0,0.0,611.09716796875,-116.6805419921875
98.452,136,1,0.0,0.0,611.09716796875,-116.6805419921875
98.468,136,1,0.0,0.0,611.09716796875,-116.6805419921875
98.491,136,1,0.0,0.0,611.09716796875,-116.6805419921875
98.492,136,1,0.0,0.0,611.09716796875,-116.6805419921875
98.493,136,1,0.0,0.0,611.09716796875,-116.6805419921875
98.531,136,1,0.0,0.0,611.09716796875,-116.6805419921875
98.531,136,1,0.0,0.0,611.09716796875,-116.6805419921875
98.532,136,1,0.0,0.0,611.09716796875,-116.6805419921875
98.582,136,1,0.0,0.0,611.09716796875,-116.6805419921875
98.612,136,1,0.0,0.0,611.09716796875,-116.6805419921875
98.612,136,1,0.0,0.0,611.09716796875,-116.6805419921875
98.612,136,1,0.0,0.0,611.09716796875,-116.6805419921875
98.651,136,1,0.0,0.0,611.09716796875,-116.6805419921875
98.651,136,1,0.0,0.0,611.09716796875,-116.6805419921875
98.651,136,1,0.0,0.0,611.09716796875,-116.6805419921875
98.691,136,1,0.0,0.0,611.09716796875,-116.6805419921875
98.691,136,1,0.0,0.0,611.09716796875,-116.6805419921875
98.692,136,1,0.0,0.0,611.09716796875,-116.6805419921875
98.731,136,1,0.0,0.0,611.09716796875,-116.6805419921875
98.731,136,1,0.0,0.0,611.09716796875,-116.6805419921875
98.732,136,1,0.0,0.0,611.09716796875,-116.6805419921875
98.764,136,1,0.0,0.0,611.09716796875,-116.6805419921875
98.811,136,1,0.0,0.0,611.09716796875,-116.6805419921875
98.812,136,1,0.0,0.0,611.09716796875,-116.6805419921875
98.812,136,1,0.0,0.0,611.09716796875,-116.6805419921875
98.851,136,1,0.0,0.0,611.09716796875,-116.6805419921875
98.851,136,1,0.0,0.0,611.09716796875,-116.6805419921875
98.851,136,1,0.0,0.0,611.09716796875,-116.6805419921875
98.871,136,1,0.0,0.0,611.09716796875,-116.6805419921875
98.891,136,1,0.0,0.0,611.09716796875,-116.6805419921875
98.892,136,1,0.0,0.0,611.09716796875,-116.6805419921875
98.892,136,1,0.0,0.0,611.09716796875,-116.6805419921875
98.931,136,1,0.0,0.0,611.09716796875,-116.6805419921875
98.931,136,1,0.0,0.0,611.09716796875,-116.6805419921875
98.932,136,1,0.0,0.0,611.09716796875,-116.6805419921875
98.968,136,1,0.0,0.0,611.09716796875,-116.6805419921875
99.012,136,1,0.0,0.0,611.09716796875,-116.6805419921875
99.012,136,1,0.0,0.0,611.09716796875,-116.6805419921875
99.012,136,1,0.0,0.0,611.09716796875,-116.6805419921875
99.051,136,1,0.0,0.0,611.09716796875,-116.6805419921875
99.051,136,1,0.0,0.0,611.09716796875,-116.6805419921875
99.051,136,1,0.0,0.0,611.09716796875,-116.6805419921875
99.092,136,1,0.0,0.0,611.09716796875,-116.6805419921875
99.092,136,1,0.0,0.0,611.09716796875,-116.6805419921875
99.093,136,1,0.0,0.0,611.09716796875,-116.6805419921875
99.116,136,1,0.0,0.0,611.09716796875,-116.6805419921875
99.131,136,1,0.0,0.0,611.09716796875,-116.6805419921875
99.131,136,1,0.0,0.0,611.09716796875,-116.6805419921875
99.131,136,1,0.0,0.0,611.09716796875,-116.6805419921875
99.168,136,1,0.0,0.0,611.09716796875,-116.6805419921875
99.211,136,1,0.0,0.0,611.09716796875,-116.6805419921875
99.211,136,1,0.0,0.0,611.09716796875,-116.6805419921875
99.212,136,1,0.0,0.0,611.09716796875,-116.6805419921875
99.252,136,1,0.0,0.0,611.09716796875,-116.6805419921875
99.252,136,1,0.0,0.0,611.09716796875,-116.6805419921875
99.254,136,1,0.0,0.0,611.09716796875,-116.6805419921875
99.291,136,1,0.0,0.0,611.09716796875,-116.6805419921875
99.292,136,1,0.0,0.0,611.09716796875,-116.6805419921875
99.292,136,1,0.0,0.0,611.09716796875,-116.6805419921875
99.318,136,1,0.0,0.0,611.09716796875,-116.6805419921875
99.331,136,1,0.0,0.0,611.09716796875,-116.6805419921875
99.331,136,1,0.0,0.0,611.09716796875,-116.6805419921875
99.332,136,1,0.0,0.0,611.09716796875,-116.6805419921875
99.382,136,1,0.0,0.0,611.09716796875,-116.6805419921875
99.411,136,1,0.0,0.0,611.09716796875,-116.6805419921875
99.411,136,1,0.0,0.0,611.09716796875,-116.6805419921875
99.411,136,1,0.0,0.0,611.09716796875,-116.6805419921875
99.453,136,1,0.0,0.0,611.09716796875,-116.6805419921875
99.453,136,1,0.0,0.0,611.09716796875,-116.6805419921875
99.453,136,1,0.0,0.0,611.09716796875,-116.6805419921875
99.491,136,1,0.0,0.0,611.09716796875,-116.6805419921875
99.492,136,1,0.0,0.0,611.09716796875,-116.6805419921875
99.492,136,1,0.0,0.0,611.09716796875,-116.6805419921875
99.517,136,1,0.0,0.0,611.09716796875,-116.6805419921875
99.531,136,1,0.0,0.0,611.09716796875,-116.6805419921875
99.532,136,1,0.0,0.0,611.09716796875,-116.6805419921875
99.532,136,1,0.0,0.0,611.09716796875,-116.6805419921875
99.567,136,1,0.0,0.0,611.09716796875,-116.6805419921875
99.611,136,1,0.0,0.0,611.09716796875,-116.6805419921875
99.611,136,1,0.0,0.0,611.09716796875,-116.6805419921875
99.612,136,1,0.0,0.0,611.09716796875,-116.6805419921875
99.653,136,1,0.0,0.0,611.09716796875,-116.6805419921875
99.654,136,1,0.0,0.0,611.09716796875,-116.6805419921875
99.655,136,1,0.0,0.0,611.09716796875,-116.6805419921875
99.668,136,1,0.0,0.0,611.09716796875,-116.6805419921875
99.691,136,1,0.0,0.0,611.09716796875,-116.6805419921875
99.691,136,1,0.0,0.0,611.09716796875,-116.6805419921875
99.691,136,1,0.0,0.0,611.09716796875,-116.6805419921875
99.731,136,1,0.0,0.0,611.09716796875,-116.6805419921875
99.731,136,1,0.0,0.0,611.09716796875,-116.6805419921875
99.732,136,1,0.0,0.0,611.09716796875,-116.6805419921875
99.767,136,1,0.0,0.0,611.09716796875,-116.6805419921875
99.812,136,1,0.0,0.0,611.09716796875,-116.6805419921875
99.812,136,1,0.0,0.0,611.09716796875,-116.6805419921875
99.812,136,1,0.0,0.0,611.09716796875,-116.6805419921875
99.852,136,1,0.0,0.0,611.09716796875,-116.6805419921875
99.852,136,1,0.0,0.0,611.09716796875,-116.6805419921875
99.852,136,1,0.0,0.0,611.09716796875,-116.6805419921875
99.867,136,1,0.0,0.0,611.09716796875,-116.6805419921875
99.891,136,1,0.0,0.0,611.09716796875,-116.6805419921875
99.892,136,1,0.0,0.0,611.09716796875,-116.6805419921875
99.892,136,1,0.0,0.0,611.09716796875,-116.6805419921875
99.916,136,1,0.0,0.0,611.09716796875,-116.6805419921875
99.931,136,1,0.0,0.0,611.09716796875,-116.6805419921875
99.931,136,1,0.0,0.0,611.09716796875,-116.6805419921875
99.932,136,1,0.0,0.0,611.09716796875,-116.6805419921875
99.965,136,1,0.0,0.0,611.09716796875,-116.6805419921875
100.012,136,1,0.0,0.0,611.09716796875,-116.6805419921875
100.012,136,1,0.0,0.0,611.09716796875,-116.6805419921875
100.012,136,1,0.0,0.0,611.09716796875,-116.6805419921875
100.051,136,1,0.0,0.0,611.09716796875,-116.6805419921875
100.052,136,1,0.0,0.0,611.09716796875,-116.6805419921875
100.052,136,1,0.0,0.0,611.09716796875,-116.6805419921875
100.091,136,1,0.0,0.0,611.09716796875,-116.6805419921875
100.092,136,1,0.0,0.0,611.09716796875,-116.6805419921875
100.093,136,1,0.0,0.0,611.09716796875,-116.6805419921875
100.118,136,1,0.0,0.0,611.09716796875,-116.6805419921875
100.132,136,1,0.0,0.0,611.09716796875,-116.6805419921875
100.132,136,1,0.0,0.0,611.09716796875,-116.6805419921875
100.133,136,1,0.0,0.0,611.09716796875,-116.6805419921875
100.167,136,1,0.0,0.0,611.09716796875,-116.6805419921875
100.211,136,1,0.0,0.0,611.09716796875,-116.6805419921875
100.211,136,1,0.0,0.0,611.09716796875,-116.6805419921875
100.212,136,1,0.0,0.0,611.09716796875,-116.6805419921875
100.251,136,1,0.0,0.0,611.09716796875,-116.6805419921875
100.252,136,1,0.0,0.0,611.09716796875,-116.6805419921875
100.252,136,1,0.0,0.0,611.09716796875,-116.6805419921875
100.266,136,1,0.0,0.0,611.09716796875,-116.6805419921875
100.292,136,1,0.0,0.0,611.09716796875,-116.6805419921875
100.292,136,1,0.0,0.0,611.09716796875,-116.6805419921875
100.292,136,1,0.0,0.0,611.09716796875,-116.6805419921875
100.332,136,1,0.0,0.0,611.09716796875,-116.6805419921875
100.332,136,1,0.0,0.0,611.09716796875,-116.6805419921875
100.332,136,1,0.0,0.0,611.09716796875,-116.6805419921875
100.368,136,1,0.0,0.0,611.09716796875,-116.6805419921875
100.411,136,1,0.0,0.0,611.09716796875,-116.6805419921875
100.411,136,1,0.0,0.0,611.09716796875,-116.6805419921875
100.412,136,1,0.0,0.0,611.09716796875,-116.6805419921875
100.451,136,1,0.0,0.0,611.09716796875,-116.6805419921875
100.452,136,1,0.0,0.0,611.09716796875,-116.6805419921875
100.452,136,1,0.0,0.0,611.09716796875,-116.6805419921875
100.468,136,1,0.0,0.0,611.09716796875,-116.6805419921875
100.492,136,1,0.0,0.0,611.09716796875,-116.6805419921875
100.493,136,1,0.0,0.0,611.09716796875,-116.6805419921875
100.493,136,1,0.0,0.0,611.09716796875,-116.6805419921875
100.516,136,1,0.0,0.0,611.09716796875,-116.6805419921875
100.531,136,1,0.0,0.0,611.09716796875,-116.6805419921875
100.531,136,1,0.0,0.0,611.09716796875,-116.6805419921875
100.531,136,1,0.0,0.0,611.09716796875,-116.6805419921875
100.57,136,1,0.0,0.0,611.09716796875,-116.6805419921875
100.611,136,1,0.0,0.0,611.09716796875,-116.6805419921875
100.611,136,1,0.0,0.0,611.09716796875,-116.6805419921875
100.611,136,1,0.0,0.0,611.09716796875,-116.6805419921875
100.651,136,1,0.0,0.0,611.09716796875,-116.6805419921875
100.652,136,1,0.0,0.0,611.09716796875,-116.6805419921875
100.652,136,1,0.0,0.0,611.09716796875,-116.6805419921875
100.668,136,1,0.0,0.0,611.09716796875,-116.6805419921875
100.691,136,1,0.0,0.0,611.09716796875,-116.6805419921875
100.691,136,1,0.0,0.0,611.09716796875,-116.6805419921875
100.691,136,1,0.0,0.0,611.09716796875,-116.6805419921875
100.731,136,1,0.0,0.0,611.09716796875,-116.6805419921875
100.732,136,1,0.0,0.0,611.09716796875,-116.6805419921875
100.732,136,1,0.0,0.0,611.09716796875,-116.6805419921875
100.769,136,1,0.0,0.0,611.09716796875,-116.6805419921875
100.811,136,1,0.0,0.0,611.09716796875,-116.6805419921875
100.811,136,1,0.0,0.0,611.09716796875,-116.6805419921875
100.812,136,1,0.0,0.0,611.09716796875,-116.6805419921875
100.851,136,1,0.0,0.0,611.09716796875,-116.6805419921875
100.852,136,1,0.0,0.0,611.09716796875,-116.6805419921875
100.852,136,1,0.0,0.0,611.09716796875,-116.6805419921875
100.867,136,1,0.0,0.0,611.09716796875,-116.6805419921875
100.892,136,1,0.0,0.0,611.09716796875,-116.6805419921875
100.893,136,1,0.0,0.0,611.09716796875,-116.6805419921875
100.893,136,1,0.0,0.0,611.09716796875,-116.6805419921875
100.931,136,1,0.0,0.0,611.09716796875,-116.6805419921875
100.931,136,1,0.0,0.0,611.09716796875,-116.6805419921875
100.931,136,1,0.0,0.0,611.09716796875,-116.6805419921875
100.982,136,1,0.0,0.0,611.09716796875,-116.6805419921875
101.012,136,1,0.0,0.0,611.09716796875,-116.6805419921875
101.012,136,1,0.0,0.0,611.09716796875,-116.6805419921875
101.012,136,1,0.0,0.0,611.09716796875,-116.6805419921875
101.051,136,1,0.0,0.0,611.09716796875,-116.6805419921875
101.051,136,1,0.0,0.0,611.09716796875,-116.6805419921875
101.052,136,1,0.0,0.0,611.09716796875,-116.6805419921875
101.068,136,1,0.0,0.0,611.09716796875,-116.6805419921875
101.092,136,1,0.0,0.0,611.09716796875,-116.6805419921875
101.092,136,1,0.0,0.0,611.09716796875,-116.6805419921875
101.092,136,1,0.0,0.0,611.09716796875,-116.6805419921875
101.132,136,1,0.0,0.0,611.09716796875,-116.6805419921875
101.132,136,1,0.0,0.0,611.09716796875,-116.6805419921875
101.133,136,1,0.0,0.0,611.09716796875,-116.6805419921875
101.167,136,1,0.0,0.0,611.09716796875,-116.6805419921875
101.211,136,1,0.0,0.0,611.09716796875,-116.6805419921875
101.211,136,1,0.0,0.0,611.09716796875,-116.6805419921875
101.211,136,1,0.0,0.0,611.09716796875,-116.6805419921875
101.251,136,1,0.0,0.0,611.09716796875,-116.6805419921875
101.251,136,1,0.0,0.0,611.09716796875,-116.6805419921875
101.252,136,1,0.0,0.0,611.09716796875,-116.6805419921875
101.268,136,1,0.0,0.0,611.09716796875,-116.6805419921875
101.291,136,1,0.0,0.0,611.09716796875,-116.6805419921875
101.291,136,1,0.0,0.0,611.09716796875,-116.6805419921875
101.291,136,1,0.0,0.0,611.09716796875,-116.6805419921875
101.332,136,1,0.0,0.0,611.09716796875,-116.6805419921875
101.332,136,1,0.0,0.0,611.09716796875,-116.6805419921875
101.332,136,1,0.0,0.0,611.09716796875,-116.6805419921875
101.382,136,1,0.0,0.0,611.09716796875,-116.6805419921875
101.411,136,1,0.0,0.0,611.09716796875,-116.6805419921875
101.412,136,1,0.0,0.0,611.09716796875,-116.6805419921875
101.412,136,1,0.0,0.0,611.09716796875,-116.6805419921875
101.451,136,1,0.0,0.0,611.09716796875,-116.6805419921875
101.452,136,1,0.0,0.0,611.09716796875,-116.6805419921875
101.452,136,1,0.0,0.0,611.09716796875,-116.6805419921875
101.491,136,1,0.0,0.0,611.09716796875,-116.6805419921875
101.492,136,1,0.0,0.0,611.09716796875,-116.6805419921875
101.492,136,1,0.0,0.0,611.09716796875,-116.6805419921875
101.516,136,1,0.0,0.0,611.09716796875,-116.6805419921875
101.531,136,1,0.0,0.0,611.09716796875,-116.6805419921875
101.531,136,1,0.0,0.0,611.09716796875,-116.6805419921875
101.531,136,1,0.0,0.0,611.09716796875,-116.6805419921875
101.565,136,1,0.0,0.0,611.09716796875,-116.6805419921875
101.611,136,1,0.0,0.0,611.09716796875,-116.6805419921875
101.611,136,1,0.0,0.0,611.09716796875,-116.6805419921875
101.611,136,1,0.0,0.0,611.09716796875,-116.6805419921875
101.651,136,1,0.0,0.0,611.09716796875,-116.6805419921875
101.651,136,1,0.0,0.0,611.09716796875,-116.6805419921875
101.651,136,1,0.0,0.0,611.09716796875,-116.6805419921875
101.664,136,1,0.0,0.0,611.09716796875,-116.6805419921875
101.693,136,1,0.0,0.0,611.09716796875,-116.6805419921875
101.693,136,1,0.0,0.0,611.09716796875,-116.6805419921875
101.693,136,1,0.0,0.0,611.09716796875,-116.6805419921875
101.734,136,1,0.0,0.0,611.09716796875,-116.6805419921875
101.734,136,1,0.0,0.0,611.09716796875,-116.6805419921875
101.734,136,1,0.0,0.0,611.09716796875,-116.6805419921875
101.768,136,1,0.0,0.0,611.09716796875,-116.6805419921875
101.812,136,1,0.0,0.0,611.09716796875,-116.6805419921875
101.812,136,1,0.0,0.0,611.09716796875,-116.6805419921875
101.812,136,1,0.0,0.0,611.09716796875,-116.6805419921875
101.851,136,1,0.0,0.0,611.09716796875,-116.6805419921875
101.852,136,1,0.0,0.0,611.09716796875,-116.6805419921875
101.852,136,1,0.0,0.0,611.09716796875,-116.6805419921875
101.892,136,1,0.0,0.0,611.09716796875,-116.6805419921875
101.892,136,1,0.0,0.0,611.09716796875,-116.6805419921875
101.892,136,1,0.0,0.0,611.09716796875,-116.6805419921875
101.92,136,1,0.0,0.0,611.09716796875,-116.6805419921875
101.931,136,1,0.0,0.0,611.09716796875,-116.6805419921875
101.931,136,1,0.0,0.0,611.09716796875,-116.6805419921875
101.932,136,1,0.0,0.0,611.09716796875,-116.6805419921875
101.968,136,1,0.0,0.0,611.09716796875,-116.6805419921875
102.011,136,1,0.0,0.0,611.09716796875,-116.6805419921875
102.012,136,1,0.0,0.0,611.09716796875,-116.6805419921875
102.012,136,1,0.0,0.0,611.09716796875,-116.6805419921875
102.052,136,1,0.0,0.0,611.09716796875,-116.6805419921875
102.052,136,1,0.0,0.0,611.09716796875,-116.6805419921875
102.052,136,1,0.0,0.0,611.09716796875,-116.6805419921875
102.092,136,1,0.0,0.0,611.09716796875,-116.6805419921875
102.092,136,1,0.0,0.0,611.09716796875,-116.6805419921875
102.092,136,1,0.0,0.0,611.09716796875,-116.6805419921875
102.119,136,1,0.0,0.0,611.09716796875,-116.6805419921875
102.131,136,1,0.0,0.0,611.09716796875,-116.6805419921875
102.132,136,1,0.0,0.0,611.09716796875,-116.6805419921875
102.132,136,1,0.0,0.0,611.09716796875,-116.6805419921875
102.17,136,1,0.0,0.0,611.09716796875,-116.6805419921875
102.211,136,1,0.0,0.0,611.09716796875,-116.6805419921875
102.211,136,1,0.0,0.0,611.09716796875,-116.6805419921875
102.211,136,1,0.0,0.0,611.09716796875,-116.6805419921875
102.251,136,1,0.0,0.0,611.09716796875,-116.6805419921875
102.252,136,1,0.0,0.0,611.09716796875,-116.6805419921875
102.252,136,1,0.0,0.0,611.09716796875,-116.6805419921875
102.267,136,1,0.0,0.0,611.09716796875,-116.6805419921875
102.291,136,1,0.0,0.0,611.09716796875,-116.6805419921875
102.291,136,1,0.0,0.0,611.09716796875,-116.6805419921875
102.291,136,1,0.0,0.0,611.09716796875,-116.6805419921875
102.318,136,1,0.0,0.0,611.09716796875,-116.6805419921875
102.331,136,1,0.0,0.0,611.09716796875,-116.6805419921875
102.332,136,1,0.0,0.0,611.09716796875,-116.6805419921875
102.332,136,1,0.0,0.0,611.09716796875,-116.6805419921875
102.368,136,1,0.0,0.0,611.09716796875,-116.6805419921875
102.412,136,1,0.0,0.0,611.09716796875,-116.6805419921875
102.412,136,1,0.0,0.0,611.09716796875,-116.6805419921875
102.412,136,1,0.0,0.0,611.09716796875,-116.6805419921875
102.452,136,1,0.0,0.0,611.09716796875,-116.6805419921875
102.452,136,1,0.0,0.0,611.09716796875,-116.6805419921875
102.452,136,1,0.0,0.0,611.09716796875,-116.6805419921875
102.467,136,1,0.0,0.0,611.09716796875,-116.6805419921875
102.491,136,1,0.0,0.0,611.09716796875,-116.6805419921875
102.492,136,1,0.0,0.0,611.09716796875,-116.6805419921875
102.493,136,1,0.0,0.0,611.09716796875,-116.6805419921875
102.518,136,1,0.0,0.0,611.09716796875,-116.6805419921875
102.531,136,1,0.0,0.0,611.09716796875,-116.6805419921875
102.531,136,1,0.0,0.0,611.09716796875,-116.6805419921875
102.531,136,1,0.0,0.0,611.09716796875,-116.6805419921875
102.569,136,1,0.0,0.0,611.09716796875,-116.6805419921875
102.611,136,1,0.0,0.0,611.09716796875,-116.6805419921875
102.612,136,1,0.0,0.0,611.09716796875,-116.6805419921875
102.612,136,1,0.0,0.0,611.09716796875,-116.6805419921875
102.651,136,1,0.0,0.0,611.09716796875,-116.6805419921875
102.651,136,1,0.0,0.0,611.09716796875,-116.6805419921875
102.651,136,1,0.0,0.0,611.09716796875,-116.6805419921875
102.666,136,1,0.0,0.0,611.09716796875,-116.6805419921875
102.691,136,1,0.0,0.0,611.09716796875,-116.6805419921875
102.692,136,1,0.0,0.0,611.09716796875,-116.6805419921875
102.692,136,1,0.0,0.0,611.09716796875,-116.6805419921875
102.717,136,1,0.0,0.0,611.09716796875,-116.6805419921875
102.732,136,1,0.0,0.0,611.09716796875,-116.6805419921875
102.732,136,1,0.0,0.0,611.09716796875,-116.6805419921875
102.733,136,1,0.0,0.0,611.09716796875,-116.6805419921875
102.768,136,1,0.0,0.0,611.09716796875,-116.6805419921875
102.811,136,1,0.0,0.0,611.09716796875,-116.6805419921875
102.812,136,1,0.0,0.0,611.09716796875,-116.6805419921875
102.812,136,1,0.0,0.0,611.09716796875,-116.6805419921875
102.852,136,1,0.0,0.0,611.09716796875,-116.6805419921875
102.852,136,1,0.0,0.0,611.09716796875,-116.6805419921875
102.852,136,1,0.0,0.0,611.09716796875,-116.6805419921875
102.891,136,1,0.0,0.0,611.09716796875,-116.6805419921875
102.891,136,1,0.0,0.0,611.09716796875,-116.6805419921875
102.891,136,1,0.0,0.0,611.09716796875,-116.6805419921875
102.92,136,1,0.0,0.0,611.09716796875,-116.6805419921875
102.931,136,1,0.0,0.0,611.09716796875,-116.6805419921875
102.931,136,1,0.0,0.0,611.09716796875,-116.6805419921875
102.931,136,1,0.0,0.0,611.09716796875,-116.6805419921875
102.967,136,1,0.0,0.0,611.09716796875,-116.6805419921875
103.011,136,1,0.0,0.0,611.09716796875,-116.6805419921875
103.011,136,1,0.0,0.0,611.09716796875,-116.6805419921875
103.011,136,1,0.0,0.0,611.09716796875,-116.6805419921875
103.051,136,1,0.0,0.0,611.09716796875,-116.6805419921875
103.051,136,1,0.0,0.0,611.09716796875,-116.6805419921875
103.051,136,1,0.0,0.0,611.09716796875,-116.6805419921875
103.091,136,1,0.0,0.0,611.09716796875,-116.6805419921875
103.091,136,1,0.0,0.0,611.09716796875,-116.6805419921875
103.091,136,1,0.0,0.0,611.09716796875,-116.6805419921875
103.116,136,1,0.0,0.0,611.09716796875,-116.6805419921875
103.131,136,1,0.0,0.0,611.09716796875,-116.6805419921875
103.131,136,1,0.0,0.0,611.09716796875,-116.6805419921875
103.131,136,1,0.0,0.0,611.09716796875,-116.6805419921875
103.169,136,1,0.0,0.0,611.09716796875,-116.6805419921875
103.211,136,1,0.0,0.0,611.09716796875,-116.6805419921875
103.211,136,1,0.0,0.0,611.09716796875,-116.6805419921875
103.212,136,1,0.0,0.0,611.09716796875,-116.6805419921875
103.252,136,1,0.0,0.0,611.09716796875,-116.6805419921875
103.252,136,1,0.0,0.0,611.09716796875,-116.6805419921875
103.252,136,1,0.0,0.0,611.09716796875,-116.6805419921875
103.269,136,1,0.0,0.0,611.09716796875,-116.6805419921875
103.291,136,1,0.0,0.0,611.09716796875,-116.6805419921875
103.291,136,1,0.0,0.0,611.09716796875,-116.6805419921875
103.291,136,1,0.0,0.0,611.09716796875,-116.6805419921875
103.331,136,1,0.0,0.0,611.09716796875,-116.6805419921875
103.331,136,1,0.0,0.0,611.09716796875,-116.6805419921875
103.332,136,1,0.0,0.0,611.09716796875,-116.6805419921875
103.367,136,1,0.0,0.0,611.09716796875,-116.6805419921875
103.412,136,1,0.0,0.0,611.09716796875,-116.6805419921875
103.412,136,1,0.0,0.0,611.09716796875,-116.6805419921875
103.412,136,1,0.0,0.0,611.09716796875,-116.6805419921875
103.452,136,1,0.0,0.0,611.09716796875,-116.6805419921875
103.452,136,1,0.0,0.0,611.09716796875,-116.6805419921875
103.452,136,1,0.0,0.0,611.09716796875,-116.6805419921875
103.466,136,1,0.0,0.0,611.09716796875,-116.6805419921875
103.491,136,1,0.0,0.0,611.09716796875,-116.6805419921875
103.491,136,1,0.0,0.0,611.09716796875,-116.6805419921875
103.491,136,1,0.0,0.0,611.09716796875,-116.6805419921875
103.517,136,1,0.0,0.0,611.09716796875,-116.6805419921875
103.531,136,1,0.0,0.0,611.09716796875,-116.6805419921875
103.532,136,1,0.0,0.0,611.09716796875,-116.6805419921875
103.532,136,1,0.0,0.0,611.09716796875,-116.6805419921875
103.566,136,1,0.0,0.0,611.09716796875,-116.6805419921875
103.611,136,1,0.0,0.0,611.09716796875,-116.6805419921875
103.611,136,1,0.0,0.0,611.09716796875,-116.6805419921875
103.612,136,1,0.0,0.0,611.09716796875,-116.6805419921875
103.652,136,1,0.0,0.0,611.09716796875,-116.6805419921875
103.652,136,1,0.0,0.0,611.09716796875,-116.6805419921875
103.653,136,1,0.0,0.0,611.09716796875,-116.6805419921875
103.668,136,1,0.0,0.0,611.09716796875,-116.6805419921875
103.692,136,1,0.0,0.0,611.09716796875,-116.6805419921875
103.692,136,1,0.0,0.0,611.09716796875,-116.6805419921875
103.692,136,1,0.0,0.0,611.09716796875,-116.6805419921875
103.731,136,1,0.0,0.0,611.09716796875,-116.6805419921875
103.731,136,1,0.0,0.0,611.09716796875,-116.6805419921875
103.731,136,1,0.0,0.0,611.09716796875,-116.6805419921875
103.767,136,1,0.0,0.0,611.09716796875,-116.6805419921875
103.811,136,1,0.0,0.0,611.09716796875,-116.6805419921875
103.812,136,1,0.0,0.0,611.09716796875,-116.6805419921875
103.812,136,1,0.0,0.0,611.09716796875,-116.6805419921875
103.852,136,1,0.0,0.0,611.09716796875,-116.6805419921875
103.852,136,1,0.0,0.0,611.09716796875,-116.6805419921875
103.852,136,1,0.0,0.0,611.09716796875,-116.6805419921875
103.87,136,1,0.0,0.0,611.09716796875,-116.6805419921875
103.891,136,1,0.0,0.0,611.09716796875,-116.6805419921875
103.891,136,1,0.0,0.0,611.09716796875,-116.6805419921875
103.891,136,1,0.0,0.0,611.09716796875,-116.6805419921875
103.92,136,1,0.0,0.0,611.09716796875,-116.6805419921875
103.931,136,1,0.0,0.0,611.09716796875,-116.6805419921875
103.931,136,1,0.0,0.0,611.09716796875,-116.6805419921875
103.931,136,1,0.0,0.0,611.09716796875,-116.6805419921875
103.967,136,1,0.0,0.0,611.09716796875,-116.6805419921875
104.011,136,1,0.0,0.0,611.09716796875,-116.6805419921875
104.011,136,1,0.0,0.0,611.09716796875,-116.6805419921875
104.011,136,1,0.0,0.0,611.09716796875,-116.6805419921875
104.051,136,1,0.0,0.0,611.09716796875,-116.6805419921875
104.052,136,1,0.0,0.0,611.09716796875,-116.6805419921875
104.052,136,1,0.0,0.0,611.09716796875,-116.6805419921875
104.091,136,1,0.0,0.0,611.09716796875,-116.6805419921875
104.092,136,1,0.0,0.0,611.09716796875,-116.6805419921875
104.092,136,1,0.0,0.0,611.09716796875,-116.6805419921875
104.131,136,1,0.0,0.0,611.09716796875,-116.6805419921875
104.132,136,1,0.0,0.0,611.09716796875,-116.6805419921875
104.132,136,1,0.0,0.0,611.09716796875,-116.6805419921875
104.182,136,1,0.0,0.0,611.09716796875,-116.6805419921875
104.211,136,1,0.0,0.0,611.09716796875,-116.6805419921875
104.211,136,1,0.0,0.0,611.09716796875,-116.6805419921875
104.212,136,1,0.0,0.0,611.09716796875,-116.6805419921875
104.252,136,1,0.0,0.0,611.09716796875,-116.6805419921875
104.252,136,1,0.0,0.0,611.09716796875,-116.6805419921875
104.252,136,1,0.0,0.0,611.09716796875,-116.6805419921875
104.291,136,1,0.0,0.0,611.09716796875,-116.6805419921875
104.295,136,1,0.0,0.0,611.09716796875,-116.6805419921875
104.295,136,1,0.0,0.0,611.09716796875,-116.6805419921875
104.318,136,1,0.0,0.0,611.09716796875,-116.6805419921875
104.331,136,1,0.0,0.0,611.09716796875,-116.6805419921875
104.331,136,1,0.0,0.0,611.09716796875,-116.6805419921875
104.332,136,1,0.0,0.0,611.09716796875,-116.6805419921875
104.382,136,1,0.0,0.0,611.09716796875,-116.6805419921875
104.411,136,1,0.0,0.0,611.09716796875,-116.6805419921875
104.412,136,1,0.0,0.0,611.09716796875,-116.6805419921875
104.412,136,1,0.0,0.0,611.09716796875,-116.6805419921875
104.451,136,1,0.0,0.0,611.09716796875,-116.6805419921875
104.452,136,1,0.0,0.0,611.09716796875,-116.6805419921875
104.452,136,1,0.0,0.0,611.09716796875,-116.6805419921875
104.469,136,1,0.0,0.0,611.09716796875,-116.6805419921875
104.492,136,1,0.0,0.0,611.09716796875,-116.6805419921875
104.492,136,1,0.0,0.0,611.09716796875,-116.6805419921875
104.492,136,1,0.0,0.0,611.09716796875,-116.6805419921875
104.519,136,1,0.0,0.0,611.09716796875,-116.6805419921875
104.532,136,1,0.0,0.0,611.09716796875,-116.6805419921875
104.533,136,1,0.0,0.0,611.09716796875,-116.6805419921875
104.533,136,1,0.0,0.0,611.09716796875,-116.6805419921875
104.584,136,1,0.0,0.0,611.09716796875,-116.6805419921875
104.611,136,1,0.0,0.0,611.09716796875,-116.6805419921875
104.611,136,1,0.0,0.0,611.09716796875,-116.6805419921875
104.612,136,1,0.0,0.0,611.09716796875,-116.6805419921875
104.651,136,1,0.0,0.0,611.09716796875,-116.6805419921875
104.652,136,1,0.0,0.0,611.09716796875,-116.6805419921875
104.652,136,1,0.0,0.0,611.09716796875,-116.6805419921875
104.668,136,1,0.0,0.0,611.09716796875,-116.6805419921875
104.691,136,1,0.0,0.0,611.09716796875,-116.6805419921875
104.691,136,1,0.0,0.0,611.09716796875,-116.6805419921875
104.691,136,1,0.0,0.0,611.09716796875,-116.6805419921875
104.717,136,1,0.0,0.0,611.09716796875,-116.6805419921875
104.731,136,1,0.0,0.0,611.09716796875,-116.6805419921875
104.731,136,1,0.0,0.0,611.09716796875,-116.6805419921875
104.731,136,1,0.0,0.0,611.09716796875,-116.6805419921875
104.782,136,1,0.0,0.0,611.09716796875,-116.6805419921875
104.812,136,1,0.0,0.0,611.09716796875,-116.6805419921875
104.812,136,1,0.0,0.0,611.09716796875,-116.6805419921875
104.812,136,1,0.0,0.0,611.09716796875,-116.6805419921875
104.852,136,1,0.0,0.0,611.09716796875,-116.6805419921875
104.852,136,1,0.0,0.0,611.09716796875,-116.6805419921875
104.855,136,1,0.0,0.0,611.09716796875,-116.6805419921875
104.866,136,1,0.0,0.0,611.09716796875,-116.6805419921875
104.891,136,1,0.0,0.0,611.09716796875,-116.6805419921875
104.892,136,1,0.0,0.0,611.09716796875,-116.6805419921875
104.892,136,1,0.0,0.0,611.09716796875,-116.6805419921875
104.921,136,1,0.0,0.0,611.09716796875,-116.6805419921875
104.931,136,1,0.0,0.0,611.09716796875,-116.6805419921875
104.931,136,1,0.0,0.0,611.09716796875,-116.6805419921875
104.931,136,1,0.0,0.0,611.09716796875,-116.6805419921875
104.969,136,1,0.0,0.0,611.09716796875,-116.6805419921875
105.012,136,1,0.0,0.0,611.09716796875,-116.6805419921875
105.012,136,1,0.0,0.0,611.09716796875,-116.6805419921875
105.012,136,1,0.0,0.0,611.09716796875,-116.6805419921875
105.051,136,1,0.0,0.0,611.09716796875,-116.6805419921875
105.051,136,1,0.0,0.0,611.09716796875,-116.6805419921875
105.051,136,1,0.0,0.0,611.09716796875,-116.6805419921875
105.091,136,1,0.0,0.0,611.09716796875,-116.6805419921875
105.091,136,1,0.0,0.0,611.09716796875,-116.6805419921875
105.092,136,1,0.0,0.0,611.09716796875,-116.6805419921875
105.131,136,1,0.0,0.0,611.09716796875,-116.6805419921875
105.132,136,1,0.0,0.0,611.09716796875,-116.6805419921875
105.132,136,1,0.0,0.0,611.09716796875,-116.6805419921875
105.182,136,1,0.0,0.0,611.09716796875,-116.6805419921875
105.211,136,1,0.0,0.0,611.09716796875,-116.6805419921875
105.212,136,1,0.0,0.0,611.09716796875,-116.6805419921875
105.212,136,1,0.0,0.0,611.09716796875,-116.6805419921875
105.251,136,1,0.0,0.0,611.09716796875,-116.6805419921875
105.251,136,1,0.0,0.0,611.09716796875,-116.6805419921875
105.252,136,1,0.0,0.0,611.09716796875,-116.6805419921875
105.292,136,1,0.0,0.0,611.09716796875,-116.6805419921875
105.292,136,1,0.0,0.0,611.09716796875,-116.6805419921875
105.295,136,1,0.0,0.0,611.09716796875,-116.6805419921875
105.317,136,1,0.0,0.0,611.09716796875,-116.6805419921875
105.331,136,3,0.0,0.0,611.09716796875,-116.6805419921875
105.332,136,3,0.0,0.0,611.09716796875,-116.6805419921875
105.332,136,3,0.0,0.0,611.09716796875,-116.6805419921875
105.383,136,3,0.0,0.0,611.09716796875,-116.6805419921875
105.412,136,3,0.0,0.0,611.09716796875,-116.6805419921875
105.412,136,3,0.0,0.0,611.09716796875,-116.6805419921875
105.412,136,3,0.0,0.0,611.09716796875,-116.6805419921875
105.451,136,3,0.0,0.0,611.09716796875,-116.6805419921875
105.451,136,3,0.0,0.0,611.09716796875,-116.6805419921875
105.451,136,3,0.0,0.0,611.09716796875,-116.6805419921875
105.491,136,3,0.0,0.0,611.09716796875,-116.6805419921875
105.491,136,3,0.0,0.0,611.09716796875,-116.6805419921875
105.492,136,3,0.0,0.0,611.09716796875,-116.6805419921875
105.531,136,3,0.0,0.0,611.09716796875,-116.6805419921875
105.532,136,3,0.0,0.0,611.09716796875,-116.6805419921875
105.532,136,3,0.0,0.0,611.09716796875,-116.6805419921875
105.569,136,3,0.0,0.0,611.09716796875,-116.6805419921875
105.612,136,3,0.0,0.0,611.09716796875,-116.6805419921875
105.612,136,3,0.0,0.0,611.09716796875,-116.6805419921875
105.612,136,3,0.0,0.0,611.09716796875,-116.6805419921875
105.651,136,3,0.0,0.0,611.09716796875,-116.6805419921875
105.652,136,3,0.0,0.0,611.09716796875,-116.6805419921875
105.652,136,3,0.0,0.0,611.09716796875,-116.6805419921875
105.692,136,3,0.0,0.0,611.09716796875,-116.6805419921875
105.692,136,3,0.0,0.0,611.09716796875,-116.6805419921875
105.692,136,3,0.0,0.0,611.09716796875,-116.6805419921875
105.718,136,3,0.0,0.0,611.09716796875,-116.6805419921875
105.731,136,3,0.0,0.0,611.09716796875,-116.6805419921875
105.731,136,3,0.0,0.0,611.09716796875,-116.6805419921875
105.731,136,3,0.0,0.0,611.09716796875,-116.6805419921875
105.766,136,3,0.0,0.0,611.09716796875,-116.6805419921875
105.811,136,3,0.0,0.0,611.09716796875,-116.6805419921875
105.811,136,3,0.0,0.0,611.09716796875,-116.6805419921875
105.811,136,3,0.0,0.0,611.09716796875,-116.6805419921875
105.851,136,3,0.0,0.0,611.09716796875,-116.6805419921875
105.852,136,3,0.0,0.0,611.09716796875,-116.6805419921875
105.852,136,3,0.0,0.0,611.09716796875,-116.6805419921875
105.865,136,3,0.0,0.0,611.09716796875,-116.6805419921875
105.892,136,3,0.0,0.0,611.09716796875,-116.6805419921875
105.892,136,3,0.0,0.0,611.09716796875,-116.6805419921875
105.895,136,3,0.0,0.0,611.09716796875,-116.6805419921875
105.919,136,3,0.0,0.0,611.09716796875,-116.6805419921875
105.931,136,3,0.0,0.0,611.09716796875,-116.6805419921875
105.931,136,3,0.0,0.0,611.09716796875,-116.6805419921875
105.931,136,3,0.0,0.0,611.09716796875,-116.6805419921875
105.967,136,3,0.0,0.0,611.09716796875,-116.6805419921875
106.011,136,3,0.0,0.0,611.09716796875,-116.6805419921875
106.012,136,3,0.0,0.0,611.09716796875,-116.6805419921875
106.012,136,3,0.0,0.0,611.09716796875,-116.6805419921875
106.053,136,3,0.0,0.0,611.09716796875,-116.6805419921875
106.053,136,3,0.0,0.0,611.09716796875,-116.6805419921875
106.053,136,3,0.0,0.0,611.09716796875,-116.6805419921875
106.068,136,3,0.0,0.0,611.09716796875,-116.6805419921875
106.091,136,3,0.0,0.0,611.09716796875,-116.6805419921875
106.091,136,3,0.0,0.0,611.09716796875,-116.6805419921875
106.091,136,3,0.0,0.0,611.09716796875,-116.6805419921875
106.116,136,3,0.0,0.0,611.09716796875,-116.6805419921875
106.132,136,3,0.0,0.0,611.09716796875,-116.6805419921875
106.132,136,3,0.0,0.0,611.09716796875,-116.6805419921875
106.134,136,3,0.0,0.0,611.09716796875,-116.6805419921875
106.165,136,3,0.0,0.0,611.09716796875,-116.6805419921875
106.211,136,3,0.0,0.0,611.09716796875,-116.6805419921875
106.212,136,3,0.0,0.0,611.09716796875,-116.6805419921875
106.212,136,3,0.0,0.0,611.09716796875,-116.6805419921875
106.251,136,3,0.0,0.0,611.09716796875,-116.6805419921875
106.251,136,3,0.0,0.0,611.09716796875,-116.6805419921875
106.251,136,3,0.0,0.0,611.09716796875,-116.6805419921875
106.264,136,3,0.0,0.0,611.09716796875,-116.6805419921875
106.292,136,3,0.0,0.0,611.09716796875,-116.6805419921875
106.292,136,3,0.0,0.0,611.09716796875,-116.6805419921875
106.293,136,3,0.0,0.0,611.09716796875,-116.6805419921875
106.317,136,3,0.0,0.0,611.09716796875,-116.6805419921875
106.331,136,3,0.0,0.0,611.09716796875,-116.6805419921875
106.331,136,3,0.0,0.0,611.09716796875,-116.6805419921875
106.331,136,3,0.0,0.0,611.09716796875,-116.6805419921875
106.366,136,3,0.0,0.0,611.09716796875,-116.6805419921875
106.411,136,3,0.0,0.0,611.09716796875,-116.6805419921875
106.411,136,3,0.0,0.0,611.09716796875,-116.6805419921875
106.411,136,3,0.0,0.0,611.09716796875,-116.6805419921875
106.451,136,3,0.0,0.0,611.09716796875,-116.6805419921875
106.452,136,3,0.0,0.0,611.09716796875,-116.6805419921875
106.452,136,3,0.0,0.0,611.09716796875,-116.6805419921875
106.491,136,3,0.0,0.0,611.09716796875,-116.6805419921875
106.492,136,3,0.0,0.0,611.09716796875,-116.6805419921875
106.492,136,3,0.0,0.0,611.09716796875,-116.6805419921875
106.531,136,3,0.0,0.0,611.09716796875,-116.6805419921875
106.532,136,3,0.0,0.0,611.09716796875,-116.6805419921875
106.532,136,3,0.0,0.0,611.09716796875,-116.6805419921875
106.566,136,3,0.0,0.0,611.09716796875,-116.6805419921875
106.612,136,3,0.0,0.0,611.09716796875,-116.6805419921875
106.612,136,3,0.0,0.0,611.09716796875,-116.6805419921875
106.612,136,3,0.0,0.0,611.09716796875,-116.6805419921875
106.652,136,3,0.0,0.0,611.09716796875,-116.6805419921875
106.652,136,3,0.0,0.0,611.09716796875,-116.6805419921875
106.652,136,3,0.0,0.0,611.09716796875,-116.6805419921875
106.692,136,3,0.0,0.0,611.09716796875,-116.6805419921875
106.692,136,3,0.0,0.0,611.09716796875,-116.6805419921875
106.692,136,3,0.0,0.0,611.09716796875,-116.6805419921875
106.716,136,3,0.0,0.0,611.09716796875,-116.6805419921875
106.731,136,3,0.0,0.0,611.09716796875,-116.6805419921875
106.731,136,3,0.0,0.0,611.09716796875,-116.6805419921875
106.731,136,3,0.0,0.0,611.09716796875,-116.6805419921875
106.782,136,3,0.0,0.0,611.09716796875,-116.6805419921875
106.811,136,3,0.0,0.0,611.09716796875,-116.6805419921875
106.811,136,3,0.0,0.0,611.09716796875,-116.6805419921875
106.811,136,3,0.0,0.0,611.09716796875,-116.6805419921875
106.852,136,3,0.0,0.0,611.09716796875,-116.6805419921875
106.852,136,3,0.0,0.0,611.09716796875,-116.6805419921875
106.852,136,3,0.0,0.0,611.09716796875,-116.6805419921875
106.865,136,3,0.0,0.0,611.09716796875,-116.6805419921875
106.892,136,3,0.0,0.0,611.09716796875,-116.6805419921875
106.892,136,3,0.0,0.0,611.09716796875,-116.6805419921875
106.893,136,3,0.0,0.0,611.09716796875,-116.6805419921875
106.917,136,3,0.0,0.0,611.09716796875,-116.6805419921875
106.931,136,3,0.0,0.0,611.09716796875,-116.6805419921875
106.931,136,3,0.0,0.0,611.09716796875,-116.6805419921875
106.931,136,3,0.0,0.0,611.09716796875,-116.6805419921875
106.969,136,3,0.0,0.0,611.09716796875,-116.6805419921875
107.012,136,3,0.0,0.0,611.09716796875,-116.6805419921875
107.012,136,3,0.0,0.0,611.09716796875,-116.6805419921875
107.014,136,3,0.0,0.0,611.09716796875,-116.6805419921875
107.051,136,3,0.0,0.0,611.09716796875,-116.6805419921875
107.051,136,3,0.0,0.0,611.09716796875,-116.6805419921875
107.051,136,3,0.0,0.0,611.09716796875,-116.6805419921875
107.092,136,3,0.0,0.0,611.09716796875,-116.6805419921875
107.092,136,3,0.0,0.0,611.09716796875,-116.6805419921875
107.092,136,3,0.0,0.0,611.09716796875,-116.6805419921875
107.119,136,3,0.0,0.0,611.09716796875,-116.6805419921875
107.131,136,3,0.0,0.0,611.09716796875,-116.6805419921875
107.131,136,3,0.0,0.0,611.09716796875,-116.6805419921875
107.132,136,3,0.0,0.0,611.09716796875,-116.6805419921875
107.166,136,3,0.0,0.0,611.09716796875,-116.6805419921875
107.212,136,3,0.0,0.0,611.09716796875,-116.6805419921875
107.212,136,3,0.0,0.0,611.09716796875,-116.6805419921875
107.213,136,3,0.0,0.0,611.09716796875,-116.6805419921875
107.251,136,3,0.0,0.0,611.09716796875,-116.6805419921875
107.252,136,3,0.0,0.0,611.09716796875,-116.6805419921875
107.252,136,3,0.0,0.0,611.09716796875,-116.6805419921875
107.292,136,3,0.0,0.0,611.09716796875,-116.6805419921875
107.292,136,3,0.0,0.0,611.09716796875,-116.6805419921875
107.292,136,3,0.0,0.0,611.09716796875,-116.6805419921875
107.331,136,3,0.0,0.0,611.09716796875,-116.6805419921875
107.331,136,3,0.0,0.0,611.09716796875,-116.6805419921875
107.331,136,3,0.0,0.0,611.09716796875,-116.6805419921875
107.382,136,3,0.0,0.0,611.09716796875,-116.6805419921875
107.411,136,3,0.0,0.0,611.09716796875,-116.6805419921875
107.411,136,3,0.0,0.0,611.09716796875,-116.6805419921875
107.412,136,3,0.0,0.0,611.09716796875,-116.6805419921875
107.451,136,3,0.0,0.0,611.09716796875,-116.6805419921875
107.451,136,3,0.0,0.0,611.09716796875,-116.6805419921875
107.451,136,3,0.0,0.0,611.09716796875,-116.6805419921875
107.467,136,3,0.0,0.0,611.09716796875,-116.6805419921875
107.491,136,3,0.0,0.0,611.09716796875,-116.6805419921875
107.491,136,3,0.0,0.0,611.09716796875,-116.6805419921875
107.492,136,3,0.0,0.0,611.09716796875,-116.6805419921875
107.519,136,3,0.0,0.0,611.09716796875,-116.6805419921875
107.531,136,3,0.0,0.0,611.09716796875,-116.6805419921875
107.531,136,3,0.0,0.0,611.09716796875,-116.6805419921875
107.532,136,3,0.0,0.0,611.09716796875,-116.6805419921875
107.582,136,3,0.0,0.0,611.09716796875,-116.6805419921875
107.611,136,3,0.0,0.0,611.09716796875,-116.6805419921875
107.611,136,3,0.0,0.0,611.09716796875,-116.6805419921875
107.612,136,3,0.0,0.0,611.09716796875,-116.6805419921875
107.651,136,3,0.0,0.0,611.09716796875,-116.6805419921875
107.651,136,3,0.0,0.0,611.09716796875,-116.6805419921875
107.652,136,3,0.0,0.0,611.09716796875,-116.6805419921875
107.667,136,3,0.0,0.0,611.09716796875,-116.6805419921875
107.691,136,3,0.0,0.0,611.09716796875,-116.6805419921875
107.691,136,3,0.0,0.0,611.09716796875,-116.6805419921875
107.692,136,3,0.0,0.0,611.09716796875,-116.6805419921875
107.718,136,3,0.0,0.0,611.09716796875,-116.6805419921875
107.732,136,3,0.0,0.0,611.09716796875,-116.6805419921875
107.732,136,3,0.0,0.0,611.09716796875,-116.6805419921875
107.732,136,3,0.0,0.0,611.09716796875,-116.6805419921875
107.768,136,3,0.0,0.0,611.09716796875,-116.6805419921875
107.811,136,3,0.0,0.0,611.09716796875,-116.6805419921875
107.812,136,3,0.0,0.0,611.09716796875,-116.6805419921875
107.812,136,3,0.0,0.0,611.09716796875,-116.6805419921875
107.851,136,3,0.0,0.0,611.09716796875,-116.6805419921875
107.851,136,3,0.0,0.0,611.09716796875,-116.6805419921875
107.853,136,3,0.0,0.0,611.09716796875,-116.6805419921875
107.891,136,3,0.0,0.0,611.09716796875,-116.6805419921875
107.892,136,3,0.0,0.0,611.09716796875,-116.6805419921875
107.895,136,3,0.0,0.0,611.09716796875,-116.6805419921875
107.915,136,3,0.0,0.0,611.09716796875,-116.6805419921875
107.931,136,3,0.0,0.0,611.09716796875,-116.6805419921875
107.932,136,3,0.0,0.0,611.09716796875,-116.6805419921875
107.932,136,3,0.0,0.0,611.09716796875,-116.6805419921875
107.967,136,3,0.0,0.0,611.09716796875,-116.6805419921875
108.011,136,3,0.0,0.0,611.09716796875,-116.6805419921875
108.011,136,3,0.0,0.0,611.09716796875,-116.6805419921875
108.012,136,3,0.0,0.0,611.09716796875,-116.6805419921875
108.051,136,3,0.0,0.0,611.09716796875,-116.6805419921875
108.051,136,3,0.0,0.0,611.09716796875,-116.6805419921875
108.051,136,3,0.0,0.0,611.09716796875,-116.6805419921875
108.066,136,3,0.0,0.0,611.09716796875,-116.6805419921875
108.092,136,3,0.0,0.0,611.09716796875,-116.6805419921875
108.092,136,3,0.0,0.0,611.09716796875,-116.6805419921875
108.093,136,3,0.0,0.0,611.09716796875,-116.6805419921875
108.117,136,3,0.0,0.0,611.09716796875,-116.6805419921875
108.131,136,3,0.0,0.0,611.09716796875,-116.6805419921875
108.132,136,3,0.0,0.0,611.09716796875,-116.6805419921875
108.132,136,3,0.0,0.0,611.09716796875,-116.6805419921875
108.182,136,3,0.0,0.0,611.09716796875,-116.6805419921875
108.211,136,3,0.0,0.0,611.09716796875,-116.6805419921875
108.211,136,3,0.0,0.0,611.09716796875,-116.6805419921875
108.211,136,3,0.0,0.0,611.09716796875,-116.6805419921875
108.252,136,3,0.0,0.0,611.09716796875,-116.6805419921875
108.252,136,3,0.0,0.0,611.09716796875,-116.6805419921875
108.252,136,3,0.0,0.0,611.09716796875,-116.6805419921875
108.272,136,3,0.0,0.0,611.09716796875,-116.6805419921875
108.291,136,3,0.0,0.0,611.09716796875,-116.6805419921875
108.291,136,3,0.0,0.0,611.09716796875,-116.6805419921875
108.291,136,3,0.0,0.0,611.09716796875,-116.6805419921875
108.316,136,3,0.0,0.0,611.09716796875,-116.6805419921875
108.332,136,3,0.0,0.0,611.09716796875,-116.6805419921875
108.332,136,3,0.0,0.0,611.09716796875,-116.6805419921875
108.332,136,3,0.0,0.0,611.09716796875,-116.6805419921875
108.383,136,3,0.0,0.0,611.09716796875,-116.6805419921875
108.411,136,3,0.0,0.0,611.09716796875,-116.6805419921875
108.411,136,3,0.0,0.0,611.09716796875,-116.6805419921875
108.411,136,3,0.0,0.0,611.09716796875,-116.6805419921875
108.452,136,3,0.0,0.0,611.09716796875,-116.6805419921875
108.452,136,3,0.0,0.0,611.09716796875,-116.6805419921875
108.453,136,3,0.0,0.0,611.09716796875,-116.6805419921875
108.47,136,3,0.0,0.0,611.09716796875,-116.6805419921875
108.491,136,3,0.0,0.0,611.09716796875,-116.6805419921875
108.491,136,3,0.0,0.0,611.09716796875,-116.6805419921875
108.491,136,3,0.0,0.0,611.09716796875,-116.6805419921875
108.518,136,3,0.0,0.0,611.09716796875,-116.6805419921875
108.531,136,3,0.0,0.0,611.09716796875,-116.6805419921875
108.531,136,3,0.0,0.0,611.09716796875,-116.6805419921875
108.531,136,3,0.0,0.0,611.09716796875,-116.6805419921875
108.567,136,3,0.0,0.0,611.09716796875,-116.6805419921875
108.611,136,3,0.0,0.0,611.09716796875,-116.6805419921875
108.612,136,3,0.0,0.0,611.09716796875,-116.6805419921875
108.612,136,3,0.0,0.0,611.09716796875,-116.6805419921875
108.651,136,3,0.0,0.0,611.09716796875,-116.6805419921875
108.652,136,3,0.0,0.0,611.09716796875,-116.6805419921875
108.652,136,3,0.0,0.0,611.09716796875,-116.6805419921875
108.665,136,3,0.0,0.0,611.09716796875,-116.6805419921875
108.691,136,3,0.0,0.0,611.09716796875,-116.6805419921875
108.692,136,3,0.0,0.0,611.09716796875,-116.6805419921875
108.692,136,3,0.0,0.0,611.09716796875,-116.6805419921875
108.732,136,3,0.0,0.0,611.09716796875,-116.6805419921875
108.732,136,3,0.0,0.0,611.09716796875,-116.6805419921875
108.732,136,3,0.0,0.0,611.09716796875,-116.6805419921875
108.767,136,3,0.0,0.0,611.09716796875,-116.6805419921875
108.812,136,3,0.0,0.0,611.09716796875,-116.6805419921875
108.812,136,3,0.0,0.0,611.09716796875,-116.6805419921875
108.812,136,3,0.0,0.0,611.09716796875,-116.6805419921875
108.851,136,3,0.0,0.0,611.09716796875,-116.6805419921875
108.852,136,3,0.0,0.0,611.09716796875,-116.6805419921875
108.852,136,3,0.0,0.0,611.09716796875,-116.6805419921875
108.868,136,3,0.0,0.0,611.09716796875,-116.6805419921875
108.892,136,3,0.0,0.0,611.09716796875,-116.6805419921875
108.892,136,3,0.0,0.0,611.09716796875,-116.6805419921875
108.892,136,3,0.0,0.0,611.09716796875,-116.6805419921875
108.918,136,3,0.0,0.0,611.09716796875,-116.6805419921875
108.931,136,3,0.0,0.0,611.09716796875,-116.6805419921875
108.932,136,3,0.0,0.0,611.09716796875,-116.6805419921875
108.932,136,3,0.0,0.0,611.09716796875,-116.6805419921875
108.966,136,3,0.0,0.0,611.09716796875,-116.6805419921875
109.011,136,3,0.0,0.0,611.09716796875,-116.6805419921875
109.012,136,3,0.0,0.0,611.09716796875,-116.6805419921875
109.012,136,3,0.0,0.0,611.09716796875,-116.6805419921875
109.051,136,3,0.0,0.0,611.09716796875,-116.6805419921875
109.051,136,3,0.0,0.0,611.09716796875,-116.6805419921875
109.052,136,3,0.0,0.0,611.09716796875,-116.6805419921875
109.065,136,3,0.0,0.0,611.09716796875,-116.6805419921875
109.091,136,3,0.0,0.0,611.09716796875,-116.6805419921875
109.091,136,3,0.0,0.0,611.09716796875,-116.6805419921875
109.091,136,3,0.0,0.0,611.09716796875,-116.6805419921875
109.116,136,3,0.0,0.0,611.09716796875,-116.6805419921875
109.131,136,3,0.0,0.0,611.09716796875,-116.6805419921875
109.131,136,3,0.0,0.0,611.09716796875,-116.6805419921875
109.131,136,3,0.0,0.0,611.09716796875,-116.6805419921875
109.167,136,3,0.0,0.0,611.09716796875,-116.6805419921875
109.212,136,3,0.0,0.0,611.09716796875,-116.6805419921875
109.212,136,3,0.0,0.0,611.09716796875,-116.6805419921875
109.212,136,3,0.0,0.0,611.09716796875,-116.6805419921875
109.252,136,3,0.0,0.0,611.09716796875,-116.6805419921875
109.252,136,3,0.0,0.0,611.09716796875,-116.6805419921875
109.253,136,3,0.0,0.0,611.09716796875,-116.6805419921875
109.292,136,3,0.0,0.0,611.09716796875,-116.6805419921875
109.292,136,3,0.0,0.0,611.09716796875,-116.6805419921875
109.297,136,3,0.0,0.0,611.09716796875,-116.6805419921875
109.333,136,3,0.0,0.0,611.09716796875,-116.6805419921875
109.333,136,3,0.0,0.0,611.09716796875,-116.6805419921875
109.334,136,3,0.0,0.0,611.09716796875,-116.6805419921875
109.366,136,3,0.0,0.0,611.09716796875,-116.6805419921875
109.412,136,3,0.0,0.0,611.09716796875,-116.6805419921875
109.412,136,3,0.0,0.0,611.09716796875,-116.6805419921875
109.413,136,3,0.0,0.0,611.09716796875,-116.6805419921875
109.451,136,3,0.0,0.0,611.09716796875,-116.6805419921875
109.452,136,3,0.0,0.0,611.09716796875,-116.6805419921875
109.452,136,3,0.0,0.0,611.09716796875,-116.6805419921875
109.47,136,3,0.0,0.0,611.09716796875,-116.6805419921875
109.491,136,3,0.0,0.0,611.09716796875,-116.6805419921875
109.491,136,3,0.0,0.0,611.09716796875,-116.6805419921875
109.492,136,3,0.0,0.0,611.09716796875,-116.6805419921875
109.531,136,3,0.0,0.0,611.09716796875,-116.6805419921875
109.532,136,3,0.0,0.0,611.09716796875,-116.6805419921875
109.532,136,3,0.0,0.0,611.09716796875,-116.6805419921875
109.582,136,3,0.0,0.0,611.09716796875,-116.6805419921875
109.612,136,3,0.0,0.0,611.09716796875,-116.6805419921875
109.612,136,3,0.0,0.0,611.09716796875,-116.6805419921875
109.612,136,3,0.0,0.0,611.09716796875,-116.6805419921875
109.651,136,3,0.0,0.0,611.09716796875,-116.6805419921875
109.651,136,3,0.0,0.0,611.09716796875,-116.6805419921875
109.652,136,3,0.0,0.0,611.09716796875,-116.6805419921875
109.692,136,3,0.0,0.0,611.09716796875,-116.6805419921875
109.692,136,3,0.0,0.0,611.09716796875,-116.6805419921875
109.692,136,3,0.0,0.0,611.09716796875,-116.6805419921875
109.717,136,3,0.0,0.0,611.09716796875,-116.6805419921875
109.731,136,3,0.0,0.0,611.09716796875,-116.6805419921875
109.731,136,3,0.0,0.0,611.09716796875,-116.6805419921875
109.731,136,3,0.0,0.0,611.09716796875,-116.6805419921875
109.769,136,3,0.0,0.0,611.09716796875,-116.6805419921875
109.811,136,3,0.0,0.0,611.09716796875,-116.6805419921875
109.811,136,3,0.0,0.0,611.09716796875,-116.6805419921875
109.812,136,3,0.0,0.0,611.09716796875,-116.6805419921875
109.852,136,3,0.0,0.0,611.09716796875,-116.6805419921875
109.853,136,3,0.0,0.0,611.09716796875,-116.6805419921875
109.853,136,3,0.0,0.0,611.09716796875,-116.6805419921875
109.869,136,3,0.0,0.0,611.09716796875,-116.6805419921875
109.891,136,3,0.0,0.0,611.09716796875,-116.6805419921875
109.891,136,3,0.0,0.0,611.09716796875,-116.6805419921875
109.892,136,3,0.0,0.0,611.09716796875,-116.6805419921875
109.92,136,3,0.0,0.0,611.09716796875,-116.6805419921875
109.932,136,3,0.0,0.0,611.09716796875,-116.6805419921875
109.932,136,3,0.0,0.0,611.09716796875,-116.6805419921875
109.934,136,3,0.0,0.0,611.09716796875,-116.6805419921875
109.969,136,3,0.0,0.0,611.09716796875,-116.6805419921875
110.011,136,3,0.0,0.0,611.09716796875,-116.6805419921875
110.011,136,3,0.0,0.0,611.09716796875,-116.6805419921875
110.011,136,3,0.0,0.0,611.09716796875,-116.6805419921875
110.052,136,3,0.0,0.0,611.09716796875,-116.6805419921875
110.052,136,3,0.0,0.0,611.09716796875,-116.6805419921875
110.053,136,3,0.0,0.0,611.09716796875,-116.6805419921875
110.07,136,3,0.0,0.0,611.09716796875,-116.6805419921875
110.093,136,3,0.0,0.0,611.09716796875,-116.6805419921875
110.093,136,3,0.0,0.0,611.09716796875,-116.6805419921875
110.093,136,3,0.0,0.0,611.09716796875,-116.6805419921875
110.131,136,3,0.0,0.0,611.09716796875,-116.6805419921875
110.131,136,3,0.0,0.0,611.09716796875,-116.6805419921875
110.132,136,3,0.0,0.0,611.09716796875,-116.6805419921875
110.168,136,3,0.0,0.0,611.09716796875,-116.6805419921875
110.212,136,3,0.0,0.0,611.09716796875,-116.6805419921875
110.212,136,3,0.0,0.0,611.09716796875,-116.6805419921875
110.212,136,3,0.0,0.0,611.09716796875,-116.6805419921875
110.251,136,3,0.0,0.0,611.09716796875,-116.6805419921875
110.252,136,3,0.0,0.0,611.09716796875,-116.6805419921875
110.252,136,3,0.0,0.0,611.09716796875,-116.6805419921875
110.292,136,3,0.0,0.0,611.09716796875,-116.6805419921875
110.293,136,3,0.0,0.0,611.09716796875,-116.6805419921875
110.293,136,3,0.0,0.0,611.09716796875,-116.6805419921875
110.332,136,3,0.0,0.0,611.09716796875,-116.6805419921875
110.332,136,3,0.0,0.0,611.09716796875,-116.6805419921875
110.332,136,3,0.0,0.0,611.09716796875,-116.6805419921875
110.383,136,3,0.0,0.0,611.09716796875,-116.6805419921875
110.411,136,3,0.0,0.0,611.09716796875,-116.6805419921875
110.411,136,3,0.0,0.0,611.09716796875,-116.6805419921875
110.412,136,3,0.0,0.0,611.09716796875,-116.6805419921875
110.451,136,3,0.0,0.0,611.09716796875,-116.6805419921875
110.452,136,3,0.0,0.0,611.09716796875,-116.6805419921875
110.452,136,3,0.0,0.0,611.09716796875,-116.6805419921875
110.492,136,3,0.0,0.0,611.09716796875,-116.6805419921875
110.492,136,3,0.0,0.0,611.09716796875,-116.6805419921875
110.493,136,3,0.0,0.0,611.09716796875,-116.6805419921875
110.531,136,3,0.0,0.0,611.09716796875,-116.6805419921875
110.531,136,3,0.0,0.0,611.09716796875,-116.6805419921875
110.532,136,3,0.0,0.0,611.09716796875,-116.6805419921875
110.568,136,3,0.0,0.0,611.09716796875,-116.6805419921875
110.611,136,3,0.0,0.0,611.09716796875,-116.6805419921875
110.612,136,3,0.0,0.0,611.09716796875,-116.6805419921875
110.612,136,3,0.0,0.0,611.09716796875,-116.6805419921875
110.651,136,3,0.0,0.0,611.09716796875,-116.6805419921875
110.652,136,3,0.0,0.0,611.09716796875,-116.6805419921875
110.652,136,3,0.0,0.0,611.09716796875,-116.6805419921875
110.669,136,3,0.0,0.0,611.09716796875,-116.6805419921875
110.691,136,3,0.0,0.0,611.09716796875,-116.6805419921875
110.691,136,3,0.0,0.0,611.09716796875,-116.6805419921875
110.691,136,3,0.0,0.0,611.09716796875,-116.6805419921875
110.717,136,3,0.0,0.0,611.09716796875,-116.6805419921875
110.731,136,3,0.0,0.0,611.09716796875,-116.6805419921875
110.731,136,3,0.0,0.0,611.09716796875,-116.6805419921875
110.732,136,3,0.0,0.0,611.09716796875,-116.6805419921875
110.782,136,3,0.0,0.0,611.09716796875,-116.6805419921875
110.811,136,3,0.0,0.0,611.09716796875,-116.6805419921875
110.811,136,3,0.0,0.0,611.09716796875,-116.6805419921875
110.811,136,3,0.0,0.0,611.09716796875,-116.6805419921875
110.851,136,3,0.0,0.0,611.09716796875,-116.6805419921875
110.852,136,3,0.0,0.0,611.09716796875,-116.6805419921875
110.852,136,3,0.0,0.0,611.09716796875,-116.6805419921875
110.902,136,3,0.0,0.0,611.09716796875,-116.6805419921875
110.902,136,3,0.0,0.0,611.09716796875,-116.6805419921875
110.902,136,3,0.0,0.0,611.09716796875,-116.6805419921875
110.931,136,3,0.0,0.0,611.09716796875,-116.6805419921875
110.931,136,3,0.0,0.0,611.09716796875,-116.6805419921875
110.931,136,3,0.0,0.0,611.09716796875,-116.6805419921875
110.969,136,3,0.0,0.0,611.09716796875,-116.6805419921875
111.012,136,3,0.0,0.0,611.09716796875,-116.6805419921875
111.012,136,3,0.0,0.0,611.09716796875,-116.6805419921875
111.012,136,3,0.0,0.0,611.09716796875,-116.6805419921875
111.052,136,3,0.0,0.0,611.09716796875,-116.6805419921875
111.052,136,3,0.0,0.0,611.09716796875,-116.6805419921875
111.052,136,3,0.0,0.0,611.09716796875,-116.6805419921875
111.067,136,3,0.0,0.0,611.09716796875,-116.6805419921875
111.09,136,3,0.0,0.0,611.09716796875,-116.6805419921875
111.091,136,3,0.0,0.0,611.09716796875,-116.6805419921875
111.091,136,3,0.0,0.0,611.09716796875,-116.6805419921875
111.117,136,3,0.0,0.0,611.09716796875,-116.6805419921875
111.131,136,3,0.0,0.0,611.09716796875,-116.6805419921875
111.131,136,3,0.0,0.0,611.09716796875,-116.6805419921875
111.132,136,3,0.0,0.0,611.09716796875,-116.6805419921875
111.168,136,3,0.0,0.0,611.09716796875,-116.6805419921875
111.212,136,3,0.0,0.0,611.09716796875,-116.6805419921875
111.212,136,3,0.0,0.0,611.09716796875,-116.6805419921875
111.212,136,3,0.0,0.0,611.09716796875,-116.6805419921875
111.252,136,3,0.0,0.0,611.09716796875,-116.6805419921875
111.252,136,3,0.0,0.0,611.09716796875,-116.6805419921875
111.252,136,3,0.0,0.0,611.09716796875,-116.6805419921875
111.268,136,3,0.0,0.0,611.09716796875,-116.6805419921875
111.291,136,3,0.0,0.0,611.09716796875,-116.6805419921875
111.291,136,3,0.0,0.0,611.09716796875,-116.6805419921875
111.292,136,3,0.0,0.0,611.09716796875,-116.6805419921875
111.331,136,3,0.0,0.0,611.09716796875,-116.6805419921875
111.331,136,3,0.0,0.0,611.09716796875,-116.6805419921875
111.331,136,3,0.0,0.0,611.09716796875,-116.6805419921875
111.369,136,3,0.0,0.0,611.09716796875,-116.6805419921875
111.411,136,3,0.0,0.0,611.09716796875,-116.6805419921875
111.412,136,3,0.0,0.0,611.09716796875,-116.6805419921875
111.412,136,3,0.0,0.0,611.09716796875,-116.6805419921875
111.451,136,3,0.0,0.0,611.09716796875,-116.6805419921875
111.452,136,3,0.0,0.0,611.09716796875,-116.6805419921875
111.452,136,3,0.0,0.0,611.09716796875,-116.6805419921875
111.469,136,3,0.0,0.0,611.09716796875,-116.6805419921875
111.492,136,3,0.0,0.0,611.09716796875,-116.6805419921875
111.492,136,3,0.0,0.0,611.09716796875,-116.6805419921875
111.493,136,3,0.0,0.0,611.09716796875,-116.6805419921875
111.519,136,3,0.0,0.0,611.09716796875,-116.6805419921875
111.532,136,3,0.0,0.0,611.09716796875,-116.6805419921875
111.532,136,3,0.0,0.0,611.09716796875,-116.6805419921875
111.532,136,3,0.0,0.0,611.09716796875,-116.6805419921875
111.583,136,3,0.0,0.0,611.09716796875,-116.6805419921875
111.611,136,3,0.0,0.0,611.09716796875,-116.6805419921875
111.611,136,3,0.0,0.0,611.09716796875,-116.6805419921875
111.612,136,3,0.0,0.0,611.09716796875,-116.6805419921875
111.651,136,3,0.0,0.0,611.09716796875,-116.6805419921875
111.651,136,3,0.0,0.0,611.09716796875,-116.6805419921875
111.651,136,3,0.0,0.0,611.09716796875,-116.6805419921875
111.666,136,3,0.0,0.0,611.09716796875,-116.6805419921875
111.691,136,3,0.0,0.0,611.09716796875,-116.6805419921875
111.692,136,3,0.0,0.0,611.09716796875,-116.6805419921875
111.692,136,3,0.0,0.0,611.09716796875,-116.6805419921875
111.716,136,3,0.0,0.0,611.09716796875,-116.6805419921875
111.732,136,3,0.0,0.0,611.09716796875,-116.6805419921875
111.732,136,3,0.0,0.0,611.09716796875,-116.6805419921875
111.733,136,3,0.0,0.0,611.09716796875,-116.6805419921875
111.766,136,3,0.0,0.0,611.09716796875,-116.6805419921875
111.811,136,3,0.0,0.0,611.09716796875,-116.6805419921875
111.812,136,3,0.0,0.0,611.09716796875,-116.6805419921875
111.812,136,3,0.0,0.0,611.09716796875,-116.6805419921875
111.851,136,3,0.0,0.0,611.09716796875,-116.6805419921875
111.852,136,3,0.0,0.0,611.09716796875,-116.6805419921875
111.852,136,3,0.0,0.0,611.09716796875,-116.6805419921875
111.866,136,3,0.0,0.0,611.09716796875,-116.6805419921875
111.892,136,3,0.0,0.0,611.09716796875,-116.6805419921875
111.892,136,3,0.0,0.0,611.09716796875,-116.6805419921875
111.892,136,3,0.0,0.0,611.09716796875,-116.6805419921875
111.917,136,3,0.0,0.0,611.09716796875,-116.6805419921875
111.93,136,3,0.0,0.0,611.09716796875,-116.6805419921875
111.931,136,3,0.0,0.0,611.09716796875,-116.6805419921875
111.932,136,3,0.0,0.0,611.09716796875,-116.6805419921875
111.982,136,3,0.0,0.0,611.09716796875,-116.6805419921875
112.011,136,3,0.0,0.0,611.09716796875,-116.6805419921875
112.011,136,3,0.0,0.0,611.09716796875,-116.6805419921875
112.011,136,3,0.0,0.0,611.09716796875,-116.6805419921875
112.051,136,3,0.0,0.0,611.09716796875,-116.6805419921875
112.052,136,3,0.0,0.0,611.09716796875,-116.6805419921875
112.052,136,3,0.0,0.0,611.09716796875,-116.6805419921875
112.065,136,3,0.0,0.0,611.09716796875,-116.6805419921875
112.091,136,3,0.0,0.0,611.09716796875,-116.6805419921875
112.091,136,3,0.0,0.0,611.09716796875,-116.6805419921875
112.092,136,3,0.0,0.0,611.09716796875,-116.6805419921875
112.131,136,3,0.0,0.0,611.09716796875,-116.6805419921875
112.131,136,3,0.0,0.0,611.09716796875,-116.6805419921875
112.132,136,3,0.0,0.0,611.09716796875,-116.6805419921875
112.182,136,3,0.0,0.0,611.09716796875,-116.6805419921875
112.211,136,3,0.0,0.0,611.09716796875,-116.6805419921875
112.211,136,3,0.0,0.0,611.09716796875,-116.6805419921875
112.213,136,3,0.0,0.0,611.09716796875,-116.6805419921875
112.251,136,3,0.0,0.0,611.09716796875,-116.6805419921875
112.252,136,3,0.0,0.0,611.09716796875,-116.6805419921875
112.252,136,3,0.0,0.0,611.09716796875,-116.6805419921875
112.271,136,3,0.0,0.0,611.09716796875,-116.6805419921875
112.292,136,3,0.0,0.0,611.09716796875,-116.6805419921875
112.292,136,3,0.0,0.0,611.09716796875,-116.6805419921875
112.292,136,3,0.0,0.0,611.09716796875,-116.6805419921875
112.319,136,3,0.0,0.0,611.09716796875,-116.6805419921875
112.331,136,3,0.0,0.0,611.09716796875,-116.6805419921875
112.331,136,3,0.0,0.0,611.09716796875,-116.6805419921875
112.331,136,3,0.0,0.0,611.09716796875,-116.6805419921875
112.382,136,3,0.0,0.0,611.09716796875,-116.6805419921875
112.411,136,3,0.0,0.0,611.09716796875,-116.6805419921875
112.412,136,3,0.0,0.0,611.09716796875,-116.6805419921875
112.412,136,3,0.0,0.0,611.09716796875,-116.6805419921875
112.451,136,3,0.0,0.0,611.09716796875,-116.6805419921875
112.452,136,3,0.0,0.0,611.09716796875,-116.6805419921875
112.452,136,3,0.0,0.0,611.09716796875,-116.6805419921875
112.466,136,3,0.0,0.0,611.09716796875,-116.6805419921875
112.492,136,3,0.0,0.0,611.09716796875,-116.6805419921875
112.492,136,3,0.0,0.0,611.09716796875,-116.6805419921875
112.492,136,3,0.0,0.0,611.09716796875,-116.6805419921875
112.531,136,3,0.0,0.0,611.09716796875,-116.6805419921875
112.531,136,3,0.0,0.0,611.09716796875,-116.6805419921875
112.531,136,3,0.0,0.0,611.09716796875,-116.6805419921875
112.582,136,3,0.0,0.0,611.09716796875,-116.6805419921875
112.613,136,3,0.0,0.0,611.09716796875,-116.6805419921875
112.613,136,3,0.0,0.0,611.09716796875,-116.6805419921875
112.613,136,3,0.0,0.0,611.09716796875,-116.6805419921875
112.651,136,3,0.0,0.0,611.09716796875,-116.6805419921875
112.651,136,3,0.0,0.0,611.09716796875,-116.6805419921875
112.651,136,3,0.0,0.0,611.09716796875,-116.6805419921875
112.691,136,3,0.0,0.0,611.09716796875,-116.6805419921875
112.691,136,3,0.0,0.0,611.09716796875,-116.6805419921875
112.691,136,3,0.0,0.0,611.09716796875,-116.6805419921875
112.731,136,3,0.0,0.0,611.09716796875,-116.6805419921875
112.731,136,3,0.0,0.0,611.09716796875,-116.6805419921875
112.734,136,3,0.0,0.0,611.09716796875,-116.6805419921875
112.784,136,3,0.0,0.0,611.09716796875,-116.6805419921875
112.811,136,3,0.0,0.0,611.09716796875,-116.6805419921875
112.811,136,3,0.0,0.0,611.09716796875,-116.6805419921875
112.812,136,3,0.0,0.0,611.09716796875,-116.6805419921875
112.851,136,3,0.0,0.0,611.09716796875,-116.6805419921875
112.852,136,3,0.0,0.0,611.09716796875,-116.6805419921875
112.852,136,3,0.0,0.0,611.09716796875,-116.6805419921875
112.868,136,3,0.0,0.0,611.09716796875,-116.6805419921875
112.891,136,3,0.0,0.0,611.09716796875,-116.6805419921875
112.891,136,3,0.0,0.0,611.09716796875,-116.6805419921875
112.892,136,3,0.0,0.0,611.09716796875,-116.6805419921875
112.932,136,3,0.0,0.0,611.09716796875,-116.6805419921875
112.932,136,3,0.0,0.0,611.09716796875,-116.6805419921875
112.932,136,3,0.0,0.0,611.09716796875,-116.6805419921875
112.967,136,3,0.0,0.0,611.09716796875,-116.6805419921875
113.011,136,3,0.0,0.0,611.09716796875,-116.6805419921875
113.011,136,3,0.0,0.0,611.09716796875,-116.6805419921875
113.011,136,3,0.0,0.0,611.09716796875,-116.6805419921875
113.052,136,3,0.0,0.0,611.09716796875,-116.6805419921875
113.052,136,3,0.0,0.0,611.09716796875,-116.6805419921875
113.052,136,3,0.0,0.0,611.09716796875,-116.6805419921875
113.066,136,3,0.0,0.0,611.09716796875,-116.6805419921875
113.092,136,3,0.0,0.0,611.09716796875,-116.6805419921875
113.092,136,3,0.0,0.0,611.09716796875,-116.6805419921875
113.092,136,3,0.0,0.0,611.09716796875,-116.6805419921875
113.12,136,3,0.0,0.0,611.09716796875,-116.6805419921875
113.132,136,3,0.0,0.0,611.09716796875,-116.6805419921875
113.132,136,3,0.0,0.0,611.09716796875,-116.6805419921875
113.132,136,3,0.0,0.0,611.09716796875,-116.6805419921875
113.182,136,3,0.0,0.0,611.09716796875,-116.6805419921875
113.211,136,3,0.0,0.0,611.09716796875,-116.6805419921875
113.212,136,3,0.0,0.0,611.09716796875,-116.6805419921875
113.212,136,3,0.0,0.0,611.09716796875,-116.6805419921875
113.251,136,3,0.0,0.0,611.09716796875,-116.6805419921875
113.252,136,3,0.0,0.0,611.09716796875,-116.6805419921875
113.253,136,3,0.0,0.0,611.09716796875,-116.6805419921875
113.267,136,3,0.0,0.0,611.09716796875,-116.6805419921875
113.291,136,3,0.0,0.0,611.09716796875,-116.6805419921875
113.291,136,3,0.0,0.0,611.09716796875,-116.6805419921875
113.291,136,3,0.0,0.0,611.09716796875,-116.6805419921875
113.318,136,3,0.0,0.0,611.09716796875,-116.6805419921875
113.331,136,3,0.0,0.0,611.09716796875,-116.6805419921875
113.331,136,3,0.0,0.0,611.09716796875,-116.6805419921875
113.331,136,3,0.0,0.0,611.09716796875,-116.6805419921875
113.367,136,3,0.0,0.0,611.09716796875,-116.6805419921875
113.412,136,3,0.0,0.0,611.09716796875,-116.6805419921875
113.412,136,3,0.0,0.0,611.09716796875,-116.6805419921875
113.412,136,3,0.0,0.0,611.09716796875,-116.6805419921875
113.451,136,3,0.0,0.0,611.09716796875,-116.6805419921875
113.451,136,3,0.0,0.0,611.09716796875,-116.6805419921875
113.453,136,3,0.0,0.0,611.09716796875,-116.6805419921875
113.468,136,3,0.0,0.0,611.09716796875,-116.6805419921875
113.492,136,3,0.0,0.0,611.09716796875,-116.6805419921875
113.492,136,3,0.0,0.0,611.09716796875,-116.6805419921875
113.492,136,3,0.0,0.0,611.09716796875,-116.6805419921875
113.516,136,3,0.0,0.0,611.09716796875,-116.6805419921875
113.531,136,3,0.0,0.0,611.09716796875,-116.6805419921875
113.532,136,3,0.0,0.0,611.09716796875,-116.6805419921875
113.532,136,3,0.0,0.0,611.09716796875,-116.6805419921875
113.566,136,3,0.0,0.0,611.09716796875,-116.6805419921875
113.611,136,3,0.0,0.0,611.09716796875,-116.6805419921875
113.612,136,3,0.0,0.0,611.09716796875,-116.6805419921875
113.612,136,3,0.0,0.0,611.09716796875,-116.6805419921875
113.651,136,3,0.0,0.0,611.09716796875,-116.6805419921875
113.652,136,3,0.0,0.0,611.09716796875,-116.6805419921875
113.652,136,3,0.0,0.0,611.09716796875,-116.6805419921875
113.692,136,3,0.0,0.0,611.09716796875,-116.6805419921875
113.693,136,3,0.0,0.0,611.09716796875,-116.6805419921875
113.693,136,3,0.0,0.0,611.09716796875,-116.6805419921875
113.731,136,3,0.0,0.0,611.09716796875,-116.6805419921875
113.731,136,3,0.0,0.0,611.09716796875,-116.6805419921875
113.731,136,3,0.0,0.0,611.09716796875,-116.6805419921875
113.768,136,3,0.0,0.0,611.09716796875,-116.6805419921875
113.811,136,3,0.0,0.0,611.09716796875,-116.6805419921875
113.812,136,3,0.0,0.0,611.09716796875,-116.6805419921875
113.813,136,3,0.0,0.0,611.09716796875,-116.6805419921875
113.851,136,3,0.0,0.0,611.09716796875,-116.6805419921875
113.852,136,3,0.0,0.0,611.09716796875,-116.6805419921875
113.852,136,3,0.0,0.0,611.09716796875,-116.6805419921875
113.868,136,3,0.0,0.0,611.09716796875,-116.6805419921875
113.892,136,3,0.0,0.0,611.09716796875,-116.6805419921875
113.892,136,3,0.0,0.0,611.09716796875,-116.6805419921875
113.892,136,3,0.0,0.0,611.09716796875,-116.6805419921875
113.917,136,3,0.0,0.0,611.09716796875,-116.6805419921875
113.93,136,3,0.0,0.0,611.09716796875,-116.6805419921875
113.931,136,3,0.0,0.0,611.09716796875,-116.6805419921875
113.931,136,3,0.0,0.0,611.09716796875,-116.6805419921875
113.969,136,3,0.0,0.0,611.09716796875,-116.6805419921875
114.011,136,3,0.0,0.0,611.09716796875,-116.6805419921875
114.012,136,3,0.0,0.0,611.09716796875,-116.6805419921875
114.014,136,3,0.0,0.0,611.09716796875,-116.6805419921875
114.051,136,3,0.0,0.0,611.09716796875,-116.6805419921875
114.051,136,3,0.0,0.0,611.09716796875,-116.6805419921875
114.052,136,3,0.0,0.0,611.09716796875,-116.6805419921875
114.071,136,3,0.0,0.0,611.09716796875,-116.6805419921875
114.091,136,3,0.0,0.0,611.09716796875,-116.6805419921875
114.091,136,3,0.0,0.0,611.09716796875,-116.6805419921875
114.091,136,3,0.0,0.0,611.09716796875,-116.6805419921875
114.131,136,3,0.0,0.0,611.09716796875,-116.6805419921875
114.131,136,3,0.0,0.0,611.09716796875,-116.6805419921875
114.131,136,3,0.0,0.0,611.09716796875,-116.6805419921875
114.171,136,3,0.0,0.0,611.09716796875,-116.6805419921875
114.212,136,3,0.0,0.0,611.09716796875,-116.6805419921875
114.212,136,3,0.0,0.0,611.09716796875,-116.6805419921875
114.212,136,3,0.0,0.0,611.09716796875,-116.6805419921875
114.251,136,3,0.0,0.0,611.09716796875,-116.6805419921875
114.252,136,3,0.0,0.0,611.09716796875,-116.6805419921875
114.252,136,3,0.0,0.0,611.09716796875,-116.6805419921875
114.269,136,3,0.0,0.0,611.09716796875,-116.6805419921875
114.291,136,3,0.0,0.0,611.09716796875,-116.6805419921875
114.292,136,3,0.0,0.0,611.09716796875,-116.6805419921875
114.292,136,3,0.0,0.0,611.09716796875,-116.6805419921875
114.317,136,3,0.0,0.0,611.09716796875,-116.6805419921875
114.331,136,3,0.0,0.0,611.09716796875,-116.6805419921875
114.331,136,3,0.0,0.0,611.09716796875,-116.6805419921875
114.331,136,3,0.0,0.0,611.09716796875,-116.6805419921875
114.367,136,3,0.0,0.0,611.09716796875,-116.6805419921875
114.411,136,3,0.0,0.0,611.09716796875,-116.6805419921875
114.411,136,3,0.0,0.0,611.09716796875,-116.6805419921875
114.412,136,3,0.0,0.0,611.09716796875,-116.6805419921875
114.451,136,3,0.0,0.0,611.09716796875,-116.6805419921875
114.451,136,3,0.0,0.0,611.09716796875,-116.6805419921875
114.451,136,3,0.0,0.0,611.09716796875,-116.6805419921875
114.491,136,3,0.0,0.0,611.09716796875,-116.6805419921875
114.492,136,3,0.0,0.0,611.09716796875,-116.6805419921875
114.492,136,3,0.0,0.0,611.09716796875,-116.6805419921875
114.518,136,3,0.0,0.0,611.09716796875,-116.6805419921875
114.531,136,3,0.0,0.0,611.09716796875,-116.6805419921875
114.531,136,3,0.0,0.0,611.09716796875,-116.6805419921875
114.531,136,3,0.0,0.0,611.09716796875,-116.6805419921875
114.568,136,3,0.0,0.0,611.09716796875,-116.6805419921875
114.611,136,3,0.0,0.0,611.09716796875,-116.6805419921875
114.611,136,3,0.0,0.0,611.09716796875,-116.6805419921875
114.612,136,3,0.0,0.0,611.09716796875,-116.6805419921875
114.651,136,3,0.0,0.0,611.09716796875,-116.6805419921875
114.651,136,3,0.0,0.0,611.09716796875,-116.6805419921875
114.652,136,3,0.0,0.0,611.09716796875,-116.6805419921875
114.668,136,3,0.0,0.0,611.09716796875,-116.6805419921875
114.692,136,3,0.0,0.0,611.09716796875,-116.6805419921875
114.692,136,3,0.0,0.0,611.09716796875,-116.6805419921875
114.692,136,3,0.0,0.0,611.09716796875,-116.6805419921875
114.717,136,3,0.0,0.0,611.09716796875,-116.6805419921875
114.731,136,3,0.0,0.0,611.09716796875,-116.6805419921875
114.731,136,3,0.0,0.0,611.09716796875,-116.6805419921875
114.731,136,3,0.0,0.0,611.09716796875,-116.6805419921875
114.769,136,3,0.0,0.0,611.09716796875,-116.6805419921875
114.812,136,3,0.0,0.0,611.09716796875,-116.6805419921875
114.812,136,3,0.0,0.0,611.09716796875,-116.6805419921875
114.813,136,3,0.0,0.0,611.09716796875,-116.6805419921875
114.851,136,3,0.0,0.0,611.09716796875,-116.6805419921875
114.852,136,3,0.0,0.0,611.09716796875,-116.6805419921875
114.852,136,3,0.0,0.0,611.09716796875,-116.6805419921875
114.868,136,3,0.0,0.0,611.09716796875,-116.6805419921875
114.89,136,3,0.0,0.0,611.09716796875,-116.6805419921875
114.89,136,3,0.0,0.0,611.09716796875,-116.6805419921875
114.891,136,3,0.0,0.0,611.09716796875,-116.6805419921875
114.917,136,3,0.0,0.0,611.09716796875,-116.6805419921875
114.931,136,3,0.0,0.0,611.09716796875,-116.6805419921875
114.931,136,3,0.0,0.0,611.09716796875,-116.6805419921875
114.932,136,3,0.0,0.0,611.09716796875,-116.6805419921875
114.967,136,3,0.0,0.0,611.09716796875,-116.6805419921875
115.011,136,3,0.0,0.0,611.09716796875,-116.6805419921875
115.012,136,3,0.0,0.0,611.09716796875,-116.6805419921875
115.012,136,3,0.0,0.0,611.09716796875,-116.6805419921875
115.052,136,3,0.0,0.0,611.09716796875,-116.6805419921875
115.052,136,3,0.0,0.0,611.09716796875,-116.6805419921875
115.052,136,3,0.0,0.0,611.09716796875,-116.6805419921875
115.068,136,3,0.0,0.0,611.09716796875,-116.6805419921875
115.091,136,3,0.0,0.0,611.09716796875,-116.6805419921875
115.091,136,3,0.0,0.0,611.09716796875,-116.6805419921875
115.091,136,3,0.0,0.0,611.09716796875,-116.6805419921875
115.117,136,3,0.0,0.0,611.09716796875,-116.6805419921875
115.131,136,3,0.0,0.0,611.09716796875,-116.6805419921875
115.131,136,3,0.0,0.0,611.09716796875,-116.6805419921875
115.132,136,3,0.0,0.0,611.09716796875,-116.6805419921875
115.182,136,3,0.0,0.0,611.09716796875,-116.6805419921875
115.21,136,3,0.0,0.0,611.09716796875,-116.6805419921875
115.211,136,3,0.0,0.0,611.09716796875,-116.6805419921875
115.211,136,3,0.0,0.0,611.09716796875,-116.6805419921875
115.252,136,3,0.0,0.0,611.09716796875,-116.6805419921875
115.252,136,3,0.0,0.0,611.09716796875,-116.6805419921875
115.253,136,3,0.0,0.0,611.09716796875,-116.6805419921875
115.271,136,3,0.0,0.0,611.09716796875,-116.6805419921875
115.292,136,3,0.0,0.0,611.09716796875,-116.6805419921875
115.292,136,3,0.0,0.0,611.09716796875,-116.6805419921875
115.293,136,3,0.0,0.0,611.09716796875,-116.6805419921875
115.331,136,3,0.0,0.0,611.09716796875,-116.6805419921875
115.331,136,3,0.0,0.0,611.09716796875,-116.6805419921875
115.331,136,3,0.0,0.0,611.09716796875,-116.6805419921875
115.37,136,3,0.0,0.0,611.09716796875,-116.6805419921875
115.411,136,3,0.0,0.0,611.09716796875,-116.6805419921875
115.411,136,3,0.0,0.0,611.09716796875,-116.6805419921875
115.412,136,3,0.0,0.0,611.09716796875,-116.6805419921875
115.451,136,3,0.0,0.0,611.09716796875,-116.6805419921875
115.451,136,3,0.0,0.0,611.09716796875,-116.6805419921875
115.451,136,3,0.0,0.0,611.09716796875,-116.6805419921875
115.467,136,3,0.0,0.0,611.09716796875,-116.6805419921875
115.49,136,3,0.0,0.0,611.09716796875,-116.6805419921875
115.491,136,3,0.0,0.0,611.09716796875,-116.6805419921875
115.492,136,3,0.0,0.0,611.09716796875,-116.6805419921875
115.531,136,3,0.0,0.0,611.09716796875,-116.6805419921875
115.531,136,3,0.0,0.0,611.09716796875,-116.6805419921875
115.531,136,3,0.0,0.0,611.09716796875,-116.6805419921875
115.572,136,3,0.0,0.0,611.09716796875,-116.6805419921875
115.611,136,3,0.0,0.0,611.09716796875,-116.6805419921875
115.611,136,3,0.0,0.0,611.09716796875,-116.6805419921875
115.612,136,3,0.0,0.0,611.09716796875,-116.6805419921875
115.652,136,3,0.0,0.0,611.09716796875,-116.6805419921875
115.653,136,3,0.0,0.0,611.09716796875,-116.6805419921875
115.653,136,3,0.0,0.0,611.09716796875,-116.6805419921875
115.691,136,3,0.0,0.0,611.09716796875,-116.6805419921875
115.691,136,3,0.0,0.0,611.09716796875,-116.6805419921875
115.692,136,3,0.0,0.0,611.09716796875,-116.6805419921875
115.718,136,3,0.0,0.0,611.09716796875,-116.6805419921875
115.731,136,3,0.0,0.0,611.09716796875,-116.6805419921875
115.731,136,3,0.0,0.0,611.09716796875,-116.6805419921875
115.731,136,3,0.0,0.0,611.09716796875,-116.6805419921875
115.782,136,3,0.0,0.0,611.09716796875,-116.6805419921875
115.812,136,3,0.0,0.0,611.09716796875,-116.6805419921875
115.812,136,3,0.0,0.0,611.09716796875,-116.6805419921875
115.813,136,3,0.0,0.0,611.09716796875,-116.6805419921875
115.851,136,3,0.0,0.0,611.09716796875,-116.6805419921875
115.851,136,3,0.0,0.0,611.09716796875,-116.6805419921875
115.851,136,3,0.0,0.0,611.09716796875,-116.6805419921875
115.891,136,3,0.0,0.0,611.09716796875,-116.6805419921875
115.892,136,3,0.0,0.0,611.09716796875,-116.6805419921875
115.892,136,3,0.0,0.0,611.09716796875,-116.6805419921875
115.917,136,3,0.0,0.0,611.09716796875,-116.6805419921875
115.931,136,3,0.0,0.0,611.09716796875,-116.6805419921875
115.932,136,3,0.0,0.0,611.09716796875,-116.6805419921875
115.932,136,3,0.0,0.0,611.09716796875,-116.6805419921875
115.967,136,3,0.0,0.0,611.09716796875,-116.6805419921875
116.011,136,3,0.0,0.0,611.09716796875,-116.6805419921875
116.011,136,3,0.0,0.0,611.09716796875,-116.6805419921875
116.011,136,3,0.0,0.0,611.09716796875,-116.6805419921875
116.052,136,3,0.0,0.0,611.09716796875,-116.6805419921875
116.052,136,3,0.0,0.0,611.09716796875,-116.6805419921875
116.053,136,3,0.0,0.0,611.09716796875,-116.6805419921875
116.069,136,3,0.0,0.0,611.09716796875,-116.6805419921875
116.092,136,3,0.0,0.0,611.09716796875,-116.6805419921875
116.092,136,3,0.0,0.0,611.09716796875,-116.6805419921875
116.092,136,3,0.0,0.0,611.09716796875,-116.6805419921875
116.119,136,3,0.0,0.0,611.09716796875,-116.6805419921875
116.131,136,3,0.0,0.0,611.09716796875,-116.6805419921875
116.132,136,3,0.0,0.0,611.09716796875,-116.6805419921875
116.132,136,3,0.0,0.0,611.09716796875,-116.6805419921875
116.166,136,3,0.0,0.0,611.09716796875,-116.6805419921875
116.211,136,3,0.0,0.0,611.09716796875,-116.6805419921875
116.211,136,3,0.0,0.0,611.09716796875,-116.6805419921875
116.212,136,3,0.0,0.0,611.09716796875,-116.6805419921875
116.252,136,3,0.0,0.0,611.09716796875,-116.6805419921875
116.252,136,3,0.0,0.0,611.09716796875,-116.6805419921875
116.252,136,3,0.0,0.0,611.09716796875,-116.6805419921875
116.265,136,3,0.0,0.0,611.09716796875,-116.6805419921875
116.292,136,3,0.0,0.0,611.09716796875,-116.6805419921875
116.292,136,3,0.0,0.0,611.09716796875,-116.6805419921875
116.292,136,3,0.0,0.0,611.09716796875,-116.6805419921875
116.331,136,3,0.0,0.0,611.09716796875,-116.6805419921875
116.332,136,3,0.0,0.0,611.09716796875,-116.6805419921875
116.332,136,3,0.0,0.0,611.09716796875,-116.6805419921875
116.382,136,3,0.0,0.0,611.09716796875,-116.6805419921875
116.411,136,3,0.0,0.0,611.09716796875,-116.6805419921875
116.411,136,3,0.0,0.0,611.09716796875,-116.6805419921875
116.412,136,3,0.0,0.0,611.09716796875,-116.6805419921875
116.452,136,3,0.0,0.0,611.09716796875,-116.6805419921875
116.452,136,3,0.0,0.0,611.09716796875,-116.6805419921875
116.452,136,3,0.0,0.0,611.09716796875,-116.6805419921875
116.491,136,3,0.0,0.0,611.09716796875,-116.6805419921875
116.491,136,3,0.0,0.0,611.09716796875,-116.6805419921875
116.491,136,3,0.0,0.0,611.09716796875,-116.6805419921875
116.531,136,3,0.0,0.0,611.09716796875,-116.6805419921875
116.531,136,3,0.0,0.0,611.09716796875,-116.6805419921875
116.531,136,3,0.0,0.0,611.09716796875,-116.6805419921875
116.569,136,3,0.0,0.0,611.09716796875,-116.6805419921875
116.612,136,3,0.0,0.0,611.09716796875,-116.6805419921875
116.612,136,3,0.0,0.0,611.09716796875,-116.6805419921875
116.612,136,3,0.0,0.0,611.09716796875,-116.6805419921875
116.652,136,3,0.0,0.0,611.09716796875,-116.6805419921875
116.652,136,3,0.0,0.0,611.09716796875,-116.6805419921875
116.653,136,3,0.0,0.0,611.09716796875,-116.6805419921875
116.691,136,3,0.0,0.0,611.09716796875,-116.6805419921875
116.692,136,3,0.0,0.0,611.09716796875,-116.6805419921875
116.692,136,3,0.0,0.0,611.09716796875,-116.6805419921875
116.716,136,3,0.0,0.0,611.09716796875,-116.6805419921875
116.731,136,3,0.0,0.0,611.09716796875,-116.6805419921875
116.731,136,3,0.0,0.0,611.09716796875,-116.6805419921875
116.733,136,3,0.0,0.0,611.09716796875,-116.6805419921875
116.783,136,3,0.0,0.0,611.09716796875,-116.6805419921875
116.811,136,3,0.0,0.0,611.09716796875,-116.6805419921875
116.811,136,3,0.0,0.0,611.09716796875,-116.6805419921875
116.812,136,3,0.0,0.0,611.09716796875,-116.6805419921875
116.851,136,3,0.0,0.0,611.09716796875,-116.6805419921875
116.852,136,3,0.0,0.0,611.09716796875,-116.6805419921875
116.852,136,3,0.0,0.0,611.09716796875,-116.6805419921875
116.868,136,3,0.0,0.0,611.09716796875,-116.6805419921875
116.892,136,3,0.0,0.0,611.09716796875,-116.6805419921875
116.892,136,3,0.0,0.0,611.09716796875,-116.6805419921875
116.892,136,3,0.0,0.0,611.09716796875,-116.6805419921875
116.931,136,3,0.0,0.0,611.09716796875,-116.6805419921875
116.931,136,3,0.0,0.0,611.09716796875,-116.6805419921875
116.932,136,3,0.0,0.0,611.09716796875,-116.6805419921875
116.968,136,3,0.0,0.0,611.09716796875,-116.6805419921875
117.011,136,3,0.0,0.0,611.09716796875,-116.6805419921875
117.011,136,3,0.0,0.0,611.09716796875,-116.6805419921875
117.011,136,3,0.0,0.0,611.09716796875,-116.6805419921875
117.051,136,3,0.0,0.0,611.09716796875,-116.6805419921875
117.051,136,3,0.0,0.0,611.09716796875,-116.6805419921875
117.052,136,3,0.0,0.0,611.09716796875,-116.6805419921875
117.091,136,3,0.0,0.0,611.09716796875,-116.6805419921875
117.091,136,3,0.0,0.0,611.09716796875,-116.6805419921875
117.092,136,3,0.0,0.0,611.09716796875,-116.6805419921875
117.119,136,3,0.0,0.0,611.09716796875,-116.6805419921875
117.131,136,3,0.0,0.0,611.09716796875,-116.6805419921875
117.131,136,3,0.0,0.0,611.09716796875,-116.6805419921875
117.131,136,3,0.0,0.0,611.09716796875,-116.6805419921875
117.182,136,3,0.0,0.0,611.09716796875,-116.6805419921875
117.211,136,3,0.0,0.0,611.09716796875,-116.6805419921875
117.212,136,3,0.0,0.0,611.09716796875,-116.6805419921875
117.212,136,3,0.0,0.0,611.09716796875,-116.6805419921875
117.251,136,3,0.0,0.0,611.09716796875,-116.6805419921875
117.251,136,3,0.0,0.0,611.09716796875,-116.6805419921875
117.252,136,3,0.0,0.0,611.09716796875,-116.6805419921875
117.267,136,3,0.0,0.0,611.09716796875,-116.6805419921875
117.291,136,3,0.0,0.0,611.09716796875,-116.6805419921875
117.291,136,3,0.0,0.0,611.09716796875,-116.6805419921875
117.291,136,3,0.0,0.0,611.09716796875,-116.6805419921875
117.319,136,3,0.0,0.0,611.09716796875,-116.6805419921875
117.331,136,3,0.0,0.0,611.09716796875,-116.6805419921875
117.331,136,3,0.0,0.0,611.09716796875,-116.6805419921875
117.332,136,3,0.0,0.0,611.09716796875,-116.6805419921875
117.367,136,3,0.0,0.0,611.09716796875,-116.6805419921875
117.412,136,3,0.0,0.0,611.09716796875,-116.6805419921875
117.412,136,3,0.0,0.0,611.09716796875,-116.6805419921875
117.412,136,3,0.0,0.0,611.09716796875,-116.6805419921875
117.452,136,3,0.0,0.0,611.09716796875,-116.6805419921875
117.452,136,3,0.0,0.0,611.09716796875,-116.6805419921875
117.452,136,3,0.0,0.0,611.09716796875,-116.6805419921875
117.492,136,3,0.0,0.0,611.09716796875,-116.6805419921875
117.492,136,3,0.0,0.0,611.09716796875,-116.6805419921875
117.492,136,3,0.0,0.0,611.09716796875,-116.6805419921875
117.516,136,3,0.0,0.0,611.09716796875,-116.6805419921875
117.531,136,3,0.0,0.0,611.09716796875,-116.6805419921875
117.531,136,3,0.0,0.0,611.09716796875,-116.6805419921875
117.531,136,3,0.0,0.0,611.09716796875,-116.6805419921875
117.581,136,3,0.0,0.0,611.09716796875,-116.6805419921875
117.611,136,3,0.0,0.0,611.09716796875,-116.6805419921875
117.611,136,3,0.0,0.0,611.09716796875,-116.6805419921875
117.612,136,3,0.0,0.0,611.09716796875,-116.6805419921875
117.652,136,3,0.0,0.0,611.09716796875,-116.6805419921875
117.652,136,3,0.0,0.0,611.09716796875,-116.6805419921875
117.652,136,3,0.0,0.0,611.09716796875,-116.6805419921875
117.672,136,3,0.0,0.0,611.09716796875,-116.6805419921875
117.691,136,3,0.0,0.0,611.09716796875,-116.6805419921875
117.691,136,3,0.0,0.0,611.09716796875,-116.6805419921875
117.692,136,3,0.0,0.0,611.09716796875,-116.6805419921875
117.716,136,3,0.0,0.0,611.09716796875,-116.6805419921875
117.731,136,3,0.0,0.0,611.09716796875,-116.6805419921875
117.731,136,3,0.0,0.0,611.09716796875,-116.6805419921875
117.731,136,3,0.0,0.0,611.09716796875,-116.6805419921875
117.766,136,3,0.0,0.0,611.09716796875,-116.6805419921875
117.811,136,3,0.0,0.0,611.09716796875,-116.6805419921875
117.811,136,3,0.0,0.0,611.09716796875,-116.6805419921875
117.811,136,3,0.0,0.0,611.09716796875,-116.6805419921875
117.852,136,3,0.0,0.0,611.09716796875,-116.6805419921875
117.852,136,3,0.0,0.0,611.09716796875,-116.6805419921875
117.852,136,3,0.0,0.0,611.09716796875,-116.6805419921875
117.891,136,3,0.0,0.0,611.09716796875,-116.6805419921875
117.891,136,3,0.0,0.0,611.09716796875,-116.6805419921875
117.892,136,3,0.0,0.0,611.09716796875,-116.6805419921875
117.931,136,3,0.0,0.0,611.09716796875,-116.6805419921875
117.932,136,3,0.0,0.0,611.09716796875,-116.6805419921875
117.932,136,3,0.0,0.0,611.09716796875,-116.6805419921875
117.968,136,3,0.0,0.0,611.09716796875,-116.6805419921875
118.011,136,3,0.0,0.0,611.09716796875,-116.6805419921875
118.011,136,3,0.0,0.0,611.09716796875,-116.6805419921875
118.011,136,3,0.0,0.0,611.09716796875,-116.6805419921875
118.052,136,3,0.0,0.0,611.09716796875,-116.6805419921875
118.052,136,3,0.0,0.0,611.09716796875,-116.6805419921875
118.052,136,3,0.0,0.0,611.09716796875,-116.6805419921875
118.091,136,3,0.0,0.0,611.09716796875,-116.6805419921875
118.091,136,3,0.0,0.0,611.09716796875,-116.6805419921875
118.092,136,3,0.0,0.0,611.09716796875,-116.6805419921875
118.115,136,3,0.0,0.0,611.09716796875,-116.6805419921875
118.131,136,3,0.0,0.0,611.09716796875,-116.6805419921875
118.131,136,3,0.0,0.0,611.09716796875,-116.6805419921875
118.131,136,3,0.0,0.0,611.09716796875,-116.6805419921875
118.182,136,3,0.0,0.0,611.09716796875,-116.6805419921875
118.212,136,3,0.0,0.0,611.09716796875,-116.6805419921875
118.212,136,3,0.0,0.0,611.09716796875,-116.6805419921875
118.213,136,3,0.0,0.0,611.09716796875,-116.6805419921875
118.252,136,3,0.0,0.0,611.09716796875,-116.6805419921875
118.252,136,3,0.0,0.0,611.09716796875,-116.6805419921875
118.252,136,3,0.0,0.0,611.09716796875,-116.6805419921875
118.291,136,3,0.0,0.0,611.09716796875,-116.6805419921875
118.291,136,3,0.0,0.0,611.09716796875,-116.6805419921875
118.291,136,3,0.0,0.0,611.09716796875,-116.6805419921875
118.331,136,3,0.0,0.0,611.09716796875,-116.6805419921875
118.331,136,3,0.0,0.0,611.09716796875,-116.6805419921875
118.331,136,3,0.0,0.0,611.09716796875,-116.6805419921875
118.381,136,3,0.0,0.0,611.09716796875,-116.6805419921875
118.412,136,3,0.0,0.0,611.09716796875,-116.6805419921875
118.412,136,3,0.0,0.0,611.09716796875,-116.6805419921875
118.413,136,3,0.0,0.0,611.09716796875,-116.6805419921875
118.451,136,3,0.0,0.0,611.09716796875,-116.6805419921875
118.451,136,3,0.0,0.0,611.09716796875,-116.6805419921875
118.451,136,3,0.0,0.0,611.09716796875,-116.6805419921875
118.492,136,3,0.0,0.0,611.09716796875,-116.6805419921875
118.492,136,3,0.0,0.0,611.09716796875,-116.6805419921875
118.492,136,3,0.0,0.0,611.09716796875,-116.6805419921875
118.519,136,3,0.0,0.0,611.09716796875,-116.6805419921875
118.531,136,3,0.0,0.0,611.09716796875,-116.6805419921875
118.532,136,3,0.0,0.0,611.09716796875,-116.6805419921875
118.532,136,3,0.0,0.0,611.09716796875,-116.6805419921875
118.568,136,3,0.0,0.0,611.09716796875,-116.6805419921875
118.611,136,3,0.0,0.0,611.09716796875,-116.6805419921875
118.614,136,3,0.0,0.0,611.09716796875,-116.6805419921875
118.614,136,3,0.0,0.0,611.09716796875,-116.6805419921875
118.652,136,3,0.0,0.0,611.09716796875,-116.6805419921875
118.652,136,3,0.0,0.0,611.09716796875,-116.6805419921875
118.652,136,3,0.0,0.0,611.09716796875,-116.6805419921875
118.667,136,3,0.0,0.0,611.09716796875,-116.6805419921875
118.691,136,3,0.0,0.0,611.09716796875,-116.6805419921875
118.692,136,3,0.0,0.0,611.09716796875,-116.6805419921875
118.692,136,3,0.0,0.0,611.09716796875,-116.6805419921875
118.732,136,3,0.0,0.0,611.09716796875,-116.6805419921875
118.732,136,3,0.0,0.0,611.09716796875,-116.6805419921875
118.732,136,3,0.0,0.0,611.09716796875,-116.6805419921875
118.767,136,3,0.0,0.0,611.09716796875,-116.6805419921875
118.811,136,3,0.0,0.0,611.09716796875,-116.6805419921875
118.811,136,3,0.0,0.0,611.09716796875,-116.6805419921875
118.811,136,3,0.0,0.0,611.09716796875,-116.6805419921875
118.851,136,3,0.0,0.0,611.09716796875,-116.6805419921875
118.852,136,3,0.0,0.0,611.09716796875,-116.6805419921875
118.852,136,3,0.0,0.0,611.09716796875,-116.6805419921875
118.866,136,3,0.0,0.0,611.09716796875,-116.6805419921875
118.891,136,3,0.0,0.0,611.09716796875,-116.6805419921875
118.891,136,3,0.0,0.0,611.09716796875,-116.6805419921875
118.892,136,3,0.0,0.0,611.09716796875,-116.6805419921875
118.931,136,3,0.0,0.0,611.09716796875,-116.6805419921875
118.931,136,3,0.0,0.0,611.09716796875,-116.6805419921875
118.931,136,3,0.0,0.0,611.09716796875,-116.6805419921875
118.967,136,3,0.0,0.0,611.09716796875,-116.6805419921875
119.011,136,3,0.0,0.0,611.09716796875,-116.6805419921875
119.012,136,3,0.0,0.0,611.09716796875,-116.6805419921875
119.012,136,3,0.0,0.0,611.09716796875,-116.6805419921875
119.051,136,3,0.0,0.0,611.09716796875,-116.6805419921875
119.052,136,3,0.0,0.0,611.09716796875,-116.6805419921875
119.052,136,3,0.0,0.0,611.09716796875,-116.6805419921875
119.091,136,3,0.0,0.0,611.09716796875,-116.6805419921875
119.091,136,3,0.0,0.0,611.09716796875,-116.6805419921875
119.091,136,3,0.0,0.0,611.09716796875,-116.6805419921875
119.117,136,3,0.0,0.0,611.09716796875,-116.6805419921875
119.131,136,3,0.0,0.0,611.09716796875,-116.6805419921875
119.131,136,3,0.0,0.0,611.09716796875,-116.6805419921875
119.131,136,3,0.0,0.0,611.09716796875,-116.6805419921875
119.167,136,3,0.0,0.0,611.09716796875,-116.6805419921875
119.211,136,3,0.0,0.0,611.09716796875,-116.6805419921875
119.212,136,3,0.0,0.0,611.09716796875,-116.6805419921875
119.212,136,3,0.0,0.0,611.09716796875,-116.6805419921875
119.252,136,3,0.0,0.0,611.09716796875,-116.6805419921875
119.252,136,3,0.0,0.0,611.09716796875,-116.6805419921875
119.252,136,3,0.0,0.0,611.09716796875,-116.6805419921875
119.268,136,3,0.0,0.0,611.09716796875,-116.6805419921875
119.291,136,3,0.0,0.0,611.09716796875,-116.6805419921875
119.292,136,3,0.0,0.0,611.09716796875,-116.6805419921875
119.292,136,3,0.0,0.0,611.09716796875,-116.6805419921875
119.317,136,3,0.0,0.0,611.09716796875,-116.6805419921875
119.331,136,3,0.0,0.0,611.09716796875,-116.6805419921875
119.331,136,3,0.0,0.0,611.09716796875,-116.6805419921875
119.332,136,3,0.0,0.0,611.09716796875,-116.6805419921875
119.369,136,3,0.0,0.0,611.09716796875,-116.6805419921875
119.411,136,3,0.0,0.0,611.09716796875,-116.6805419921875
119.411,136,3,0.0,0.0,611.09716796875,-116.6805419921875
119.411,136,3,0.0,0.0,611.09716796875,-116.6805419921875
119.451,136,3,0.0,0.0,611.09716796875,-116.6805419921875
119.451,136,3,0.0,0.0,611.09716796875,-116.6805419921875
119.451,136,3,0.0,0.0,611.09716796875,-116.6805419921875
119.491,136,3,0.0,0.0,611.09716796875,-116.6805419921875
119.491,136,3,0.0,0.0,611.09716796875,-116.6805419921875
119.491,136,3,0.0,0.0,611.09716796875,-116.6805419921875
119.517,136,3,0.0,0.0,611.09716796875,-116.6805419921875
119.531,136,3,0.0,0.0,611.09716796875,-116.6805419921875
119.531,136,3,0.0,0.0,611.09716796875,-116.6805419921875
119.531,136,3,0.0,0.0,611.09716796875,-116.6805419921875
119.582,136,3,0.0,0.0,611.09716796875,-116.6805419921875
119.611,136,3,0.0,0.0,611.09716796875,-116.6805419921875
119.611,136,3,0.0,0.0,611.09716796875,-116.6805419921875
119.612,136,3,0.0,0.0,611.09716796875,-116.6805419921875
119.651,136,3,0.0,0.0,611.09716796875,-116.6805419921875
119.651,136,3,0.0,0.0,611.09716796875,-116.6805419921875
119.651,136,3,0.0,0.0,611.09716796875,-116.6805419921875
119.692,136,3,0.0,0.0,611.09716796875,-116.6805419921875
119.692,136,3,0.0,0.0,611.09716796875,-116.6805419921875
119.694,136,3,0.0,0.0,611.09716796875,-116.6805419921875
119.731,136,3,0.0,0.0,611.09716796875,-116.6805419921875
119.731,136,3,0.0,0.0,611.09716796875,-116.6805419921875
119.732,136,3,0.0,0.0,611.09716796875,-116.6805419921875
119.782,136,3,0.0,0.0,611.09716796875,-116.6805419921875
119.811,136,3,0.0,0.0,611.09716796875,-116.6805419921875
119.812,136,3,0.0,0.0,611.09716796875,-116.6805419921875
119.812,136,3,0.0,0.0,611.09716796875,-116.6805419921875
119.851,136,3,0.0,0.0,611.09716796875,-116.6805419921875
119.851,136,3,0.0,0.0,611.09716796875,-116.6805419921875
119.851,136,3,0.0,0.0,611.09716796875,-116.6805419921875
119.893,136,3,0.0,0.0,611.09716796875,-116.6805419921875
119.894,136,3,0.0,0.0,611.09716796875,-116.6805419921875
119.896,136,3,0.0,0.0,611.09716796875,-116.6805419921875
119.918,136,3,0.0,0.0,611.09716796875,-116.6805419921875
119.932,136,3,0.0,0.0,611.09716796875,-116.6805419921875
119.932,136,3,0.0,0.0,611.09716796875,-116.6805419921875
119.932,136,3,0.0,0.0,611.09716796875,-116.6805419921875
119.968,136,3,0.0,0.0,611.09716796875,-116.6805419921875
120.011,136,3,0.0,0.0,611.09716796875,-116.6805419921875
